text,label,lang,volumeValue,volumeDelta,favoriteNumber,favoriteName
now volume down 5,volumeDown,en,,5,,
i need you to show me my favorites,listFavorites,en,,,,
jo,confirm,da,,,,
volume level 45,setVolume,en,45,,,
now i want you to pause,pause,en,,,,
afbryd forbindelsen til gruppen hurtigt,leaveSpeaker,da,,,,
vær så venlig at spille musik med det samme,playDefault,da,,,,
right away continue the music,resume,en,,,,
start favorite nine,playFavoriteByNumber,en,,,9,
sænk lydstyrken med 15,volumeDown,da,,15,,
now begin the music,playDefault,en,,,,
right now go ahead and stop the music,stop,en,,,,
jeg vil have ro,stop,da,,,,
can you please play number 10,playFavoriteByNumber,en,,,10,
vær venlig at afslutte musikken,stop,da,,,,
would you mind to play music,playDefault,en,,,,
venligst sluk for al lyd,mute,da,,,,
ville du ændre lydstyrken til 40,setVolume,da,40,,,
nu gør det ikke,cancel,da,,,,
kunne du venligst spille favorit 2,playFavoriteByNumber,da,,,2,
ikke gør det,cancel,da,,,,
abort the action,cancel,en,,,,
hurtigt vær så venlig at fjerne lydløs,unmute,da,,,,
grupper med soveværelset,joinSpeaker,da,,,,
nu har du følelser,unknown,da,,,,
i want you to put on P1,playNamed,en,,,,P1
turn it up by fifteen right now,volumeUp,en,,15,,
now cut the audio,mute,en,,,,
bring back the sound real quick,unmute,en,,,,
kunne du slå lyden fra,mute,da,,,,
vil du pause,pause,da,,,,
stop sangen,stop,da,,,,
i'd like you to put on The Voice,playNamed,en,,,,Voice
i'd like you to play with the patio,joinSpeaker,en,,,,
could you kindly mute,mute,en,,,,
sound off right away,mute,en,,,,
right now kick off some music,playDefault,en,,,,
kan du venligst skrue ned,volumeDown,da,,,,
give me the jazz,playNamed,en,,,,jazz
venligst næ,cancel,da,,,,
med det samme hvilke favoritter er gemt,listFavorites,da,,,,
now i want you to mute,mute,en,,,,
kunne du tilslutte kælderen,joinSpeaker,da,,,,
adskil denne højttaler nu,leaveSpeaker,da,,,,
stop that right away,cancel,en,,,,
nej,cancel,da,,,,
bare sæt nummeret på pause,pause,da,,,,
read out my favorites,listFavorites,en,,,,
syng en sang hurtigt,unknown,da,,,,
would you play favorite five,playFavoriteByNumber,en,,,5,
fjern gruppering,leaveSpeaker,da,,,,
schedule a meeting for tomorrow now,unknown,en,,,,
ville du dæmpe lyden,mute,da,,,,
venligst sænk lydstyrken,volumeDown,da,,,,
synkroniser til spisestuen,joinSpeaker,da,,,,
bare lidt mere stille,volumeDown,da,,,,
can you please read out my favorites,listFavorites,en,,,,
vær så venlig at forlade gruppen nu,leaveSpeaker,da,,,,
vær venlig at ændre lydstyrken til firs,setVolume,da,80,,,
play favourite nine,playFavoriteByNumber,en,,,9,
kill the audio right away,mute,en,,,,
could you kindly play NPR,playNamed,en,,,,NPR
remove this from the group now,leaveSpeaker,en,,,,
jeg har skiftet mening med det samme,cancel,da,,,,
kan du venligst spille The Beatles,playNamed,da,,,,
må jeg bede dig om at spille Kendrick Lamar,playNamed,da,,,,
now play only here,leaveSpeaker,en,,,,
bare hæv lydstyrken med 25,volumeUp,da,,25,,
i need you to group with the hallway,joinSpeaker,en,,,,
spil P5 for mig,playNamed,da,,,,P5 for mig
hurtigt sluk for al lyd,mute,da,,,,
i'd like you to put on P2,playNamed,en,,,,P2
kindly bring back the sound,unmute,en,,,,
jeg vil gerne have at du stoppe musikken,stop,da,,,,
stil et quizspørgsmål med det samme,unknown,da,,,,
hurtigt sænk lydstyrken med 25,volumeDown,da,,25,,
just i want sound,unmute,en,,,,
må jeg bede dig om at sætte hip hop på,playNamed,da,,,,
annuller,cancel,da,,,,
hvad er hovedstaden i frankrig hurtigt,unknown,da,,,,
kindly turn off the music,stop,en,,,,
connect with the basement,joinSpeaker,en,,,,
put something on right now,playDefault,en,,,,
lad være,cancel,da,,,,
go quiet,mute,en,,,,
kunne du venligst sætte BBC Radio 4 på,playNamed,da,,,,
can you please resume the music,resume,en,,,,
luk for musikken hurtigt,mute,da,,,,
go ahead and turn it down right away,volumeDown,en,,,,
play This American Life for me,playNamed,en,,,,This American Life
stop already real quick,stop,en,,,,
lydstyrken på fyrre,setVolume,da,40,,,
list mine presets nu,listFavorites,da,,,,
fire up the P3,playNamed,en,,,,P3
drop the audio real quick,mute,en,,,,
vil du ændre lydstyrken til tredive,setVolume,da,30,,,
quickly lower the volume by 25,volumeDown,en,,25,,
nu fjern pause,resume,da,,,,
right now i want to listen to music,playDefault,en,,,,
silence the music real quick,mute,en,,,,
louder by 15 now,volumeUp,en,,15,,
i want it off,stop,en,,,,
just remove this speaker,leaveSpeaker,en,,,,
kan du forbinde med entréen,joinSpeaker,da,,,,
real quick that is correct,confirm,en,,,,
i'd like you to change the volume to 10,setVolume,en,10,,,
i want you to resume real quick,resume,en,,,,
put on some tunes right away,playDefault,en,,,,
would you make it louder,volumeUp,en,,,,
right away pause,pause,en,,,,
jo med det samme,confirm,da,,,,
would you mind to bring back the sound,unmute,en,,,,
hold on now,pause,en,,,,
vil du venligst afspille klassisk,playNamed,da,,,,
vær så venlig at adskille højttaleren,leaveSpeaker,da,,,,
hurtigt tavs,mute,da,,,,
giv mig en pause med det samme,pause,da,,,,
venligst vær så venlig at fortsætte musikken,resume,da,,,,
spil BBC Radio 4 for mig,playNamed,da,,,,BBC Radio 4 for mig
i need you to set volume to 25,setVolume,en,25,,,
silence it,mute,en,,,,
bare nul lyd,mute,da,,,,
could you join the upstairs speaker,joinSpeaker,en,,,,
right away i want music,playDefault,en,,,,
would you mind to join the living room,joinSpeaker,en,,,,
play together with the upstairs speaker,joinSpeaker,en,,,,
right away okay,confirm,en,,,,
now pause playback,pause,en,,,,
please silence it,mute,en,,,,
would you please put the volume at seventy-five,setVolume,en,75,,,
pair with the bathroom,joinSpeaker,en,,,,
do not now,cancel,en,,,,
favorit nummer to,playFavoriteByNumber,da,,,2,
abort it real quick,cancel,en,,,,
skru ned med 15,volumeDown,da,,15,,
stop the music,stop,en,,,,
bare pause afspilningen,pause,da,,,,
vær venlig at sætte hip hop på,playNamed,da,,,,
i need you to disconnect real quick,leaveSpeaker,en,,,,
could you please resume,resume,en,,,,
right now turn it down by 10,volumeDown,en,,10,,
ville du spille MØ,playNamed,da,,,,
vil du venligst spille favorit ti,playFavoriteByNumber,da,,,10,
fire up Coldplay,playNamed,en,,,,Coldplay
now louder by 25,volumeUp,en,,25,,
venligst fortryd,cancel,da,,,,
match the office,joinSpeaker,en,,,,
i'd like you to play favorite 5,playFavoriteByNumber,en,,,5,
jeg vil bede dig om at genoptage,resume,da,,,,
real quick go ahead and make it quieter,volumeDown,en,,,,
can you put on pop,playNamed,en,,,,pop
silence the speaker,mute,en,,,,
pause the audio right away,pause,en,,,,
quieter by ten,volumeDown,en,,10,,
turn on the sound real quick,unmute,en,,,,
volume up five right away,volumeUp,en,,5,,
vil du forbinde med ovenpå,joinSpeaker,da,,,,
ville du liste mine favoritter,listFavorites,da,,,,
i would like you to kill the sound,mute,en,,,,
i'd like some music real quick,playDefault,en,,,,
right away leave the others,leaveSpeaker,en,,,,
could you kindly hold the music,pause,en,,,,
ville du venligst dæmpe lyden,mute,da,,,,
quickly volume down twenty,volumeDown,en,,20,,
play with the basement,joinSpeaker,en,,,,
glem alt om det nu,cancel,da,,,,
could you kindly play Genstart,playNamed,en,,,,Genstart
må jeg bede dig om at skrue ned,volumeDown,da,,,,
lyder fint,confirm,da,,,,
just be quiet,mute,en,,,,
find en kaffebar nu,unknown,da,,,,
adskil,leaveSpeaker,da,,,,
would you mind to turn the sound back on,unmute,en,,,,
would you mind to put the volume at 0,setVolume,en,0,,,
quieter by ten right now,volumeDown,en,,10,,
unpair this speaker,leaveSpeaker,en,,,,
would you unmute,unmute,en,,,,
skift lydstyrken til halvfjerds,setVolume,da,70,,,
real quick i'd like you to disconnect,leaveSpeaker,en,,,,
sæt på pause hurtigt,pause,da,,,,
ville du starte musikken,playDefault,da,,,,
kunne du afslutte musikken,stop,da,,,,
do you have feelings,unknown,en,,,,
jeg vil gerne have at du afspille The Voice,playNamed,da,,,,
afspil jazz tak,playNamed,da,,,,jazz
exactly now,confirm,en,,,,
hurtigt skru ned 25,volumeDown,da,,25,,
unpause,resume,en,,,,
i'd like you to stop the music,stop,en,,,,
right away lift mute,unmute,en,,,,
i'd like you to play number four,playFavoriteByNumber,en,,,4,
could you kindly continue,resume,en,,,,
go ahead and resume the music,resume,en,,,,
kan du stoppe,stop,da,,,,
højere med 15 med det samme,volumeUp,da,,15,,
skip it,cancel,en,,,,
abort right away,cancel,en,,,,
fortæl en vittighed,unknown,da,,,,
do that now,confirm,en,,,,
kør bare på hurtigt,confirm,da,,,,
put on Bob Dylan,playNamed,en,,,,Bob Dylan
i would like you to set volume to 100,setVolume,en,100,,,
now fine by me,confirm,en,,,,
stop musikken,stop,da,,,,
follow the kitchen,joinSpeaker,en,,,,
i would like you to ungroup real quick,leaveSpeaker,en,,,,
sæt favorit 5 på,playFavoriteByNumber,da,,,5,
kindly put on MØ,playNamed,en,,,,MØ
just play my music,playDefault,en,,,,
could you kindly play favorite four,playFavoriteByNumber,en,,,4,
start playing again right away,resume,en,,,,
nu skru op 25,volumeUp,da,,25,,
right now what's my home temperature,unknown,en,,,,
i would like you to hold the music,pause,en,,,,
vær så venlig at spille Genstart,playNamed,da,,,,
vær venlig at spille favorit 10,playFavoriteByNumber,da,,,10,
go ahead and bring back the sound,unmute,en,,,,
hæv lydstyrken med tyve,volumeUp,da,,20,,
spil samtidig med badeværelset,joinSpeaker,da,,,,
i need you to resume right away,resume,en,,,,
spil min favorit seks,playFavoriteByNumber,da,,,6,
bring the sound back now,unmute,en,,,,
nu hvem har lavet dig,unknown,da,,,,
vær venlig at spille klassisk,playNamed,da,,,,
venligst lyd på,unmute,da,,,,
right away begin playing,playDefault,en,,,,
ville du venligst pause,pause,da,,,,
can you please change the volume to 80,setVolume,en,80,,,
quieter by fifteen right away,volumeDown,en,,15,,
right away play just here,leaveSpeaker,en,,,,
go ahead and play number five,playFavoriteByNumber,en,,,5,
vær venlig at spille Lukas Graham,playNamed,da,,,,
må jeg bede dig om at afspille study music,playNamed,da,,,,
lidt lavere med det samme,volumeDown,da,,,,
i'd like you to group with the hallway,joinSpeaker,en,,,,
afslut afspilningen,stop,da,,,,
scratch that,cancel,en,,,,
nu adskil fra gruppen,leaveSpeaker,da,,,,
sig noget sjovt,unknown,da,,,,
real quick volume up 10,volumeUp,en,,10,,
go ahead and play something real quick,playDefault,en,,,,
go ahead and mute the speaker right away,mute,en,,,,
vis hele listen,listFavorites,da,,,,
kan du genoptage,resume,da,,,,
spil favorit nummer fem,playFavoriteByNumber,da,,,5,
could you please change the volume to sixty,setVolume,en,60,,,
vær venlig at vise mine favoritter,listFavorites,da,,,,
pick a random number real quick,unknown,en,,,,
vær så venlig at sætte på pause,pause,da,,,,
vil du fortsætte musikken,resume,da,,,,
stop the song,stop,en,,,,
i would like you to set volume to 50,setVolume,en,50,,,
gå solo nu,leaveSpeaker,da,,,,
skru ned med 10 hurtigt,volumeDown,da,,10,,
pick up where you left off right now,resume,en,,,,
i want you to unmute now,unmute,en,,,,
i would like you to stop the music,stop,en,,,,
go ahead and play favorite ten,playFavoriteByNumber,en,,,10,
må jeg bede dig om at ophæve dæmpningen,unmute,da,,,,
i'd like you to set volume to 40,setVolume,en,40,,,
ville du spille noget,playDefault,da,,,,
jeg vil gerne have at du spille P4,playNamed,da,,,,
i would like you to play favorite six,playFavoriteByNumber,en,,,6,
spil med soveværelset,joinSpeaker,da,,,,
må jeg bede dig om at spille videre,resume,da,,,,
nu hvad er tolv gange otte,unknown,da,,,,
tilbage til afspilningen med det samme,resume,da,,,,
play some tunes real quick,playDefault,en,,,,
volume down twenty-five,volumeDown,en,,25,,
hold the music,pause,en,,,,
vil du slukke for lyden,mute,da,,,,
put on a song,playDefault,en,,,,
would you please put on a song,playDefault,en,,,,
continue the music right away,resume,en,,,,
play favorite five,playFavoriteByNumber,en,,,5,
lige frakobl gruppen,leaveSpeaker,da,,,,
nu skru op med femten,volumeUp,da,,15,,
make it quieter,volumeDown,en,,,,
list my favorites now,listFavorites,en,,,,
nu læs min seneste email op,unknown,da,,,,
ja det er fint,confirm,da,,,,
right away put on some tunes,playDefault,en,,,,
kunne du indstille lydstyrken til hundrede,setVolume,da,100,,,
hvornår står solen op,unknown,da,,,,
med det samme jeg vil have stilhed,mute,da,,,,
cancel,cancel,en,,,,
venligst lydløs,mute,da,,,,
show me my favorites real quick,listFavorites,en,,,,
right now lower the volume by 25,volumeDown,en,,25,,
would you please set volume to seventy,setVolume,en,70,,,
bare skru op med femten,volumeUp,da,,15,,
lige glem den ting,cancel,da,,,,
hold pause hurtigt,pause,da,,,,
venligst vær så venlig at stoppe,stop,da,,,,
stop deling nu,leaveSpeaker,da,,,,
could you kindly set volume to one hundred,setVolume,en,100,,,
i would like you to play number 7,playFavoriteByNumber,en,,,7,
can you please put on The Beatles,playNamed,en,,,,Beatles
stop gruppering med det samme,leaveSpeaker,da,,,,
skru ned for musikken med det samme,volumeDown,da,,,,
i would like you to play workout mix,playNamed,en,,,,workout mix
kan du gruppere med badeværelset,joinSpeaker,da,,,,
i want you to pause now,pause,en,,,,
vær venlig at afspille favorit nummer fem,playFavoriteByNumber,da,,,5,
med det samme bekræft,confirm,da,,,,
just mute this,mute,en,,,,
vær så venlig at pause afspilningen hurtigt,pause,da,,,,
roll a dice right away,unknown,en,,,,
can you join the basement,joinSpeaker,en,,,,
absolutely yes right now,confirm,en,,,,
join with the kitchen,joinSpeaker,en,,,,
give me the Miles Davis,playNamed,en,,,,Miles Davis
real quick that's right,confirm,en,,,,
ville du vise mine favoritter,listFavorites,da,,,,
can you play number eight,playFavoriteByNumber,en,,,8,
please play with the office,joinSpeaker,en,,,,
kunne du venligst spille favorit to,playFavoriteByNumber,da,,,2,
ville du slukke for musikken,stop,da,,,,
kindly play favorite one,playFavoriteByNumber,en,,,1,
må jeg bede dig om at liste mine favoritter,listFavorites,da,,,,
now i need you to stop playing,stop,en,,,,
jeg vil gerne have at du spille favorit ni,playFavoriteByNumber,da,,,9,
give me the P8 Jazz,playNamed,en,,,,P8 Jazz
i would like you to resume the music,resume,en,,,,
vær så venlig at afspille Coldplay,playNamed,da,,,,
i'd like you to stop real quick,stop,en,,,,
fire up some music,playDefault,en,,,,
højere med 5,volumeUp,da,,5,,
tavs hurtigt,mute,da,,,,
can you please stop the music,stop,en,,,,
no that's wrong now,cancel,en,,,,
kindly start playing,playDefault,en,,,,
med det samme spil mere,resume,da,,,,
just pause the song,pause,en,,,,
can you change the volume to seventy,setVolume,en,70,,,
volume down 25,volumeDown,en,,25,,
hurtigt hvem vandt i går,unknown,da,,,,
quickly resume from where it stopped,resume,en,,,,
quickly more sound,volumeUp,en,,,,
just i need you to start playing,playDefault,en,,,,
bare hæv lydstyrken med femten,volumeUp,da,,15,,
jeg vil gerne have at du fjerne dæmpningen,unmute,da,,,,
sluk for det hurtigt,stop,da,,,,
jeg vil bede dig om at sætte Pink Floyd på,playNamed,da,,,,
med det samme vær så venlig at holde pause,pause,da,,,,
ophæv pause hurtigt,resume,da,,,,
stands sangen,stop,da,,,,
med det samme højere med 5,volumeUp,da,,5,,
med det samme skru op med 15,volumeUp,da,,15,,
lad os pause nu,pause,da,,,,
just bump the volume,volumeUp,en,,,,
resume the track right away,resume,en,,,,
ville du tilslutte spisestuen,joinSpeaker,da,,,,
vær venlig at frakoble,leaveSpeaker,da,,,,
could you please change the volume to twenty-five,setVolume,en,25,,,
unmute right away,unmute,en,,,,
enig med det samme,confirm,da,,,,
vær så venlig at afspille favorit nummer 3,playFavoriteByNumber,da,,,3,
kan du venligst starte musikken,playDefault,da,,,,
lydstyrken på 5,setVolume,da,5,,,
nu jo,confirm,da,,,,
venligst skru op med fem,volumeUp,da,,5,,
good morning now,unknown,en,,,,
start playback right away,playDefault,en,,,,
split off right now,leaveSpeaker,en,,,,
skru ned 20,volumeDown,da,,20,,
jeg vil bede dig om at sætte Taylor Swift på,playNamed,da,,,,
i want you to play favorite 6,playFavoriteByNumber,en,,,6,
could you ungroup,leaveSpeaker,en,,,,
nu skru ned 20,volumeDown,da,,20,,
go ahead and disconnect,leaveSpeaker,en,,,,
could you kindly join the living room,joinSpeaker,en,,,,
kindly join the hallway,joinSpeaker,en,,,,
tag tråden op igen,resume,da,,,,
i want you to keep playing,resume,en,,,,
yeah,confirm,en,,,,
please group with the bedroom,joinSpeaker,en,,,,
would you please play number 6,playFavoriteByNumber,en,,,6,
ville du venligst spille favorit seks,playFavoriteByNumber,da,,,6,
lower real quick,volumeDown,en,,,,
vis listen,listFavorites,da,,,,
med det samme vent her,pause,da,,,,
venligst gør det lidt højere,volumeUp,da,,,,
quickly mute everything,mute,en,,,,
netop,confirm,da,,,,
hurtigt læs overskrifterne op,unknown,da,,,,
ville du afspille ambient music,playNamed,da,,,,
ville du venligst spille musik,playDefault,da,,,,
jeg vil bede dig om at indstille lydstyrken til fyrre,setVolume,da,40,,,
quickly go ahead and make it louder,volumeUp,en,,,,
right now explain quantum physics,unknown,en,,,,
could you please set volume to forty,setVolume,en,40,,,
vil du venligst sætte på lydløs,mute,da,,,,
quickly any new messages,unknown,en,,,,
må jeg bede dig om at sætte på pause,pause,da,,,,
spil bare her,leaveSpeaker,da,,,,
i need you to put on NPR,playNamed,en,,,,NPR
gør det bare,confirm,da,,,,
ville du venligst pause musikken,pause,da,,,,
fire up Pop FM,playNamed,en,,,,Pop FM
vil du stoppe,stop,da,,,,
vil du sætte lydstyrken til 80,setVolume,da,80,,,
spil nummer 9,playFavoriteByNumber,da,,,9,
kan du ophæve pausen,resume,da,,,,
silence the music,mute,en,,,,
i want you to change the volume to twenty-five,setVolume,en,25,,,
start music,playDefault,en,,,,
go ahead and make it quieter right now,volumeDown,en,,,,
quickly that is right,confirm,en,,,,
jeg vil pause hurtigt,pause,da,,,,
right away tell me my favourites,listFavorites,en,,,,
spil mine sange med det samme,playDefault,da,,,,
now proceed,confirm,en,,,,
please ungroup,leaveSpeaker,en,,,,
now confirmed,confirm,en,,,,
lige ophæv pause,resume,da,,,,
gør det nu,confirm,da,,,,
i want you to join the garden,joinSpeaker,en,,,,
med det samme spil hvad som helst,playDefault,da,,,,
med det samme vis mig et kort over paris,unknown,da,,,,
can you please separate this speaker,leaveSpeaker,en,,,,
tilbage til musikken,resume,da,,,,
on second thought no right now,cancel,en,,,,
ville du venligst sætte morgenmusik på,playNamed,da,,,,
who are you,unknown,en,,,,
kunne du ophæve grupperingen,leaveSpeaker,da,,,,
which favorites are saved right away,listFavorites,en,,,,
i would like you to group with the living room,joinSpeaker,en,,,,
connect with the hallway,joinSpeaker,en,,,,
kunne du venligst spille BBC Radio 4,playNamed,da,,,,
disconnect from the others,leaveSpeaker,en,,,,
would you please put the volume at forty,setVolume,en,40,,,
can you please group with the kitchen,joinSpeaker,en,,,,
vær så venlig at pause hurtigt,pause,da,,,,
bestemt med det samme,confirm,da,,,,
i changed my mind,cancel,en,,,,
would you mind to put on Mads og Monopolet,playNamed,en,,,,Mads og Monopolet
i would like you to group with the bathroom,joinSpeaker,en,,,,
vær venlig at afspille jazz,playNamed,da,,,,
would you play favorite 3,playFavoriteByNumber,en,,,3,
tag pausen af hurtigt,resume,da,,,,
må jeg bede dig om at afspille Adele,playNamed,da,,,,
med det samme giv mig en pause,pause,da,,,,
hold the audio,pause,en,,,,
ophæv lydløs nu,unmute,da,,,,
quickly go ahead and carry on,resume,en,,,,
hurtigt fortæl en historie,unknown,da,,,,
quickly go on,resume,en,,,,
right now set the thermostat to seventy,unknown,en,,,,
bare luk for lyden,mute,da,,,,
stop med det samme,stop,da,,,,
hurtigt i orden ja,confirm,da,,,,
would you please read out my favorites,listFavorites,en,,,,
ville du ændre lydstyrken til halvfjerds,setVolume,da,70,,,
i want you to set volume to 0,setVolume,en,0,,,
venligst vis vej til lufthavnen,unknown,da,,,,
nu ophæv lydløs,unmute,da,,,,
hurtigt fjern denne højttaler fra gruppen,leaveSpeaker,da,,,,
vær så venlig at sætte lydstyrken til femogtyve,setVolume,da,25,,,
kan du ophæve dæmpningen,unmute,da,,,,
turn the volume down right now,volumeDown,en,,,,
nul lyd,mute,da,,,,
vil du sætte musik på,playDefault,da,,,,
could you kindly put on Volbeat,playNamed,en,,,,Volbeat
hvad er to plus to hurtigt,unknown,da,,,,
real quick i need you to disconnect,leaveSpeaker,en,,,,
go ahead and group with the dining room,joinSpeaker,en,,,,
kan du venligst indstille lydstyrken til 20,setVolume,da,20,,,
match the hallway,joinSpeaker,en,,,,
vil du venligst afspille favorit nummer seks,playFavoriteByNumber,da,,,6,
stop midlertidigt,pause,da,,,,
jeg vil gerne have at du afslutte musikken,stop,da,,,,
synkroniser med soveværelset,joinSpeaker,da,,,,
vær venlig at ændre lydstyrken til 70,setVolume,da,70,,,
yeah do it,confirm,en,,,,
ophæv gruppen med det samme,leaveSpeaker,da,,,,
nu skru ned med femogtyve,volumeDown,da,,25,,
right away cut audio,mute,en,,,,
bare lad os ikke,cancel,da,,,,
venligst lyder fint,confirm,da,,,,
just play more,resume,en,,,,
kindly hold the music,pause,en,,,,
kindly play favorite 9,playFavoriteByNumber,en,,,9,
that is correct now,confirm,en,,,,
kunne du venligst afspille favorit nummer ti,playFavoriteByNumber,da,,,10,
fortsæt sangen med det samme,resume,da,,,,
quickly exit silent mode,unmute,en,,,,
med det samme fjern mute,unmute,da,,,,
just turn it up,volumeUp,en,,,,
put the volume at 20,setVolume,en,20,,,
vær så venlig at spille favorit 1,playFavoriteByNumber,da,,,1,
kunne du dæmpe lyden,mute,da,,,,
kan du afspille P3,playNamed,da,,,,
hold op hurtigt,stop,da,,,,
ophæv grupperingen med det samme,leaveSpeaker,da,,,,
fire up the P7,playNamed,en,,,,P7
kan du venligst slukke for musikken,stop,da,,,,
i would like you to bring back the sound,unmute,en,,,,
right away i would like you to continue,resume,en,,,,
vis favoritter,listFavorites,da,,,,
ville du venligst slå lyden fra,mute,da,,,,
kindly play favorite four,playFavoriteByNumber,en,,,4,
nu kør noget musik,playDefault,da,,,,
play whatever was on,playDefault,en,,,,
start favorite 6,playFavoriteByNumber,en,,,6,
kan du venligst fortsætte,resume,da,,,,
bare giv mig lyden igen,unmute,da,,,,
sæt lydstyrken til 20,setVolume,da,20,,,
tænd lyden igen,unmute,da,,,,
vil du afspille favorit nummer 10,playFavoriteByNumber,da,,,10,
play the usual,playDefault,en,,,,
lower the volume by 25 right now,volumeDown,en,,25,,
right away pause for a moment,pause,en,,,,
i would like you to unpause right away,resume,en,,,,
skru op 10 nu,volumeUp,da,,10,,
forget about it right now,cancel,en,,,,
just go ahead and continue,resume,en,,,,
må jeg bede dig om at afspille favorit nummer 1,playFavoriteByNumber,da,,,1,
med det samme afkobl,leaveSpeaker,da,,,,
vil du venligst indstille lydstyrken til halvfjerds,setVolume,da,70,,,
spil favorit nummer ni,playFavoriteByNumber,da,,,9,
kan du venligst afspille Genstart,playNamed,da,,,,
ville du venligst ændre lydstyrken til 75,setVolume,da,75,,,
med det samme spil skak,unknown,da,,,,
hurtigt genoptag nummeret,resume,da,,,,
vent lidt med det samme,pause,da,,,,
shut off the music right away,stop,en,,,,
hurtigt hæv lydstyrken med 30,volumeUp,da,,30,,
venligst fint ja,confirm,da,,,,
kan du indstille lydstyrken til ti,setVolume,da,10,,,
just stop the song,stop,en,,,,
sync with the garden,joinSpeaker,en,,,,
favourite 1,playFavoriteByNumber,en,,,1,
put on the morning playlist,playNamed,en,,,,morning playlist
no more music,stop,en,,,,
lige hvad er datoen i dag,unknown,da,,,,
hurtigt min favoritliste,listFavorites,da,,,,
quickly unsync,leaveSpeaker,en,,,,
real quick go quiet,mute,en,,,,
play in the living room too,joinSpeaker,en,,,,
quickly alright then,confirm,en,,,,
just volume down thirty,volumeDown,en,,30,,
i need you to play something right away,playDefault,en,,,,
med det samme giv mig noget musik,playDefault,da,,,,
sæt lydstyrken til 75,setVolume,da,75,,,
ville du venligst sætte MØ på,playNamed,da,,,,
right away what's saved as a favorite,listFavorites,en,,,,
må jeg bede dig om at sætte Coldplay på,playNamed,da,,,,
fortsæt musikken med det samme,resume,da,,,,
start igen,resume,da,,,,
can you please put on MØ,playNamed,en,,,,MØ
nu nej det vil jeg ikke,cancel,da,,,,
fjern gruppering nu,leaveSpeaker,da,,,,
med det samme okay tak,confirm,da,,,,
real quick quieter by 5,volumeDown,en,,5,,
play here and in the bathroom,joinSpeaker,en,,,,
right now what favourites do i have,listFavorites,en,,,,
jeg vil gerne have at du dæmpe lyden,mute,da,,,,
kunne du fortælle mig mine favoritter,listFavorites,da,,,,
unpause the music,resume,en,,,,
quickly lower it,volumeDown,en,,,,
stop helt hurtigt,stop,da,,,,
lige lad os pause,pause,da,,,,
lige annuller,cancel,da,,,,
i need you to play electronic,playNamed,en,,,,electronic
favorit to,playFavoriteByNumber,da,,,2,
could you play number 9,playFavoriteByNumber,en,,,9,
right away play by yourself,leaveSpeaker,en,,,,
vær venlig at sætte på pause,pause,da,,,,
i want you to play favorite 4,playFavoriteByNumber,en,,,4,
list favoritterne nu,listFavorites,da,,,,
skift lydstyrken til 65,setVolume,da,65,,,
right away good night,unknown,en,,,,
bare start lidt musik,playDefault,da,,,,
unmute the speaker real quick,unmute,en,,,,
kan du venligst slukke for lyden,mute,da,,,,
ville du fjerne dæmpningen,unmute,da,,,,
now make the music stop,stop,en,,,,
jeg vil gerne have at du stoppe,stop,da,,,,
could you please play number 10,playFavoriteByNumber,en,,,10,
jeg vil gerne have at du fortsætte musikken,resume,da,,,,
right now restore sound,unmute,en,,,,
kunne du afspille favorit nummer 2,playFavoriteByNumber,da,,,2,
real quick i would like you to ungroup,leaveSpeaker,en,,,,
kan du skrue op for lyden,volumeUp,da,,,,
can you play with the bedroom,joinSpeaker,en,,,,
i'd like you to mute right away,mute,en,,,,
now bring the sound back,unmute,en,,,,
would you please set volume to 20,setVolume,en,20,,,
play the The Beatles,playNamed,en,,,,The Beatles
kindly change the volume to five,setVolume,en,5,,,
don't do it,cancel,en,,,,
can you please leave the group,leaveSpeaker,en,,,,
never mind,cancel,en,,,,
list the favorites,listFavorites,en,,,,
lige tag højttaleren ud af gruppen,leaveSpeaker,da,,,,
good morning,unknown,en,,,,
could you unpause,resume,en,,,,
just ok,confirm,en,,,,
venligst lad være med det,cancel,da,,,,
bare lavere med femten,volumeDown,da,,15,,
quickly drop the audio,mute,en,,,,
back out right away,cancel,en,,,,
hvad er temperaturen udenfor,unknown,da,,,,
godnat,unknown,da,,,,
pause right away,pause,en,,,,
quieter by twenty-five now,volumeDown,en,,25,,
no thanks,cancel,en,,,,
can you increase the volume,volumeUp,en,,,,
list favoritter med det samme,listFavorites,da,,,,
venligst forklar kvantefysik,unknown,da,,,,
right now quieter by fifteen,volumeDown,en,,15,,
fjern pause nu,resume,da,,,,
kindly put on Pop FM,playNamed,en,,,,Pop FM
jeg vil bede dig om at sætte Mew på,playNamed,da,,,,
bare gør det ikke,cancel,da,,,,
increase volume right away,volumeUp,en,,,,
quickly volume up 10,volumeUp,en,,10,,
kan du venligst afspille favorit nummer 8,playFavoriteByNumber,da,,,8,
jeg vil høre noget igen med det samme,unmute,da,,,,
bare hæv lydstyrken med tyve,volumeUp,da,,20,,
decrease volume by 20 right away,volumeDown,en,,20,,
vil du venligst skrue op,volumeUp,da,,,,
i'd like you to list my favorites,listFavorites,en,,,,
now do not,cancel,en,,,,
skift til lydstyrke 90,setVolume,da,90,,,
jeg vil have ro hurtigt,stop,da,,,,
venligst afslut sangen,stop,da,,,,
i want silence right now,stop,en,,,,
could you please change the volume to seventy-five,setVolume,en,75,,,
lige afbryd forbindelsen,leaveSpeaker,da,,,,
vil du starte musikken,playDefault,da,,,,
kunne du venligst spille med haven,joinSpeaker,da,,,,
lad os ikke nu,cancel,da,,,,
i want you to start playing,playDefault,en,,,,
hurtigt vent nej,cancel,da,,,,
can you stop,stop,en,,,,
play my favorite 7,playFavoriteByNumber,en,,,7,
turn it down by twenty real quick,volumeDown,en,,20,,
increase volume by 5,volumeUp,en,,5,,
kunne du venligst forbinde med køkkenet,joinSpeaker,da,,,,
kan du spille noget,playDefault,da,,,,
would you mind to restore the sound,unmute,en,,,,
spil for dig selv hurtigt,leaveSpeaker,da,,,,
jeg vil bede dig om at spille musik,playDefault,da,,,,
real quick mute,mute,en,,,,
vær så venlig at holde pause,pause,da,,,,
kan du spille musik,playDefault,da,,,,
right away i'd like you to silence it,mute,en,,,,
ingen lyd hurtigt,mute,da,,,,
what does bonjour mean,unknown,en,,,,
real quick abort it,cancel,en,,,,
what presets do i have,listFavorites,en,,,,
jeg vil bede dig om at indstille lydstyrken til 70,setVolume,da,70,,,
go ahead and pause it,pause,en,,,,
real quick what stations do i have,listFavorites,en,,,,
kør videre,resume,da,,,,
can you please resume,resume,en,,,,
bare tilbage til lyd,unmute,da,,,,
kunne du venligst skrue ned for lyden,volumeDown,da,,,,
kunne du venligst indstille lydstyrken til femogtyve,setVolume,da,25,,,
i'd like you to silence it real quick,mute,en,,,,
bare det er nok,stop,da,,,,
carry on right away,resume,en,,,,
i'd like you to ungroup,leaveSpeaker,en,,,,
vær venlig at forlade gruppen,leaveSpeaker,da,,,,
right away pause the speaker,pause,en,,,,
i want you to start playing real quick,playDefault,en,,,,
lige jeg vil have musikken tilbage,resume,da,,,,
quieter by five,volumeDown,en,,5,,
right away ok sure,confirm,en,,,,
play my favorite 4,playFavoriteByNumber,en,,,4,
med det samme skru op 15,volumeUp,da,,15,,
quickly say something funny,unknown,en,,,,
ville du venligst skrue ned for lyden,volumeDown,da,,,,
vær så venlig at stoppe afspilningen,stop,da,,,,
kunne du venligst ændre lydstyrken til 80,setVolume,da,80,,,
afspil noget musik,playDefault,da,,,,
vær venlig at spille favorit otte,playFavoriteByNumber,da,,,8,
play the last thing now,playDefault,en,,,,
enough already right now,stop,en,,,,
quickly mute the music,mute,en,,,,
lige spil noget,playDefault,da,,,,
turn it up by twenty-five,volumeUp,en,,25,,
kindly play hip hop,playNamed,en,,,,hip hop
wait a second,pause,en,,,,
indstil volumen til 10,setVolume,da,10,,,
real quick i changed my mind,cancel,en,,,,
unmute the audio right now,unmute,en,,,,
kan du venligst slå lyden fra,mute,da,,,,
just volume up 5,volumeUp,en,,5,,
would you please turn the sound back on,unmute,en,,,,
start musikken nu,playDefault,da,,,,
kan du afspille musik,playDefault,da,,,,
kunne du afspille favorit nummer ni,playFavoriteByNumber,da,,,9,
kindly put on Adele,playNamed,en,,,,Adele
nu vær så venlig at fortsætte,resume,da,,,,
med det samme sæt musik på,playDefault,da,,,,
make the volume 80,setVolume,en,80,,,
nu lad os tage en pause,pause,da,,,,
i want it muted,mute,en,,,,
right away resume the song,resume,en,,,,
go ahead and unmute now,unmute,en,,,,
skru ned 10 med det samme,volumeDown,da,,10,,
forget about it,cancel,en,,,,
mere lyd nu,volumeUp,da,,,,
just turn it up by 15,volumeUp,en,,15,,
trivia question right now,unknown,en,,,,
now pick a random number,unknown,en,,,,
bare pause nummeret,pause,da,,,,
now what stations do i have,listFavorites,en,,,,
stop musikken med det samme,stop,da,,,,
would you please put the volume at 60,setVolume,en,60,,,
louder by thirty now,volumeUp,en,,30,,
now go ahead and end the music,stop,en,,,,
venligst sæt musikken på pause,pause,da,,,,
sure thing right now,confirm,en,,,,
never mind that right now,cancel,en,,,,
ungroup this speaker right away,leaveSpeaker,en,,,,
i would like you to stop now,stop,en,,,,
quickly stop the music,stop,en,,,,
right,confirm,en,,,,
put on a song now,playDefault,en,,,,
hurtigt vær så venlig at frakoble,leaveSpeaker,da,,,,
ville du venligst afspille Daft Punk,playNamed,da,,,,
nu vis favoritterne,listFavorites,da,,,,
nu skru op med femogtyve,volumeUp,da,,25,,
jeg vil gerne have at du tilslutte badeværelset,joinSpeaker,da,,,,
right away list my presets,listFavorites,en,,,,
kan du venligst frakoble,leaveSpeaker,da,,,,
ville du venligst stoppe musikken,stop,da,,,,
now nah,cancel,en,,,,
vent lidt,pause,da,,,,
nu skru ned,volumeDown,da,,,,
vær så venlig at genoptage hurtigt,resume,da,,,,
venligst hvor gammel er du,unknown,da,,,,
hvilke presets har jeg,listFavorites,da,,,,
afslut pausen,resume,da,,,,
real quick disconnect from group,leaveSpeaker,en,,,,
can you please show me my favorites,listFavorites,en,,,,
real quick volume down,volumeDown,en,,,,
just hold playback,pause,en,,,,
spil favorit 4 tak,playFavoriteByNumber,da,,,4,
just turn it down by twenty-five,volumeDown,en,,25,,
lige genoptag musikken,resume,da,,,,
could you please mute,mute,en,,,,
real quick drop the audio,mute,en,,,,
skift lydstyrken til 90,setVolume,da,90,,,
right away show me what's saved,listFavorites,en,,,,
quickly enough already,stop,en,,,,
med det samme forlad højttalerne,leaveSpeaker,da,,,,
now skip it,cancel,en,,,,
hold op med det med det samme,stop,da,,,,
hvordan har du det hurtigt,unknown,da,,,,
naviger hjem,unknown,da,,,,
hurtigt spil det igen,resume,da,,,,
pause the audio right now,pause,en,,,,
jeg vil gerne have at du sætte Genstart på,playNamed,da,,,,
unmute,unmute,both,,,,
må jeg bede dig om at pause,pause,da,,,,
could you please read out my favorites,listFavorites,en,,,,
ville du venligst sætte P6 på,playNamed,da,,,,
venligst tilbage til at have lyd,unmute,da,,,,
i'd like you to unpause right now,resume,en,,,,
carry on now,resume,en,,,,
giv mig lyden tilbage,unmute,da,,,,
indstil lydstyrken til 0,setVolume,da,0,,,
lift mute,unmute,en,,,,
right away resume the track,resume,en,,,,
yup,confirm,en,,,,
just go ahead and mute the speaker,mute,en,,,,
right away i'd like you to mute,mute,en,,,,
join the speaker,joinSpeaker,en,,,,
vil du venligst adskille højttaleren,leaveSpeaker,da,,,,
lige spil videre tak,resume,da,,,,
throw on some tunes right now,playDefault,en,,,,
nu mind mig om at købe mælk,unknown,da,,,,
just name my favorites,listFavorites,en,,,,
må jeg bede dig om at pause afspilningen,pause,da,,,,
can you please put on Adele,playNamed,en,,,,Adele
hvor langt er der til københavn,unknown,da,,,,
spil videre tak nu,resume,da,,,,
forlad klyngen nu,leaveSpeaker,da,,,,
play again real quick,resume,en,,,,
show favourites,listFavorites,en,,,,
ja sikkert,confirm,da,,,,
jeg vil gerne have at du spille favorit fem,playFavoriteByNumber,da,,,5,
vil du venligst tænde for lyden,unmute,da,,,,
bare afslut pausen,resume,da,,,,
jeg vil gerne have at du fortsætte,resume,da,,,,
hurtigt sæt en timer til ti minutter,unknown,da,,,,
nu skru ned med tredive,volumeDown,da,,30,,
venligst højere med 20,volumeUp,da,,20,,
silence the audio now,mute,en,,,,
ville du venligst sætte Volbeat på,playNamed,da,,,,
i'd like you to unmute,unmute,en,,,,
afspil favorit nummer 5,playFavoriteByNumber,da,,,5,
would you kill the music,stop,en,,,,
please mute,mute,en,,,,
make it softer right now,volumeDown,en,,,,
hurtigt gør det lavere,volumeDown,da,,,,
i need you to stop playing now,stop,en,,,,
vil du genoptage,resume,da,,,,
kunne du venligst gøre det lavere,volumeDown,da,,,,
venligst fint nok,confirm,da,,,,
med det samme sæt musikken på lydløs,mute,da,,,,
a bit quieter,volumeDown,en,,,,
would you pause it,pause,en,,,,
can you end the music,stop,en,,,,
real quick volume up twenty,volumeUp,en,,20,,
play favourite 7,playFavoriteByNumber,en,,,7,
med det samme vær så venlig at spille musik,playDefault,da,,,,
jeg vil bede dig om at afspille Bob Dylan,playNamed,da,,,,
list my favourites real quick,listFavorites,en,,,,
afkobl hurtigt,leaveSpeaker,da,,,,
could you kindly start playing,playDefault,en,,,,
turn it up by ten,volumeUp,en,,10,,
can you please mute the speaker,mute,en,,,,
venligst skru op for det,volumeUp,da,,,,
start playing now,playDefault,en,,,,
turn on the sound right away,unmute,en,,,,
right now i need you to pause,pause,en,,,,
let it resume real quick,resume,en,,,,
take a break,pause,en,,,,
vil du spille noget,playDefault,da,,,,
just hold the audio,pause,en,,,,
i want you to play with the garden,joinSpeaker,en,,,,
bare lavere med 5,volumeDown,da,,5,,
quieter by twenty-five,volumeDown,en,,25,,
vær så venlig at spille musik,playDefault,da,,,,
forbind med kontoret,joinSpeaker,da,,,,
can you group with the upstairs speaker,joinSpeaker,en,,,,
kunne du afspille favorit nummer 6,playFavoriteByNumber,da,,,6,
kunne du spille favorit fem,playFavoriteByNumber,da,,,5,
mindre volumen med det samme,volumeDown,da,,,,
hjælp mig med min lektie med det samme,unknown,da,,,,
kindly restore the sound,unmute,en,,,,
drop det,cancel,da,,,,
vær venlig at spille NPR,playNamed,da,,,,
hvad skal jeg spise til aften hurtigt,unknown,da,,,,
adskil fra gruppen,leaveSpeaker,da,,,,
hurtigt vis mig et kort over paris,unknown,da,,,,
jeg bekræfter,confirm,da,,,,
kan du venligst spille Jazz FM,playNamed,da,,,,
give me some music,playDefault,en,,,,
just show my presets,listFavorites,en,,,,
i want music,playDefault,en,,,,
kan du stoppe musikken,stop,da,,,,
nu fortæl mig mine favoritter,listFavorites,da,,,,
hvordan staves nødvendig,unknown,da,,,,
stop the track right away,stop,en,,,,
vil du fortsætte,resume,da,,,,
kunne du venligst ændre lydstyrken til halvtreds,setVolume,da,50,,,
right now i want you to start playing,playDefault,en,,,,
right away shut it down,stop,en,,,,
kindly stop playing,stop,en,,,,
lydniveau femogtyve,setVolume,da,25,,,
med det samme hvad står der på min favoritliste,listFavorites,da,,,,
merge with the garden,joinSpeaker,en,,,,
real quick mute it,mute,en,,,,
right now i'd like you to unpause,resume,en,,,,
right away ungroup this speaker,leaveSpeaker,en,,,,
go ahead right now,confirm,en,,,,
go quiet right now,mute,en,,,,
ja tak,confirm,da,,,,
definitely yes right away,confirm,en,,,,
med det samme vær så venlig at forlade gruppen,leaveSpeaker,da,,,,
må jeg bede dig om at fortsætte musikken,resume,da,,,,
real quick turn on the audio,unmute,en,,,,
det er nok hurtigt,stop,da,,,,
go ahead and mute the speaker,mute,en,,,,
med det samme mindre lyd,volumeDown,da,,,,
med det samme hvad er vejret i dag,unknown,da,,,,
kan du venligst fjerne lydløs,unmute,da,,,,
kunne du sætte lydstyrken til 45,setVolume,da,45,,,
fjern dæmpning,unmute,da,,,,
i want you to mute,mute,en,,,,
fortæl mig en sjov kendsgerning,unknown,da,,,,
right away i need you to pause,pause,en,,,,
jeg vil bede dig om at sætte lydstyrken til femten,setVolume,da,15,,,
favorite one,playFavoriteByNumber,en,,,1,
just read my latest email,unknown,en,,,,
go ahead and start playing now,playDefault,en,,,,
lige stands musikken,stop,da,,,,
kunne du venligst afspille musik,playDefault,da,,,,
jeg vil bede dig om at afspille favorit nummer et,playFavoriteByNumber,da,,,1,
jeg vil bede dig om at indstille lydstyrken til femten,setVolume,da,15,,,
can you bring back the sound,unmute,en,,,,
play together,joinSpeaker,en,,,,
kindly play favorite ten,playFavoriteByNumber,en,,,10,
hurtigt gør det sådan,confirm,da,,,,
kindly play P8 Jazz,playNamed,en,,,,P8 Jazz
right away goodbye,unknown,en,,,,
nu spil solo,leaveSpeaker,da,,,,
just volume up fifteen,volumeUp,en,,15,,
bare vis mig hvad der er gemt,listFavorites,da,,,,
jeg vil gerne have at du gruppere med spisestuen,joinSpeaker,da,,,,
bare vær så venlig at adskille højttaleren,leaveSpeaker,da,,,,
lavere med tyve,volumeDown,da,,20,,
i want you to continue real quick,resume,en,,,,
right now unmute the music,unmute,en,,,,
nu stop den handling,cancel,da,,,,
kunne du venligst holde op,stop,da,,,,
right away i'd like you to play something,playDefault,en,,,,
can you put on a song,playDefault,en,,,,
gør det lidt højere hurtigt,volumeUp,da,,,,
could you kindly join the garden,joinSpeaker,en,,,,
i need you to put the volume at ten,setVolume,en,10,,,
hurtigt stop helt,stop,da,,,,
agreed yes real quick,confirm,en,,,,
ikke denne gang,cancel,da,,,,
kindly play with the living room,joinSpeaker,en,,,,
afspil nummer fem,playFavoriteByNumber,da,,,5,
could you play favorite six,playFavoriteByNumber,en,,,6,
silence the music now,mute,en,,,,
read out my favorites now,listFavorites,en,,,,
i would like you to set volume to 25,setVolume,en,25,,,
lydniveau 90,setVolume,da,90,,,
could you please play Genstart,playNamed,en,,,,Genstart
vær så venlig at genoptage,resume,da,,,,
kunne du tilslutte entréen,joinSpeaker,da,,,,
alright real quick,confirm,en,,,,
kill the audio,stop,en,,,,
nu hvordan er vejret,unknown,da,,,,
right away restore the audio,unmute,en,,,,
bare tilbage til normal lyd,unmute,da,,,,
play what i was listening to,playDefault,en,,,,
would you mute,mute,en,,,,
right now list my favourites,listFavorites,en,,,,
lige ikke mere afspilning,stop,da,,,,
jeg vil gerne have at du afspille favorit nummer 8,playFavoriteByNumber,da,,,8,
kunne du venligst spille electronic,playNamed,da,,,,
could you please kill the music,stop,en,,,,
synkroniser til terrassen,joinSpeaker,da,,,,
exit mute,unmute,en,,,,
frakobl højttaleren,leaveSpeaker,da,,,,
make it quieter right now,volumeDown,en,,,,
turn it up real quick,volumeUp,en,,,,
med det samme hæv lydstyrken med 25,volumeUp,da,,25,,
quickly a bit lower,volumeDown,en,,,,
spil også i entréen,joinSpeaker,da,,,,
stop already,stop,en,,,,
please play favorite 7,playFavoriteByNumber,en,,,7,
could you put the volume at 100,setVolume,en,100,,,
read me the headlines now,unknown,en,,,,
can you please play favorite nine,playFavoriteByNumber,en,,,9,
i want to hear P1,playNamed,en,,,,P1
right away go ahead and mute the speaker,mute,en,,,,
favoritlisten med det samme,listFavorites,da,,,,
med det samme skru ned 15,volumeDown,da,,15,,
ville du tænde for lyden,unmute,da,,,,
quickly confirm,confirm,en,,,,
i'd like you to play Volbeat,playNamed,en,,,,Volbeat
confirm right away,confirm,en,,,,
fortsæt med at spille hurtigt,resume,da,,,,
can you please increase the volume,volumeUp,en,,,,
med det samme skru lidt op,volumeUp,da,,,,
lad os pause,pause,da,,,,
kunne du venligst tænde lyden igen,unmute,da,,,,
kunne du tænde for lyden,unmute,da,,,,
jeg bekræfter nu,confirm,da,,,,
lavere med 20,volumeDown,da,,20,,
ville du venligst sætte P4 på,playNamed,da,,,,
kan du forlade gruppen,leaveSpeaker,da,,,,
må jeg bede dig om at spille morning playlist,playNamed,da,,,,
vil du afspille favorit nummer 5,playFavoriteByNumber,da,,,5,
make it louder right now,volumeUp,en,,,,
afspil favorit nummer 2,playFavoriteByNumber,da,,,2,
vær så venlig at afspille favorit nummer 4,playFavoriteByNumber,da,,,4,
just disconnect from group,leaveSpeaker,en,,,,
restore the audio,unmute,en,,,,
hvilke favoritter er gemt,listFavorites,da,,,,
afspil nummer syv,playFavoriteByNumber,da,,,7,
back to music now,resume,en,,,,
vær venlig at tænde for lyden,unmute,da,,,,
lige vær så venlig at spille videre,resume,da,,,,
kør noget musik med det samme,playDefault,da,,,,
i'd like to hear fest playlisten,playNamed,en,,,,fest playlisten
fjern gruppe,leaveSpeaker,da,,,,
play my five favorite,playFavoriteByNumber,en,,,5,
skru ned med 25 hurtigt,volumeDown,da,,25,,
kan du spille favorit 2,playFavoriteByNumber,da,,,2,
right away turn it up by twenty-five,volumeUp,en,,25,,
stop syncing now,leaveSpeaker,en,,,,
lavere med 25,volumeDown,da,,25,,
just i love you,unknown,en,,,,
no please don't,cancel,en,,,,
please make it louder,volumeUp,en,,,,
vis mine presets med det samme,listFavorites,da,,,,
spil det sædvanlige,playDefault,da,,,,
kick off some music right now,playDefault,en,,,,
vil du pause afspilningen,pause,da,,,,
ville du læse mine favoritter op,listFavorites,da,,,,
cancel it right away,cancel,en,,,,
i want you to kill the sound,mute,en,,,,
join the speakers,joinSpeaker,en,,,,
now louder by 30,volumeUp,en,,30,,
pair with the bedroom,joinSpeaker,en,,,,
jeg vil gerne have at du stoppe afspilningen,stop,da,,,,
lige hæv lydstyrken med femten,volumeUp,da,,15,,
jo nu,confirm,da,,,,
sluk lyden,mute,da,,,,
give me Jazz FM,playNamed,en,,,,Jazz FM
could you show me my favorites,listFavorites,en,,,,
right away shut off the music,stop,en,,,,
do not do that real quick,cancel,en,,,,
må jeg bede dig om at tilslutte soveværelset,joinSpeaker,da,,,,
yeah do it right away,confirm,en,,,,
frakobl gruppen hurtigt,leaveSpeaker,da,,,,
i'd like you to kill the music,stop,en,,,,
right now actually never mind,cancel,en,,,,
ville du venligst slukke for musikken,stop,da,,,,
vil du spille The Beatles,playNamed,da,,,,
right away directions to the airport,unknown,en,,,,
real quick kill it,stop,en,,,,
træd tilbage,cancel,da,,,,
go ahead and play music right now,playDefault,en,,,,
med det samme giv mig lyden tilbage,unmute,da,,,,
quieter by 20,volumeDown,en,,20,,
forklar kvantefysik,unknown,da,,,,
det er forkert,cancel,da,,,,
real quick go alone,leaveSpeaker,en,,,,
i want you to start playing right now,playDefault,en,,,,
quickly cut the sound,mute,en,,,,
could you kindly put on fest playlisten,playNamed,en,,,,fest playlisten
real quick decrease volume by 15,volumeDown,en,,15,,
go ahead and list my favorites,listFavorites,en,,,,
i want to hear the P4,playNamed,en,,,,P4
nu sæt noget på,playDefault,da,,,,
med det samme fortsæt med musikken,playDefault,da,,,,
please unmute,unmute,en,,,,
i need you to join the bathroom,joinSpeaker,en,,,,
nu det er rigtigt,confirm,da,,,,
med det samme vis vej til lufthavnen,unknown,da,,,,
venligst skru op med tyve,volumeUp,da,,20,,
take this speaker out of the group,leaveSpeaker,en,,,,
could you resume the music,resume,en,,,,
go ahead and put the volume at seventy,setVolume,en,70,,,
on second thought no,cancel,en,,,,
hurtigt lad os spille et spil,unknown,da,,,,
venligst lavere med 25,volumeDown,da,,25,,
spil mit sædvanlige med det samme,playDefault,da,,,,
volume down 25 right now,volumeDown,en,,25,,
sounds right,confirm,en,,,,
just not anymore,cancel,en,,,,
ville du spille workout mix,playNamed,da,,,,
bare er du en robot,unknown,da,,,,
lige sæt sangen på pause,pause,da,,,,
just end the music,stop,en,,,,
sluk lydløs hurtigt,unmute,da,,,,
hurtigt lyder godt,confirm,da,,,,
venligst afbryd det,cancel,da,,,,
nu faktisk nej,cancel,da,,,,
i want you to leave the group,leaveSpeaker,en,,,,
jeg vil bede dig om at fjerne lydløs,unmute,da,,,,
vil du venligst stoppe afspilningen,stop,da,,,,
vil du venligst spille morning playlist,playNamed,da,,,,
play my 9 favorite,playFavoriteByNumber,en,,,9,
nu højere med 25,volumeUp,da,,25,,
kan du forbinde med køkkenet,joinSpeaker,da,,,,
synkroniser med ovenpå,joinSpeaker,da,,,,
now louder by fifteen,volumeUp,en,,15,,
ungroup,leaveSpeaker,en,,,,
kan du slukke for lyden,mute,da,,,,
now go ahead and mute,mute,en,,,,
nu næ,cancel,da,,,,
sounds right now,confirm,en,,,,
sæt NPR på,playNamed,da,,,,NPR
bare slå lyden fra,mute,da,,,,
jeg vil gerne have at du afspille musik,playDefault,da,,,,
real quick wrong,cancel,en,,,,
can you please play with the basement,joinSpeaker,en,,,,
right now put on some music,playDefault,en,,,,
i want it back on,resume,en,,,,
quieter by 5,volumeDown,en,,5,,
split this speaker off real quick,leaveSpeaker,en,,,,
spil favorit nummer tre,playFavoriteByNumber,da,,,3,
spil favorit nummer 4,playFavoriteByNumber,da,,,4,
now put on anything,playDefault,en,,,,
unpause it right away,resume,en,,,,
med det samme genoptag nummeret,resume,da,,,,
hurtigt hvad har jeg gemt som favoritter,listFavorites,da,,,,
nu fortsæt afspilningen,resume,da,,,,
play together with the bathroom,joinSpeaker,en,,,,
fire up the study music,playNamed,en,,,,study music
quickly name my favorites,listFavorites,en,,,,
just quieter by 25,volumeDown,en,,25,,
vær venlig at stoppe,stop,da,,,,
play favorite number six,playFavoriteByNumber,en,,,6,
nej tak,cancel,da,,,,
could you read out my favorites,listFavorites,en,,,,
pause it now,pause,en,,,,
jeg vil gerne have at du sænke lydstyrken,volumeDown,da,,,,
i would like you to play study music,playNamed,en,,,,study music
could you play P7,playNamed,en,,,,P7
could you unmute,unmute,en,,,,
put on Volbeat,playNamed,en,,,,Volbeat
make me a sandwich right now,unknown,en,,,,
afslut sangen,stop,da,,,,
decrease volume by 15 real quick,volumeDown,en,,15,,
could you play something,playDefault,en,,,,
jeg vil gerne have at du sætte lydstyrken til tredive,setVolume,da,30,,,
can you show me my favorites,listFavorites,en,,,,
real quick say something funny,unknown,en,,,,
hurtigt ophæv dæmpningen,unmute,da,,,,
vil du venligst spille med ovenpå,joinSpeaker,da,,,,
ville du forbinde med stuen,joinSpeaker,da,,,,
quickly list my favorites,listFavorites,en,,,,
afkobl med det samme,leaveSpeaker,da,,,,
sænk lydstyrken med 30,volumeDown,da,,30,,
tak,unknown,da,,,,
just increase volume by 30,volumeUp,en,,30,,
venligst slå på lydløs,mute,da,,,,
venligst afslut pausen,resume,da,,,,
show me what's saved right away,listFavorites,en,,,,
mute the music now,mute,en,,,,
nu spil videre tak,resume,da,,,,
hurtigt stop midlertidigt,pause,da,,,,
what's on my favorites list real quick,listFavorites,en,,,,
venligst sænk lydstyrken med 25,volumeDown,da,,25,,
vær tavs,mute,da,,,,
sæt musikken på lydløs med det samme,mute,da,,,,
kan du venligst genoptage,resume,da,,,,
turn it down by 30 right now,volumeDown,en,,30,,
lyd tilbage,unmute,da,,,,
let's hear the Jazz FM,playNamed,en,,,,Jazz FM
fjern al lyd med det samme,mute,da,,,,
would you mind to play favorite 6,playFavoriteByNumber,en,,,6,
right now pause the speaker,pause,en,,,,
med det samme skru ned med 15,volumeDown,da,,15,,
turn it down by thirty right away,volumeDown,en,,30,,
could you put the volume at fifty,setVolume,en,50,,,
venligst sænk lydstyrken med 5,volumeDown,da,,5,,
kan du slå lyden fra,mute,da,,,,
bare forlad,leaveSpeaker,da,,,,
can you mute the speaker,mute,en,,,,
hold pause,pause,da,,,,
hæv lydstyrken med 10,volumeUp,da,,10,,
right away play my usual,playDefault,en,,,,
vil du afspille rolig musik,playNamed,da,,,,
hold op med at spille med det samme,stop,da,,,,
hurtigt skru op med tyve,volumeUp,da,,20,,
could you start playing,playDefault,en,,,,
hurtigt klart ja,confirm,da,,,,
vær så venlig at spille med entréen,joinSpeaker,da,,,,
right now keep going,resume,en,,,,
i need you to play number 3,playFavoriteByNumber,en,,,3,
could you kindly pause,pause,en,,,,
vær så venlig at sætte Pop FM på,playNamed,da,,,,
stop med det samme med det samme,stop,da,,,,
now go ahead and keep playing,resume,en,,,,
i would like you to change the volume to one hundred,setVolume,en,100,,,
what's the temperature outside real quick,unknown,en,,,,
favourite one,playFavoriteByNumber,en,,,1,
leave the cluster real quick,leaveSpeaker,en,,,,
kan du sætte lydstyrken til 85,setVolume,da,85,,,
jeg vil bede dig om at pause afspilningen,pause,da,,,,
turn it up by 5 now,volumeUp,en,,5,,
spil Nova FM for mig,playNamed,da,,,,Nova FM for mig
raise the volume by 20 real quick,volumeUp,en,,20,,
ville du venligst ændre lydstyrken til 85,setVolume,da,85,,,
hold on real quick,pause,en,,,,
venligst fjern gruppe,leaveSpeaker,da,,,,
i want to hear Classic FM,playNamed,en,,,,Classic FM
vil du venligst sætte lydstyrken til halvfjerds,setVolume,da,70,,,
go ahead and play Coldplay,playNamed,en,,,,Coldplay
i would like you to pause it,pause,en,,,,
vær venlig at spille P6,playNamed,da,,,,
i would like you to mute right now,mute,en,,,,
can you put on rock,playNamed,en,,,,rock
okay yes right away,confirm,en,,,,
right away i'd like you to ungroup,leaveSpeaker,en,,,,
jeg vil have lydstyrke femoghalvfjerds,setVolume,da,75,,,
can you make it quieter,volumeDown,en,,,,
kan du venligst ændre lydstyrken til 0,setVolume,da,0,,,
i'd like you to kill the sound,mute,en,,,,
adskil denne højttaler,leaveSpeaker,da,,,,
right away let it play,resume,en,,,,
i need you to stop playing,stop,en,,,,
good night right away,unknown,en,,,,
klart med det samme,confirm,da,,,,
jeg vil gerne have at du starte musikken,playDefault,da,,,,
real quick kill the sound,stop,en,,,,
what's in my favorites,listFavorites,en,,,,
hvad er mine favoritter,listFavorites,da,,,,
lige sluk for sangen,stop,da,,,,
kunne du venligst pause afspilningen,pause,da,,,,
now absolutely yes,confirm,en,,,,
sæt det på pause,pause,da,,,,
hurtigt ingen lyd,mute,da,,,,
kan du venligst afspille favorit nummer 6,playFavoriteByNumber,da,,,6,
kunne du venligst skrue op for lyden,volumeUp,da,,,,
del fra gruppen,leaveSpeaker,da,,,,
med det samme dæmp musikken,mute,da,,,,
vær venlig at stoppe musikken,stop,da,,,,
vil du venligst spille videre,resume,da,,,,
bare hvad har jeg som favoritter,listFavorites,da,,,,
real quick fire up some music,playDefault,en,,,,
hurtigt kør videre,resume,da,,,,
scratch that now,cancel,en,,,,
vil du venligst spille P5,playNamed,da,,,,
right now kill the audio,stop,en,,,,
i want to hear the Radio 24syv,playNamed,en,,,,Radio 24syv
halt it real quick,pause,en,,,,
can you please play favorite 3,playFavoriteByNumber,en,,,3,
med det samme hvad har jeg gemt som favoritter,listFavorites,da,,,,
kindly play Radio 100,playNamed,en,,,,Radio 100
kunne du starte musikken,playDefault,da,,,,
right away definitely yes,confirm,en,,,,
sure thing real quick,confirm,en,,,,
må jeg bede dig om at hæve lydstyrken,volumeUp,da,,,,
kunne du vise mine favoritter,listFavorites,da,,,,
could you turn off the music,stop,en,,,,
lav en sandwich til mig nu,unknown,da,,,,
could you carry on,resume,en,,,,
real quick let's not,cancel,en,,,,
ikke gør det der med det samme,cancel,da,,,,
please play favorite 5,playFavoriteByNumber,en,,,5,
fortryd,cancel,da,,,,
abort the action real quick,cancel,en,,,,
wait right now,pause,en,,,,
remove from group right now,leaveSpeaker,en,,,,
right now bring the sound back,unmute,en,,,,
hurtigt læs favoritterne op,listFavorites,da,,,,
real quick i want you to carry on,resume,en,,,,
now halt it,pause,en,,,,
unpair right now,leaveSpeaker,en,,,,
nu kør bare på,confirm,da,,,,
kunne du venligst spille favorit 4,playFavoriteByNumber,da,,,4,
go ahead and turn it up,volumeUp,en,,,,
bare afbryd kort,pause,da,,,,
spil min favorit 6,playFavoriteByNumber,da,,,6,
hurtigt skru ned med 25,volumeDown,da,,25,,
afspil favorit nummer to,playFavoriteByNumber,da,,,2,
can you please unmute,unmute,en,,,,
venligst send en besked til peter,unknown,da,,,,
kunne du afspille favorit nummer 8,playFavoriteByNumber,da,,,8,
could you change the volume to 80,setVolume,en,80,,,
go ahead and turn it up right away,volumeUp,en,,,,
i would like you to join the garden,joinSpeaker,en,,,,
quickly of course yes,confirm,en,,,,
hvor koldt er det,unknown,da,,,,
would you please play something,playDefault,en,,,,
fint ja,confirm,da,,,,
jeg vil have musikken tilbage,resume,da,,,,
ville du venligst afspille favorit nummer 2,playFavoriteByNumber,da,,,2,
let the music play,resume,en,,,,
ville du venligst gruppere med badeværelset,joinSpeaker,da,,,,
vil du venligst afspille favorit nummer 6,playFavoriteByNumber,da,,,6,
bare sæt en alarm til klokken syv,unknown,da,,,,
quickly separate from the others,leaveSpeaker,en,,,,
play in the office too,joinSpeaker,en,,,,
just turn the music off,stop,en,,,,
vil du venligst afspille favorit nummer fem,playFavoriteByNumber,da,,,5,
just don't,cancel,en,,,,
that's right real quick,confirm,en,,,,
right away stop this,stop,en,,,,
kunne du venligst ændre lydstyrken til fem,setVolume,da,5,,,
yep right away,confirm,en,,,,
vær venlig at sætte Mew på,playNamed,da,,,,
må jeg bede dig om at gøre det lavere,volumeDown,da,,,,
lavere,volumeDown,da,,,,
afspil favorit 2,playFavoriteByNumber,da,,,2,
go alone,leaveSpeaker,en,,,,
ophæv dæmpningen,unmute,da,,,,
real quick yeah,confirm,en,,,,
kunne du spille Kendrick Lamar,playNamed,da,,,,
skru ned med ti,volumeDown,da,,10,,
skru op med 15,volumeUp,da,,15,,
kan du skrue ned for lyden,volumeDown,da,,,,
i want you to unpause real quick,resume,en,,,,
ville du sætte på pause,pause,da,,,,
would you mind to join the bedroom,joinSpeaker,en,,,,
fine by me now,confirm,en,,,,
sæt musik på med det samme,playDefault,da,,,,
unsync this now,leaveSpeaker,en,,,,
freeze it,pause,en,,,,
vil du venligst gøre det højere,volumeUp,da,,,,
sluk lyden hurtigt,mute,da,,,,
ville du venligst tænde lyden igen,unmute,da,,,,
can you restore the sound,unmute,en,,,,
må jeg bede dig om at indstille lydstyrken til 45,setVolume,da,45,,,
sæt lydstyrken til 90,setVolume,da,90,,,
sæt Lukas Graham,playNamed,da,,,,Lukas Graham
genoptag sangen,resume,da,,,,
skru op med 30 nu,volumeUp,da,,30,,
forget it,cancel,en,,,,
play my songs real quick,playDefault,en,,,,
ville du venligst holde op,stop,da,,,,
would you mind to change the volume to 60,setVolume,en,60,,,
unpair this speaker now,leaveSpeaker,en,,,,
venligst hvordan staves nødvendig,unknown,da,,,,
vil du venligst spille favorit 6,playFavoriteByNumber,da,,,6,
i would like you to end the music,stop,en,,,,
dæmp musikken,mute,da,,,,
i want you to stop the music,stop,en,,,,
vis vej til lufthavnen,unknown,da,,,,
just i want you to silence it,mute,en,,,,
real quick stop the audio,stop,en,,,,
go ahead and list my favorites right away,listFavorites,en,,,,
quickly stop sharing,leaveSpeaker,en,,,,
please lower the volume,volumeDown,en,,,,
i'd like you to play Daft Punk,playNamed,en,,,,Daft Punk
kunne du ændre lydstyrken til tyve,setVolume,da,20,,,
quickly louder by 25,volumeUp,en,,25,,
lige lavere med ti,volumeDown,da,,10,,
let's do it right away,confirm,en,,,,
kan du tilslutte haven,joinSpeaker,da,,,,
just turn it up by five,volumeUp,en,,5,,
could you join the garden,joinSpeaker,en,,,,
sæt nummeret på pause,pause,da,,,,
bestemt,confirm,da,,,,
vil du venligst ophæve pausen,resume,da,,,,
i would like you to set volume to twenty-five,setVolume,en,25,,,
lige forkert,cancel,da,,,,
hvornår er det solnedgang nu,unknown,da,,,,
real quick go ahead and turn it down,volumeDown,en,,,,
real quick correct,confirm,en,,,,
favorite nine,playFavoriteByNumber,en,,,9,
what's on my calendar right away,unknown,en,,,,
can you play favorite two,playFavoriteByNumber,en,,,2,
skru ned 25,volumeDown,da,,25,,
keep going right now,resume,en,,,,
could you please stop playing,stop,en,,,,
bare sæt afspilningen på pause,pause,da,,,,
sænk lydstyrken med det samme,volumeDown,da,,,,
vær så venlig at sænke lydstyrken med det samme,volumeDown,da,,,,
i'd like you to disconnect real quick,leaveSpeaker,en,,,,
kan du tænde lyden igen,unmute,da,,,,
level fifteen,setVolume,en,15,,,
would you mind to change the volume to fifteen,setVolume,en,15,,,
real quick i'd like some music,playDefault,en,,,,
lige skru ned 20,volumeDown,da,,20,,
can you please restore the sound,unmute,en,,,,
fire up Adele,playNamed,en,,,,Adele
nej lad være,cancel,da,,,,
hvad hedder du,unknown,da,,,,
would you mind to put the volume at 75,setVolume,en,75,,,
now volume down five,volumeDown,en,,5,,
please tell me my favorites,listFavorites,en,,,,
join kælderen,joinSpeaker,da,,,,
would you please unmute,unmute,en,,,,
link with the bedroom,joinSpeaker,en,,,,
tilføj køkkenet,joinSpeaker,da,,,,
kindly join the upstairs speaker,joinSpeaker,en,,,,
nu tag pausen af,resume,da,,,,
play favorite number two,playFavoriteByNumber,en,,,2,
med det samme afbryd musikken,pause,da,,,,
fint ja nu,confirm,da,,,,
nu konverter ti dollar til kroner,unknown,da,,,,
right away show favourites,listFavorites,en,,,,
selvfølgelig,confirm,da,,,,
quickly quieter by thirty,volumeDown,en,,30,,
bare jeg elsker dig,unknown,da,,,,
can you change the volume to one hundred,setVolume,en,100,,,
real quick i need you to silence it,mute,en,,,,
start something now,playDefault,en,,,,
would you mind to freeze the music,pause,en,,,,
vær så venlig at spille noget,playDefault,da,,,,
sæt afslapningsmusik på,playNamed,da,,,,afslapningsmusik
start music real quick,playDefault,en,,,,
vær venlig at sætte P1 på,playNamed,da,,,,
can you please turn it down,volumeDown,en,,,,
sæt musik på,playDefault,da,,,,
real quick i want you to play something,playDefault,en,,,,
jeg vil gerne have at du sætte BBC Radio 4 på,playNamed,da,,,,
faktisk nej nu,cancel,da,,,,
could you kindly play morgenmusik,playNamed,en,,,,morgenmusik
ville du venligst spille med spisestuen,joinSpeaker,da,,,,
stop synkronisering,leaveSpeaker,da,,,,
ok sure right away,confirm,en,,,,
nu list mine presets,listFavorites,da,,,,
kunne du venligst spille favorit 6,playFavoriteByNumber,da,,,6,
i'd like you to play number six,playFavoriteByNumber,en,,,6,
afslut musikken,stop,da,,,,
i would like you to list my favorites,listFavorites,en,,,,
nu fortsæt,resume,da,,,,
hurtigt få musikken til at stoppe,stop,da,,,,
right away turn the audio back on,unmute,en,,,,
venligst bekræftet,confirm,da,,,,
ikke gør det der hurtigt,cancel,da,,,,
jeg vil bede dig om at sætte lydstyrken til 40,setVolume,da,40,,,
vil du venligst afspille Radio 100,playNamed,da,,,,
kunne du forbinde med entréen,joinSpeaker,da,,,,
med det samme hvornår er det solnedgang,unknown,da,,,,
right now i want you to continue,resume,en,,,,
right now sound back on,unmute,en,,,,
could you kindly put on classical,playNamed,en,,,,classical
quickly kill the music,stop,en,,,,
jeg vil gerne have at du sætte lydstyrken til 20,setVolume,da,20,,,
could you please play with the dining room,joinSpeaker,en,,,,
må jeg bede dig om at afspille favorit nummer ni,playFavoriteByNumber,da,,,9,
quickly give me sound back,unmute,en,,,,
kunne du tilslutte køkkenet,joinSpeaker,da,,,,
jeg vil høre The Beatles,playNamed,da,,,,Beatles
quickly lock the door,unknown,en,,,,
jeg vil gerne have at du sætte musik på,playDefault,da,,,,
could you please play number one,playFavoriteByNumber,en,,,1,
leave now,leaveSpeaker,en,,,,
vær venlig at spille noget,playDefault,da,,,,
vær så venlig at tilslutte kontoret,joinSpeaker,da,,,,
quickly play some music,playDefault,en,,,,
could you list my favorites,listFavorites,en,,,,
i want to pause,pause,en,,,,
would you please turn it down,volumeDown,en,,,,
gå alene,leaveSpeaker,da,,,,
spil ambient music for mig,playNamed,da,,,,ambient music for mig
i want you to set volume to 30,setVolume,en,30,,,
værsgo,confirm,da,,,,
med det samme forlad de andre,leaveSpeaker,da,,,,
i would like you to leave the group,leaveSpeaker,en,,,,
vis mine presets,listFavorites,da,,,,
right away kill the sound,mute,en,,,,
ja,confirm,da,,,,
kan du afspille favorit nummer fire,playFavoriteByNumber,da,,,4,
kan du læse mine favoritter op,listFavorites,da,,,,
kindly put the volume at 5,setVolume,en,5,,,
mute the song,mute,en,,,,
stop this right away,stop,en,,,,
can you silence it,mute,en,,,,
må jeg bede dig om at sætte musik på,playDefault,da,,,,
match ovenpå,joinSpeaker,da,,,,
med det samme korrekt,confirm,da,,,,
kan du venligst indstille lydstyrken til 60,setVolume,da,60,,,
please put the volume at sixty,setVolume,en,60,,,
ville du afspille musik,playDefault,da,,,,
would you please join the living room,joinSpeaker,en,,,,
må jeg bede dig om at ændre lydstyrken til 30,setVolume,da,30,,,
spil solo nu,leaveSpeaker,da,,,,
i'd like you to mute now,mute,en,,,,
quickly keep going,resume,en,,,,
restore audio,unmute,en,,,,
list favourites now,listFavorites,en,,,,
kunne du venligst stoppe,stop,da,,,,
can you please turn the sound back on,unmute,en,,,,
kunne du venligst hæve lydstyrken,volumeUp,da,,,,
jeg vil høre electronic,playNamed,da,,,,electronic
quickly agreed yes,confirm,en,,,,
play the study music,playNamed,en,,,,study music
venligst tilbage til afspilningen,resume,da,,,,
nej det er forkert,cancel,da,,,,
just show me my favorites,listFavorites,en,,,,
lige det stemmer,confirm,da,,,,
sync with the kitchen,joinSpeaker,en,,,,
kunne du venligst fortsætte,resume,da,,,,
jeg vil bede dig om at holde pause,pause,da,,,,
what should i eat for dinner,unknown,en,,,,
give it a rest,pause,en,,,,
i want you to play favorite eight,playFavoriteByNumber,en,,,8,
could you play P3,playNamed,en,,,,P3
kunne du venligst sætte på lydløs,mute,da,,,,
bare drop den ide,cancel,da,,,,
vær så venlig at gøre det højere,volumeUp,da,,,,
skru ned 20 nu,volumeDown,da,,20,,
wrong real quick,cancel,en,,,,
kindly freeze the music,pause,en,,,,
afbryd det,cancel,da,,,,
vær så venlig at sætte på lydløs,mute,da,,,,
helt rigtigt,confirm,da,,,,
hurtigt skru ned med 30,volumeDown,da,,30,,
i'd like you to show me my favorites,listFavorites,en,,,,
fjern mute med det samme,unmute,da,,,,
cancel please,cancel,en,,,,
real quick find a restaurant nearby,unknown,en,,,,
just decrease volume by 10,volumeDown,en,,10,,
please play with the patio,joinSpeaker,en,,,,
continue the song right now,resume,en,,,,
just quieter by 20,volumeDown,en,,20,,
afspil nummer 9,playFavoriteByNumber,da,,,9,
please play klassisk,playNamed,en,,,,klassisk
go alone now,leaveSpeaker,en,,,,
selvfølgelig hurtigt,confirm,da,,,,
det er forkert hurtigt,cancel,da,,,,
volume level 85,setVolume,en,85,,,
må jeg bede dig om at spille favorit fire,playFavoriteByNumber,da,,,4,
kunne du gøre det højere,volumeUp,da,,,,
end playback,stop,en,,,,
venligst afbryd,cancel,da,,,,
glem det,cancel,da,,,,
go ahead and unpause now,resume,en,,,,
now go ahead and pause,pause,en,,,,
just throw on some tunes,playDefault,en,,,,
quickly shut it off,stop,en,,,,
kan du venligst spille favorit 9,playFavoriteByNumber,da,,,9,
can you ungroup,leaveSpeaker,en,,,,
tænd for lyden,unmute,da,,,,
just changed my mind,cancel,en,,,,
stop sangen nu,stop,da,,,,
jeg vil bede dig om at fortsætte,resume,da,,,,
kunne du sætte Genstart på,playNamed,da,,,,
quickly give me a riddle,unknown,en,,,,
nu gør det,confirm,da,,,,
i want you to join the upstairs speaker,joinSpeaker,en,,,,
nu fortæl en vittighed,unknown,da,,,,
agreed yes,confirm,en,,,,
real quick turn off the audio,stop,en,,,,
venligst okay tak,confirm,da,,,,
med det samme sænk volumen,volumeDown,da,,,,
right now nope,cancel,en,,,,
real quick make it so,confirm,en,,,,
now turn it up by five,volumeUp,en,,5,,
vær så venlig at dæmpe lyden,mute,da,,,,
dæmp musikken hurtigt,mute,da,,,,
venligst fortsæt,resume,da,,,,
make me laugh now,unknown,en,,,,
venligst skru op 30,volumeUp,da,,30,,
i would like you to play with the bathroom,joinSpeaker,en,,,,
hvor er det nærmeste apotek hurtigt,unknown,da,,,,
i want you to disconnect right away,leaveSpeaker,en,,,,
just unpair,leaveSpeaker,en,,,,
go ahead and restore the sound,unmute,en,,,,
i need you to disconnect,leaveSpeaker,en,,,,
pause den med det samme,pause,da,,,,
jeg vil bede dig om at skrue ned,volumeDown,da,,,,
hvad er hovedstaden i frankrig,unknown,da,,,,
ville du venligst spille med haven,joinSpeaker,da,,,,
i need you to carry on now,resume,en,,,,
i would like you to lower the volume,volumeDown,en,,,,
real quick start music,playDefault,en,,,,
quickly i want it muted,mute,en,,,,
link with the kitchen,joinSpeaker,en,,,,
jeg vil gerne have at du forbinde med entréen,joinSpeaker,da,,,,
med det samme jeg vil høre musik,playDefault,da,,,,
hurtigt skru op med 5,volumeUp,da,,5,,
what's in my favorites right now,listFavorites,en,,,,
indstil termostaten til toogtyve grader,unknown,da,,,,
could you please group with the garden,joinSpeaker,en,,,,
afbryd musikken med det samme,pause,da,,,,
now more volume,volumeUp,en,,,,
right away i would like you to disconnect,leaveSpeaker,en,,,,
vil du venligst frakoble,leaveSpeaker,da,,,,
would you pause the music,pause,en,,,,
no don't,cancel,en,,,,
can you play electronic,playNamed,en,,,,electronic
could you pause the music,pause,en,,,,
disconnect from the group,leaveSpeaker,en,,,,
med det samme vær så venlig at skrue op,volumeUp,da,,,,
real quick i would like you to pause,pause,en,,,,
ville du afspille P2,playNamed,da,,,,
can you put on Pop FM,playNamed,en,,,,Pop FM
don't do that right away,cancel,en,,,,
can you please mute,mute,en,,,,
lige luk for lyden,mute,da,,,,
quickly go silent,mute,en,,,,
hurtigt forlad gruppen,leaveSpeaker,da,,,,
no right away,cancel,en,,,,
kan du venligst ændre lydstyrken til tyve,setVolume,da,20,,,
sure why not right away,confirm,en,,,,
real quick sounds great,confirm,en,,,,
bare hæv volumen,volumeUp,da,,,,
could you please group with the office,joinSpeaker,en,,,,
i want you to stop playing,stop,en,,,,
is it going to rain tomorrow real quick,unknown,en,,,,
i would like you to continue right away,resume,en,,,,
med det samme pause den,pause,da,,,,
quickly help me with my homework,unknown,en,,,,
could you kindly increase the volume,volumeUp,en,,,,
quickly go ahead and play music,playDefault,en,,,,
real quick tell me a joke,unknown,en,,,,
spil musik hurtigt,playDefault,da,,,,
could you kindly resume the music,resume,en,,,,
kan du venligst afspille musik,playDefault,da,,,,
hurtigt klart,confirm,da,,,,
make it louder,volumeUp,en,,,,
please separate this speaker,leaveSpeaker,en,,,,
separate from group,leaveSpeaker,en,,,,
now cancel that,cancel,en,,,,
go ahead and put the volume at eighty,setVolume,en,80,,,
would you mind to put on a song,playDefault,en,,,,
må jeg bede dig om at ophæve pausen,resume,da,,,,
would you please put on The Beatles,playNamed,en,,,,Beatles
ville du mute,mute,da,,,,
kan du venligst gøre det højere,volumeUp,da,,,,
ville du venligst spille favorit 10,playFavoriteByNumber,da,,,10,
can you please pause it,pause,en,,,,
kindly put on some music,playDefault,en,,,,
quickly i need you to ungroup,leaveSpeaker,en,,,,
could you kindly carry on,resume,en,,,,
ville du venligst spille med køkkenet,joinSpeaker,da,,,,
i'd like you to play Kim Larsen,playNamed,en,,,,Kim Larsen
let's hear some music,playDefault,en,,,,
right away i want you to pause it,pause,en,,,,
venligst ja gerne,confirm,da,,,,
jeg vil bede dig om at afspille Adele,playNamed,da,,,,
vælg et tilfældigt tal hurtigt,unknown,da,,,,
bare værsgod,confirm,da,,,,
lad os høre musik,playDefault,da,,,,
i would like you to play number 4,playFavoriteByNumber,en,,,4,
hold on,pause,en,,,,
can you please play music,playDefault,en,,,,
right away pause everything,pause,en,,,,
venligst lad os spille et spil,unknown,da,,,,
sæt ambient music på,playNamed,da,,,,ambient music
disconnect from group real quick,leaveSpeaker,en,,,,
vær så venlig at forbinde med terrassen,joinSpeaker,da,,,,
could you kindly leave the group,leaveSpeaker,en,,,,
would you play number four,playFavoriteByNumber,en,,,4,
trivia question now,unknown,en,,,,
lydniveau 70,setVolume,da,70,,,
can you hold the music,pause,en,,,,
hurtigt fjern dæmpning,unmute,da,,,,
vil du venligst sætte P8 Jazz på,playNamed,da,,,,
kan du venligst sætte lydstyrken til femoghalvfjerds,setVolume,da,75,,,
just stop already,stop,en,,,,
add me to the bathroom,joinSpeaker,en,,,,
lige lad være med det,cancel,da,,,,
just decrease volume by 5,volumeDown,en,,5,,
vær venlig at spille videre,resume,da,,,,
quickly scratch that,cancel,en,,,,
afspil nummer 4,playFavoriteByNumber,da,,,4,
i'd like you to put the volume at 55,setVolume,en,55,,,
lige ja det er fint,confirm,da,,,,
right now increase volume by 15,volumeUp,en,,15,,
kunne du ændre lydstyrken til 75,setVolume,da,75,,,
go ahead and separate this speaker now,leaveSpeaker,en,,,,
fjern gruppering med det samme,leaveSpeaker,da,,,,
lyder godt nu,confirm,da,,,,
faktisk glem det,cancel,da,,,,
dæmp lidt med det samme,volumeDown,da,,,,
skru ned for lyden med det samme,volumeDown,da,,,,
gør det lavere,volumeDown,da,,,,
go ahead and turn off the music,stop,en,,,,
nej ikke nu,cancel,da,,,,
ville du venligst sænke lydstyrken,volumeDown,da,,,,
how old are you now,unknown,en,,,,
i'd like you to resume the music,resume,en,,,,
det stemmer,confirm,da,,,,
could you please turn it down,volumeDown,en,,,,
ville du sætte P4 på,playNamed,da,,,,
vær stille,mute,da,,,,
nu list favoritterne,listFavorites,da,,,,
join the hallway,joinSpeaker,en,,,,
favorit nummer 1,playFavoriteByNumber,da,,,1,
go ahead and read out my favorites,listFavorites,en,,,,
vil du spille favorit 8,playFavoriteByNumber,da,,,8,
kill it,stop,en,,,,
i'd like you to play BBC Radio 4,playNamed,en,,,,BBC Radio 4
would you mind to play with the hallway,joinSpeaker,en,,,,
please change the volume to sixty,setVolume,en,60,,,
real quick cut the audio,mute,en,,,,
would you mind to hold the music,pause,en,,,,
nævn mine favoritter hurtigt,listFavorites,da,,,,
i need you to silence it,mute,en,,,,
keep playing,resume,en,,,,
hurtigt fortsæt hvor du slap,resume,da,,,,
bare hvad er vejret i dag,unknown,da,,,,
nu fjern mute,unmute,da,,,,
would you mind to turn it down,volumeDown,en,,,,
kunne du adskille højttaleren,leaveSpeaker,da,,,,
hurtigt det er nok,stop,da,,,,
just go for it,confirm,en,,,,
volume down,volumeDown,en,,,,
fortsæt med at spille,resume,da,,,,
mere lyd,volumeUp,da,,,,
vær venlig at fortælle mig mine favoritter,listFavorites,da,,,,
go ahead and play number 5,playFavoriteByNumber,en,,,5,
disconnect from the speakers right now,leaveSpeaker,en,,,,
right now quieter by thirty,volumeDown,en,,30,,
nu adskil,leaveSpeaker,da,,,,
hurtigt send en sms til min kone,unknown,da,,,,
quickly hold the song,pause,en,,,,
can you please play number 9,playFavoriteByNumber,en,,,9,
vær venlig at forbinde med entréen,joinSpeaker,da,,,,
kunne du venligst liste mine favoritter,listFavorites,da,,,,
yes let's right away,confirm,en,,,,
må jeg bede dig om at spille favorit syv,playFavoriteByNumber,da,,,7,
vær så venlig at skrue op,volumeUp,da,,,,
connect to the hallway,joinSpeaker,en,,,,
nu negativ,cancel,da,,,,
dæmp lidt hurtigt,volumeDown,da,,,,
volume to 20,setVolume,en,20,,,
lower the volume by 15 now,volumeDown,en,,15,,
kunne du venligst afspille study music,playNamed,da,,,,
mindre lydstyrke nu,volumeDown,da,,,,
må jeg bede dig om at gøre det højere,volumeUp,da,,,,
vis favoritterne,listFavorites,da,,,,
lige skift mening,cancel,da,,,,
må jeg bede dig om at genoptage,resume,da,,,,
volume down 15,volumeDown,en,,15,,
split off,leaveSpeaker,en,,,,
decrease volume by 15,volumeDown,en,,15,,
nu få mig til at grine,unknown,da,,,,
hurtigt sluk lyden,mute,da,,,,
i need you to play number 2,playFavoriteByNumber,en,,,2,
fjern mute nu,unmute,da,,,,
i would like you to join the bathroom,joinSpeaker,en,,,,
ville du venligst slukke for lyden,mute,da,,,,
skru op 20,volumeUp,da,,20,,
jeg vil gerne have at du indstille lydstyrken til nul,setVolume,da,0,,,
i need you to hold the music,pause,en,,,,
bare genoptag afspilningen,resume,da,,,,
please play favorite eight,playFavoriteByNumber,en,,,8,
list my favourites,listFavorites,en,,,,
could you kindly turn off the music,stop,en,,,,
now decrease the volume,volumeDown,en,,,,
ville du venligst fortælle mig mine favoritter,listFavorites,da,,,,
read my latest email,unknown,en,,,,
kan du afspille rock,playNamed,da,,,,
i would like you to put on P4,playNamed,en,,,,P4
skift lydstyrken til ti,setVolume,da,10,,,
just freeze it,pause,en,,,,
quickly be silent,mute,en,,,,
pause for a moment,pause,en,,,,
now turn it down by 20,volumeDown,en,,20,,
don't,cancel,en,,,,
real quick send a message to john,unknown,en,,,,
vær venlig at tilslutte haven,joinSpeaker,da,,,,
that is correct real quick,confirm,en,,,,
vil du skrue ned for lyden,volumeDown,da,,,,
link with the office,joinSpeaker,en,,,,
find en restaurant i nærheden,unknown,da,,,,
can you carry on,resume,en,,,,
could you kindly play number two,playFavoriteByNumber,en,,,2,
real quick goodbye,unknown,en,,,,
hvor er det nærmeste apotek med det samme,unknown,da,,,,
pause the speaker right now,pause,en,,,,
would you please separate this speaker,leaveSpeaker,en,,,,
afbryd handlingen hurtigt,cancel,da,,,,
i'd like you to hold the music,pause,en,,,,
kunne du venligst fjerne lydløs,unmute,da,,,,
stop bare,stop,da,,,,
højere med 5 med det samme,volumeUp,da,,5,,
i'd like you to put on a song,playDefault,en,,,,
forlad klyngen,leaveSpeaker,da,,,,
can you play favorite 6,playFavoriteByNumber,en,,,6,
vær venlig at ophæve grupperingen,leaveSpeaker,da,,,,
ville du afspille favorit nummer 7,playFavoriteByNumber,da,,,7,
just which favorites are saved,listFavorites,en,,,,
could you kindly silence it,mute,en,,,,
would you set volume to 40,setVolume,en,40,,,
play in sync,joinSpeaker,en,,,,
turn it down by 10,volumeDown,en,,10,,
ville du venligst afspille favorit nummer syv,playFavoriteByNumber,da,,,7,
bare skru ned med 30,volumeDown,da,,30,,
vil du slå lyden fra,mute,da,,,,
lad os ikke,cancel,da,,,,
med det samme list mine favoritter,listFavorites,da,,,,
could you kindly group with the patio,joinSpeaker,en,,,,
quickly bring sound back,unmute,en,,,,
godnat nu,unknown,da,,,,
real quick navigate home,unknown,en,,,,
venligst farvel,unknown,da,,,,
link to the patio,joinSpeaker,en,,,,
start morgenmusik,playNamed,en,,,,morgenmusik
play my usual right away,playDefault,en,,,,
kast plat eller krone hurtigt,unknown,da,,,,
could you kindly play klassisk,playNamed,en,,,,klassisk
afbryd forbindelsen,leaveSpeaker,da,,,,
sluk for lydløs med det samme,unmute,da,,,,
jeg vil bede dig om at spille favorit tre,playFavoriteByNumber,da,,,3,
i'd like you to restore the sound,unmute,en,,,,
would you mind to separate this speaker,leaveSpeaker,en,,,,
hvilken dag er det,unknown,da,,,,
med det samme hæv lydstyrken med femogtyve,volumeUp,da,,25,,
real quick play some tunes,playDefault,en,,,,
real quick agreed,confirm,en,,,,
jeg vil bede dig om at læse mine favoritter op,listFavorites,da,,,,
jeg vil gerne have at du skrue op for lyden,volumeUp,da,,,,
spil samtidig med køkkenet,joinSpeaker,da,,,,
spil alene,leaveSpeaker,da,,,,
med det samme frakobl denne højttaler,leaveSpeaker,da,,,,
kan du gruppere med terrassen,joinSpeaker,da,,,,
queue up music real quick,playDefault,en,,,,
play my favorite 3,playFavoriteByNumber,en,,,3,
play with the bedroom,joinSpeaker,en,,,,
would you put on Daft Punk,playNamed,en,,,,Daft Punk
okay right away,confirm,en,,,,
tell me a story real quick,unknown,en,,,,
make it louder now,volumeUp,en,,,,
med det samme spil mine sange,playDefault,da,,,,
højere med femogtyve med det samme,volumeUp,da,,25,,
sænk lydstyrken med tyve,volumeDown,da,,20,,
værsgod,confirm,da,,,,
would you silence it,mute,en,,,,
remove me from the group now,leaveSpeaker,en,,,,
ville du venligst afslutte musikken,stop,da,,,,
skru ned med 10 med det samme,volumeDown,da,,10,,
ville du sætte electronic på,playNamed,da,,,,
right now any breaking news,unknown,en,,,,
i need you to silence it real quick,mute,en,,,,
klart ja hurtigt,confirm,da,,,,
venligst stille,mute,da,,,,
real quick set an alarm for seven am,unknown,en,,,,
alright,confirm,en,,,,
ville du indstille lydstyrken til 1,setVolume,da,1,,,
kunne du skrue op for lyden,volumeUp,da,,,,
can you please set volume to 40,setVolume,en,40,,,
right away don't do it,cancel,en,,,,
ville du venligst tilslutte kælderen,joinSpeaker,da,,,,
wait a second real quick,pause,en,,,,
hurtigt nemlig,confirm,da,,,,
what's the news real quick,unknown,en,,,,
vær venlig at spille favorit 4,playFavoriteByNumber,da,,,4,
lower the volume by 30 right now,volumeDown,en,,30,,
right away decrease volume by 30,volumeDown,en,,30,,
play my eight favorite,playFavoriteByNumber,en,,,8,
sæt musikken på lydløs,mute,da,,,,
alright right away,confirm,en,,,,
jeg vil bede dig om at dæmpe lyden,mute,da,,,,
raise the volume,volumeUp,en,,,,
ville du skrue op,volumeUp,da,,,,
er hoveddøren låst,unknown,da,,,,
mute everything real quick,mute,en,,,,
midlertidig stop nu,pause,da,,,,
venligst hvilke favoritter er der,listFavorites,da,,,,
lower the volume by 5,volumeDown,en,,5,,
vil du venligst skrue op for lyden,volumeUp,da,,,,
lige højere med 10,volumeUp,da,,10,,
bare sænk lydstyrken med fem,volumeDown,da,,5,,
må jeg bede dig om at indstille lydstyrken til 35,setVolume,da,35,,,
could you play number four,playFavoriteByNumber,en,,,4,
i want to hear the jazz,playNamed,en,,,,jazz
list the favorites now,listFavorites,en,,,,
bare skru op med 20,volumeUp,da,,20,,
pause nummeret,pause,da,,,,
turn it up by five,volumeUp,en,,5,,
kunne du venligst sætte Pop FM på,playNamed,da,,,,
resume the music,resume,en,,,,
right now play whatever was on,playDefault,en,,,,
right now lower the volume by 30,volumeDown,en,,30,,
bare skru ned med tyve,volumeDown,da,,20,,
jeg vil gerne have at du gruppere med ovenpå,joinSpeaker,da,,,,
nu hvor er min telefon,unknown,da,,,,
hold op med det,stop,da,,,,
hvem har lavet dig,unknown,da,,,,
can you please play number 7,playFavoriteByNumber,en,,,7,
lige lavere med tyve,volumeDown,da,,20,,
hvem har lavet dig hurtigt,unknown,da,,,,
sæt P3,playNamed,da,,,,P3
no thank you,cancel,en,,,,
i want sound back now,unmute,en,,,,
tænd lyden igen med det samme,unmute,da,,,,
would you mind to turn off the music,stop,en,,,,
vil du venligst ændre lydstyrken til fem,setVolume,da,5,,,
resume from where it stopped right away,resume,en,,,,
venligst afbryd alt,cancel,da,,,,
fortryd det nu,cancel,da,,,,
stop den handling nu,cancel,da,,,,
please set volume to 40,setVolume,en,40,,,
nu afspil,playDefault,da,,,,
unpause it,resume,en,,,,
would you please play number nine,playFavoriteByNumber,en,,,9,
put on favorite one,playFavoriteByNumber,en,,,1,
right away kill the audio,mute,en,,,,
leave the others real quick,leaveSpeaker,en,,,,
kan du venligst spille med soveværelset,joinSpeaker,da,,,,
right now go ahead and play music,playDefault,en,,,,
ville du venligst sætte morning playlist på,playNamed,da,,,,
just i need a pause,pause,en,,,,
lige skru op 20,volumeUp,da,,20,,
med det samme fortæl mig mine favoritter,listFavorites,da,,,,
i need you to ungroup,leaveSpeaker,en,,,,
favorit nummer 8,playFavoriteByNumber,da,,,8,
could you play with the kitchen,joinSpeaker,en,,,,
just fine yes,confirm,en,,,,
quickly begin playing,playDefault,en,,,,
vær venlig at gruppere med kontoret,joinSpeaker,da,,,,
med det samme hvilke favoritter er der,listFavorites,da,,,,
vær så venlig at afspille jazz,playNamed,da,,,,
kør bare på nu,confirm,da,,,,
i would like you to change the volume to 90,setVolume,en,90,,,
add me to the patio,joinSpeaker,en,,,,
hurtigt sæt lidt musik på,playDefault,da,,,,
increase volume,volumeUp,en,,,,
nu skru ned med ti,volumeDown,da,,10,,
that's enough right now,stop,en,,,,
what stations are saved now,listFavorites,en,,,,
would you mind to play Adele,playNamed,en,,,,Adele
vær venlig at slå lyden fra,mute,da,,,,
nu jeg bekræfter,confirm,da,,,,
skru op 25 nu,volumeUp,da,,25,,
i would like you to disconnect,leaveSpeaker,en,,,,
kan du spille favorit syv,playFavoriteByNumber,da,,,7,
jeg vil bede dig om at spille noget,playDefault,da,,,,
bare det er rigtigt,confirm,da,,,,
right now turn the volume down,volumeDown,en,,,,
right away go ahead,confirm,en,,,,
nu spil for dig selv,leaveSpeaker,da,,,,
vær venlig at afspille favorit nummer seks,playFavoriteByNumber,da,,,6,
could you kindly change the volume to 60,setVolume,en,60,,,
stop det der,cancel,da,,,,
real quick split this speaker off,leaveSpeaker,en,,,,
right now no more music,stop,en,,,,
what's the capital of france,unknown,en,,,,
what presets do i have real quick,listFavorites,en,,,,
i need you to play favorite 7,playFavoriteByNumber,en,,,7,
nemlig,confirm,da,,,,
right now pause this,pause,en,,,,
volume down thirty,volumeDown,en,,30,,
kunne du sætte musik på,playDefault,da,,,,
quickly unmute the speaker,unmute,en,,,,
jeg vil bede dig om at liste mine favoritter,listFavorites,da,,,,
now i'd like you to disconnect,leaveSpeaker,en,,,,
now i need you to carry on,resume,en,,,,
how cold is it,unknown,en,,,,
add the upstairs speaker to the group,joinSpeaker,en,,,,
could you join the office,joinSpeaker,en,,,,
please list my favorites,listFavorites,en,,,,
lower the volume by 10 now,volumeDown,en,,10,,
vil du liste mine favoritter,listFavorites,da,,,,
negativ,cancel,da,,,,
yeah okay,confirm,en,,,,
bekræft,confirm,da,,,,
right now what are my favorites,listFavorites,en,,,,
would you turn it down,volumeDown,en,,,,
ville du sætte lydstyrken til 80,setVolume,da,80,,,
kobl sammen med stuen,joinSpeaker,da,,,,
real quick i want you to stop,stop,en,,,,
spil favorit nummer 5,playFavoriteByNumber,da,,,5,
hurtigt lavere med 20,volumeDown,da,,20,,
i need silence,mute,en,,,,
kan du spille P3,playNamed,da,,,,
nu ikke gør det,cancel,da,,,,
sæt ambient music,playNamed,da,,,,ambient music
now i'd like you to ungroup,leaveSpeaker,en,,,,
fortsæt musikken,resume,da,,,,
afspil musik hurtigt,playDefault,da,,,,
i'd like you to stop,stop,en,,,,
raise the volume by 5 right now,volumeUp,en,,5,,
real quick remove this speaker,leaveSpeaker,en,,,,
lavere med femogtyve,volumeDown,da,,25,,
venligst det er forkert,cancel,da,,,,
right away what's on the favorites list,listFavorites,en,,,,
right now mute the song,mute,en,,,,
sæt det på pause med det samme,pause,da,,,,
would you stop playing,stop,en,,,,
lad det spille videre med det samme,resume,da,,,,
vil du venligst skrue ned for lyden,volumeDown,da,,,,
can you play favorite four,playFavoriteByNumber,en,,,4,
stop lydløs,unmute,da,,,,
right away no more music,stop,en,,,,
drop det hurtigt,cancel,da,,,,
i'd like you to disconnect now,leaveSpeaker,en,,,,
mindre volumen,volumeDown,da,,,,
vil du venligst sætte lydstyrken til tredive,setVolume,da,30,,,
which favorites are there right away,listFavorites,en,,,,
må jeg bede dig om at adskille højttaleren,leaveSpeaker,da,,,,
real quick add eggs to my shopping list,unknown,en,,,,
vil du afspille favorit nummer 6,playFavoriteByNumber,da,,,6,
continue the song,resume,en,,,,
would you put the volume at ninety,setVolume,en,90,,,
bump the volume real quick,volumeUp,en,,,,
start playing,playDefault,en,,,,
kan du sætte The Daily på,playNamed,da,,,,
i would like you to play something,playDefault,en,,,,
nævn mine favoritter,listFavorites,da,,,,
jeg vil gerne have at du afspille P4,playNamed,da,,,,
all right,confirm,en,,,,
quickly decrease volume by 20,volumeDown,en,,20,,
hurtigt jeg vil have ro,stop,da,,,,
ville du venligst sætte musik på,playDefault,da,,,,
can you play The Voice,playNamed,en,,,,Voice
can you join the dining room,joinSpeaker,en,,,,
sluk for lyden nu,mute,da,,,,
now i need you to resume,resume,en,,,,
højere med ti,volumeUp,da,,10,,
now actually no,cancel,en,,,,
regner det i morgen,unknown,da,,,,
spil classical,playNamed,da,,,,classical
unpause now,resume,en,,,,
hurtigt jeg vil høre noget igen,unmute,da,,,,
now abort it,cancel,en,,,,
venligst skru ned med 20,volumeDown,da,,20,,
back out real quick,cancel,en,,,,
would you set volume to 45,setVolume,en,45,,,
right away pause the audio,pause,en,,,,
stop det,stop,da,,,,
i need you to put the volume at 35,setVolume,en,35,,,
play again,resume,en,,,,
med det samme jeg vil høre noget igen,unmute,da,,,,
lidt højere,volumeUp,da,,,,
right away stop,stop,en,,,,
i want you to mute the speaker,mute,en,,,,
genoptag afspilningen,resume,da,,,,
skift til lydstyrke 99,setVolume,da,99,,,
right now carry on playing,resume,en,,,,
hurtigt pause,pause,da,,,,
kindly put on Radio 100,playNamed,en,,,,Radio 100
go silent,mute,en,,,,
afspil favorit nummer 6,playFavoriteByNumber,da,,,6,
just pump it up,volumeUp,en,,,,
med det samme lås døren,unknown,da,,,,
would you put on a song,playDefault,en,,,,
put something on,playDefault,en,,,,
real quick go ahead and kill the sound,mute,en,,,,
ville du venligst spille Classic FM,playNamed,da,,,,
hurtigt hæv lydstyrken med 15,volumeUp,da,,15,,
vær venlig at spille med soveværelset,joinSpeaker,da,,,,
i need you to change the volume to 25,setVolume,en,25,,,
i want you to play number nine,playFavoriteByNumber,en,,,9,
list my favourites right now,listFavorites,en,,,,
real quick i'd like you to keep playing,resume,en,,,,
real quick ya,confirm,en,,,,
right now enough already,stop,en,,,,
sæt Taylor Swift,playNamed,da,,,,Taylor Swift
hurtigt sæt musik på,playDefault,da,,,,
ville du venligst ændre lydstyrken til 15,setVolume,da,15,,,
quickly changed my mind,cancel,en,,,,
spil det jeg hørte sidst med det samme,playDefault,da,,,,
bekræft med det samme,confirm,da,,,,
can you play with the basement,joinSpeaker,en,,,,
vær så venlig at forbinde med ovenpå,joinSpeaker,da,,,,
kunne du slukke for lyden,mute,da,,,,
remove from group right away,leaveSpeaker,en,,,,
vil du venligst forbinde med soveværelset,joinSpeaker,da,,,,
i want you to separate this speaker,leaveSpeaker,en,,,,
please play favorite one,playFavoriteByNumber,en,,,1,
set volume to twenty,setVolume,en,20,,,
med det samme gør det,confirm,da,,,,
kan du venligst ændre lydstyrken til fem,setVolume,da,5,,,
right away don't,cancel,en,,,,
vær så venlig at afspille P2,playNamed,da,,,,
venligst hvad står der i min kalender,unknown,da,,,,
play in the bedroom too,joinSpeaker,en,,,,
klart hurtigt,confirm,da,,,,
skru op 15,volumeUp,da,,15,,
would you mind to join the upstairs speaker,joinSpeaker,en,,,,
show favourites right away,listFavorites,en,,,,
kan du venligst sætte hip hop på,playNamed,da,,,,
fine real quick,confirm,en,,,,
right now let it resume,resume,en,,,,
må jeg bede dig om at afspille Kim Larsen,playNamed,da,,,,
spil hurtigt,playDefault,da,,,,
ville du sætte lydstyrken til halvfjerds,setVolume,da,70,,,
silence the speaker real quick,mute,en,,,,
end playback now,stop,en,,,,
right away turn it down by ten,volumeDown,en,,10,,
vær venlig at forbinde med kontoret,joinSpeaker,da,,,,
ville du tilslutte haven,joinSpeaker,da,,,,
turn on the audio,unmute,en,,,,
right now who made you,unknown,en,,,,
list favoritterne,listFavorites,da,,,,
indstil lydstyrken til 99,setVolume,da,99,,,
sæt lidt musik på,playDefault,da,,,,
venligst vær så venlig at stoppe afspilningen,stop,da,,,,
get back to it,resume,en,,,,
i'd like you to keep playing,resume,en,,,,
join the group with the hallway,joinSpeaker,en,,,,
hurtigt skru ned 15,volumeDown,da,,15,,
jeg vil gerne have at du indstille lydstyrken til tredive,setVolume,da,30,,,
confirm,confirm,en,,,,
right now all right then,confirm,en,,,,
sæt favorit 3 på,playFavoriteByNumber,da,,,3,
would you mind to put on P5,playNamed,en,,,,P5
quickly quieter by 20,volumeDown,en,,20,,
go ahead and tell me my favorites,listFavorites,en,,,,
vær så venlig at pause,pause,da,,,,
slå på lydløs,mute,da,,,,
go ahead and leave the group,leaveSpeaker,en,,,,
could you play favorite 9,playFavoriteByNumber,en,,,9,
could you kindly kill the music,stop,en,,,,
med det samme genoptag musikken,resume,da,,,,
turn it down by twenty-five real quick,volumeDown,en,,25,,
hurtigt vær så venlig at pause,pause,da,,,,
naw now,cancel,en,,,,
merge with the office,joinSpeaker,en,,,,
i need you to put the volume at 30,setVolume,en,30,,,
med det samme stop gruppering,leaveSpeaker,da,,,,
translate hello to french now,unknown,en,,,,
turn down the volume right now,volumeDown,en,,,,
ingen lyd tak med det samme,mute,da,,,,
skru op med 5 hurtigt,volumeUp,da,,5,,
sæt Radio 100 på,playNamed,da,,,,Radio 100
fine by me real quick,confirm,en,,,,
vær så venlig at afspille The Beatles,playNamed,da,,,,
må jeg bede dig om at tænde lyden igen,unmute,da,,,,
nu læs favoritterne op,listFavorites,da,,,,
bare det er ikke rigtigt,cancel,da,,,,
lyd på,unmute,da,,,,
ville du sætte Adele på,playNamed,da,,,,
jeg vil gerne have at du pause afspilningen,pause,da,,,,
vent et øjeblik,pause,da,,,,
could you please play hip hop,playNamed,en,,,,hip hop
pause musikken,pause,da,,,,
lige start igen,resume,da,,,,
real quick disconnect from the group,leaveSpeaker,en,,,,
right now play the usual,playDefault,en,,,,
mute it,mute,en,,,,
i need you to stop now,stop,en,,,,
sæt P4,playNamed,da,,,,P4
i'd like you to turn it down,volumeDown,en,,,,
i want you to change the volume to 20,setVolume,en,20,,,
stop den hurtigt,stop,da,,,,
what's the score of the game real quick,unknown,en,,,,
decrease volume by 30 right away,volumeDown,en,,30,,
unsync this,leaveSpeaker,en,,,,
ville du venligst indstille lydstyrken til 35,setVolume,da,35,,,
could you please pause it,pause,en,,,,
jeg vil bede dig om at pause musikken,pause,da,,,,
vent her med det samme,pause,da,,,,
i would like you to resume now,resume,en,,,,
vil du venligst sætte musik på,playDefault,da,,,,
right now separate,leaveSpeaker,en,,,,
right now restore audio,unmute,en,,,,
bare fjern mig fra gruppen,leaveSpeaker,da,,,,
vil du afspille favorit nummer tre,playFavoriteByNumber,da,,,3,
go ahead and freeze the music,pause,en,,,,
just do not,cancel,en,,,,
med det samme afspil noget musik,playDefault,da,,,,
could you kindly join the dining room,joinSpeaker,en,,,,
kobl med badeværelset,joinSpeaker,da,,,,
would you mind to put on Genstart,playNamed,en,,,,Genstart
skru op for lyden,volumeUp,da,,,,
hvad kan du,unknown,da,,,,
må jeg bede dig om at starte musikken,playDefault,da,,,,
just play a game,unknown,en,,,,
jeg vil gerne have at du indstille lydstyrken til 75,setVolume,da,75,,,
right now raise the volume by 30,volumeUp,en,,30,,
unmute now,unmute,en,,,,
right now on second thought no,cancel,en,,,,
vil du afspille favorit nummer 2,playFavoriteByNumber,da,,,2,
now resume my music,playDefault,en,,,,
vær så venlig at fjerne dæmpningen hurtigt,unmute,da,,,,
hurtigt tilbage til normal lyd,unmute,da,,,,
just indeed,confirm,en,,,,
i would like you to resume right now,resume,en,,,,
quickly correct,confirm,en,,,,
lige lyder fint,confirm,da,,,,
please put on Nova FM,playNamed,en,,,,Nova FM
go ahead right away,confirm,en,,,,
kunne du sætte lydstyrken til 20,setVolume,da,20,,,
venligst stop den,stop,da,,,,
quickly how do i bake a cake,unknown,en,,,,
venligst mere volumen,volumeUp,da,,,,
vis hele listen nu,listFavorites,da,,,,
now text my wife,unknown,en,,,,
hold op,stop,da,,,,
det passer nu,confirm,da,,,,
volume fifty,setVolume,en,50,,,
hurtigt hvad skal jeg spise til aften,unknown,da,,,,
vær så venlig at spille med køkkenet,joinSpeaker,da,,,,
right now resume playing,resume,en,,,,
would you play Mads og Monopolet,playNamed,en,,,,Mads og Monopolet
volume up five,volumeUp,en,,5,,
må jeg bede dig om at tilslutte stuen,joinSpeaker,da,,,,
match the bathroom,joinSpeaker,en,,,,
can you lower the volume,volumeDown,en,,,,
må jeg bede dig om at læse mine favoritter op,listFavorites,da,,,,
put on some music now,playDefault,en,,,,
would you mind to put on Radio 100,playNamed,en,,,,Radio 100
louder by five real quick,volumeUp,en,,5,,
yup now,confirm,en,,,,
nu sæt lidt musik på,playDefault,da,,,,
nu spil igen,resume,da,,,,
absolutely right away,confirm,en,,,,
venligst hvad har jeg på listen,listFavorites,da,,,,
pause for a moment right away,pause,en,,,,
just i'd like you to stop playing,stop,en,,,,
play P7,playNamed,en,,,,P7
kan du afspille favorit nummer fem,playFavoriteByNumber,da,,,5,
vil du venligst spille Mew,playNamed,da,,,,
quieter by thirty,volumeDown,en,,30,,
turn it up by ten real quick,volumeUp,en,,10,,
i would like you to play Kim Larsen,playNamed,en,,,,Kim Larsen
afspil favorit nummer ti,playFavoriteByNumber,da,,,10,
afspil nummer 10,playFavoriteByNumber,da,,,10,
kill the music now,stop,en,,,,
nu naturligvis,confirm,da,,,,
hurtigt sæt noget på,playDefault,da,,,,
lige jeg vil gerne høre musik,playDefault,da,,,,
vil du venligst sænke lydstyrken,volumeDown,da,,,,
må jeg bede dig om at dæmpe lyden,mute,da,,,,
min favoritliste,listFavorites,da,,,,
med det samme højere med fem,volumeUp,da,,5,,
could you please stop,stop,en,,,,
kindly resume the music,resume,en,,,,
right away stop the music,stop,en,,,,
play my usual,playDefault,en,,,,
kunne du forbinde med stuen,joinSpeaker,da,,,,
hurtigt sæt noget musik på,playDefault,da,,,,
vær venlig at tænde lyden igen,unmute,da,,,,
hurtigt skru ned med fem,volumeDown,da,,5,,
quickly leave the cluster,leaveSpeaker,en,,,,
begynd at spille,playDefault,da,,,,
i need you to play music,playDefault,en,,,,
vær venlig at sætte lydstyrken til 60,setVolume,da,60,,,
hurtigt sluk for sangen,stop,da,,,,
bare ophæv dæmpningen,unmute,da,,,,
right away quieter by twenty,volumeDown,en,,20,,
right now restore the volume,unmute,en,,,,
i want you to play music,playDefault,en,,,,
could you play BBC Radio 4,playNamed,en,,,,BBC Radio 4
kunne du venligst sætte electronic på,playNamed,da,,,,
right away go ahead and turn it down,volumeDown,en,,,,
venligst skru op 10,volumeUp,da,,10,,
kindly separate this speaker,leaveSpeaker,en,,,,
please bring back the sound,unmute,en,,,,
skru ned med tredive,volumeDown,da,,30,,
kan du sætte lydstyrken til 55,setVolume,da,55,,,
ville du venligst sætte afslapningsmusik på,playNamed,da,,,,
i need you to turn it down,volumeDown,en,,,,
kindly play number 3,playFavoriteByNumber,en,,,3,
sænk volumen med det samme,volumeDown,da,,,,
no more music right now,stop,en,,,,
right now go quiet,mute,en,,,,
just mute it,mute,en,,,,
lydstyrken på femten,setVolume,da,15,,,
lyd fra med det samme,mute,da,,,,
nu mere lydstyrke,volumeUp,da,,,,
right away i want you to keep playing,resume,en,,,,
which favourites do i have right away,listFavorites,en,,,,
could you please play with the bathroom,joinSpeaker,en,,,,
right away volume up 5,volumeUp,en,,5,,
vil du forbinde med spisestuen,joinSpeaker,da,,,,
kan du venligst dæmpe lyden,mute,da,,,,
i want you to turn off the music,stop,en,,,,
volume level 95,setVolume,en,95,,,
kan du venligst spille noget,playDefault,da,,,,
vær venlig at skrue ned,volumeDown,da,,,,
yes do it real quick,confirm,en,,,,
nu vær så venlig at ophæve grupperingen,leaveSpeaker,da,,,,
hurtigt ikke denne gang,cancel,da,,,,
jeg vil gerne have at du holde pause,pause,da,,,,
i'd like you to join the patio,joinSpeaker,en,,,,
i'd like you to ungroup right away,leaveSpeaker,en,,,,
hvilken dag er det nu,unknown,da,,,,
now restore the sound,unmute,en,,,,
skru op hurtigt,volumeUp,da,,,,
lige højere med ti,volumeUp,da,,10,,
i need you to change the volume to eighty,setVolume,en,80,,,
could you kindly put the volume at 85,setVolume,en,85,,,
spil samtidig med kontoret,joinSpeaker,da,,,,
would you play morgenmusik,playNamed,en,,,,morgenmusik
i want it to stop,stop,en,,,,
forbind til stuen,joinSpeaker,da,,,,
go ahead and play number ten,playFavoriteByNumber,en,,,10,
fortæl mig mine favoritter,listFavorites,da,,,,
hurtigt afkobl,leaveSpeaker,da,,,,
real quick silence it,mute,en,,,,
just increase volume by 5,volumeUp,en,,5,,
ok tak nu,confirm,da,,,,
i'd like you to lower the volume,volumeDown,en,,,,
schedule a meeting for tomorrow real quick,unknown,en,,,,
ville du venligst ændre lydstyrken til 45,setVolume,da,45,,,
would you mind to put on Daft Punk,playNamed,en,,,,Daft Punk
would you play number nine,playFavoriteByNumber,en,,,9,
right away raise the volume by 25,volumeUp,en,,25,,
ville du venligst tilslutte spisestuen,joinSpeaker,da,,,,
kunne du venligst spille favorit 3,playFavoriteByNumber,da,,,3,
real quick cancel,cancel,en,,,,
jeg vil bede dig om at fortælle mig mine favoritter,listFavorites,da,,,,
right now exit mute,unmute,en,,,,
kindly play number seven,playFavoriteByNumber,en,,,7,
right away actually no,cancel,en,,,,
spil her og i spisestuen,joinSpeaker,da,,,,
hæv lydstyrken med ti,volumeUp,da,,10,,
hurtigt oversæt dette til tysk,unknown,da,,,,
that's correct right away,confirm,en,,,,
vil du sætte This American Life på,playNamed,da,,,,
hurtigt spil mit sædvanlige,playDefault,da,,,,
i need you to end the music,stop,en,,,,
quickly give me some music,playDefault,en,,,,
med det samme kast en terning,unknown,da,,,,
hurtigt afsynkroniser,leaveSpeaker,da,,,,
go ahead and ungroup,leaveSpeaker,en,,,,
would you please resume,resume,en,,,,
ville du venligst spille rock,playNamed,da,,,,
godt,confirm,da,,,,
can you please play with the hallway,joinSpeaker,en,,,,
could you please play P3,playNamed,en,,,,P3
can you please set volume to eighty,setVolume,en,80,,,
perfekt hurtigt,confirm,da,,,,
quickly ungroup the speakers,leaveSpeaker,en,,,,
vil du venligst holde op,stop,da,,,,
volume at thirty,setVolume,en,30,,,
mute this,mute,en,,,,
volume down thirty real quick,volumeDown,en,,30,,
spil det sædvanlige nu,playDefault,da,,,,
ungroup the speakers,leaveSpeaker,en,,,,
vil du spille med ovenpå,joinSpeaker,da,,,,
jeg vil bede dig om at afspille favorit nummer 1,playFavoriteByNumber,da,,,1,
would you please mute the speaker,mute,en,,,,
lige vær så venlig at genoptage,resume,da,,,,
vær så venlig at ændre lydstyrken til 35,setVolume,da,35,,,
bare hvad er klokken,unknown,da,,,,
do you have feelings now,unknown,en,,,,
nu ja sikkert,confirm,da,,,,
would you put the volume at 100,setVolume,en,100,,,
i need you to play with the basement,joinSpeaker,en,,,,
favoritlisten,listFavorites,da,,,,
hurtigt stop den,stop,da,,,,
quickly tell me what's in favorites,listFavorites,en,,,,
vær så venlig at forbinde med haven,joinSpeaker,da,,,,
vil du venligst skrue ned,volumeDown,da,,,,
yup right away,confirm,en,,,,
vær så venlig at forbinde med entréen,joinSpeaker,da,,,,
turn it down,volumeDown,en,,,,
kunne du venligst stoppe afspilningen,stop,da,,,,
right away raise it,volumeUp,en,,,,
vil du afspille klassisk,playNamed,da,,,,
just any sports updates,unknown,en,,,,
send a message to john real quick,unknown,en,,,,
venligst annuller,cancel,da,,,,
pause it,pause,en,,,,
venligst vent nej,cancel,da,,,,
med det samme lyd til,unmute,da,,,,
quickly exit mute,unmute,en,,,,
perfekt,confirm,da,,,,
i would like you to show me my favorites,listFavorites,en,,,,
right now hold the audio,pause,en,,,,
ophæv pause,resume,da,,,,
let it play right away,resume,en,,,,
would you mind to carry on,resume,en,,,,
stop helt nu,stop,da,,,,
wait no,cancel,en,,,,
lige vis favoritterne,listFavorites,da,,,,
could you please play music,playDefault,en,,,,
could you kindly keep playing,resume,en,,,,
nu skru ned 30,volumeDown,da,,30,,
right away absolutely,confirm,en,,,,
flip a coin,unknown,en,,,,
could you kindly play number five,playFavoriteByNumber,en,,,5,
i need you to bring back the sound,unmute,en,,,,
kan du slukke for musikken,stop,da,,,,
right away lower the volume,volumeDown,en,,,,
kan du venligst sætte på pause,pause,da,,,,
må jeg bede dig om at fortælle mig mine favoritter,listFavorites,da,,,,
would you mind to keep playing,resume,en,,,,
må jeg bede dig om at stoppe afspilningen,stop,da,,,,
right now remove mute,unmute,en,,,,
vil du venligst ophæve grupperingen,leaveSpeaker,da,,,,
hurtigt hæv lydstyrken,volumeUp,da,,,,
could you please show me my favorites,listFavorites,en,,,,
now scratch that,cancel,en,,,,
right now read the favorites,listFavorites,en,,,,
right away start playing again,resume,en,,,,
i would like you to play number six,playFavoriteByNumber,en,,,6,
when is sunset,unknown,en,,,,
jeg vil bede dig om at adskille højttaleren,leaveSpeaker,da,,,,
kunne du spille musik,playDefault,da,,,,
skru lidt ned,volumeDown,da,,,,
right away resume from where it stopped,resume,en,,,,
kunne du venligst sætte Pink Floyd på,playNamed,da,,,,
play favorite number 7,playFavoriteByNumber,en,,,7,
can you pause it,pause,en,,,,
yes do it,confirm,en,,,,
vil du venligst spille favorit 9,playFavoriteByNumber,da,,,9,
må jeg bede dig om at skrue op for lyden,volumeUp,da,,,,
lige hvornår står solen op,unknown,da,,,,
list favourites,listFavorites,en,,,,
go ahead and set volume to seventy,setVolume,en,70,,,
kan du venligst tilslutte køkkenet,joinSpeaker,da,,,,
go on,resume,en,,,,
i need you to play NPR,playNamed,en,,,,NPR
i want you to continue right now,resume,en,,,,
lige ingen lyd,mute,da,,,,
right now mute that,mute,en,,,,
ikke nu,cancel,da,,,,
no sound right away,mute,en,,,,
hvilke favoritter er gemt med det samme,listFavorites,da,,,,
nu jeg vil høre musik,playDefault,da,,,,
right now wait,pause,en,,,,
right now not this time,cancel,en,,,,
stop right there right away,cancel,en,,,,
go ahead and play number 9,playFavoriteByNumber,en,,,9,
hvordan var din dag med det samme,unknown,da,,,,
tilbage til at have lyd hurtigt,unmute,da,,,,
go ahead and lower the volume,volumeDown,en,,,,
hvor gammel er du nu,unknown,da,,,,
nu find en kaffebar,unknown,da,,,,
bare ja gør det,confirm,da,,,,
now not this time,cancel,en,,,,
i want to hear Bob Dylan,playNamed,en,,,,Bob Dylan
turn it up by 20 right now,volumeUp,en,,20,,
real quick go ahead and increase the volume,volumeUp,en,,,,
unpair,leaveSpeaker,en,,,,
real quick continue playing,resume,en,,,,
play,playDefault,en,,,,
play what i was listening to right now,playDefault,en,,,,
now separate from group,leaveSpeaker,en,,,,
nu lad musikken køre videre,resume,da,,,,
just i need you to carry on,resume,en,,,,
can you pause,pause,en,,,,
could you please put the volume at thirty,setVolume,en,30,,,
just what's two plus two,unknown,en,,,,
would you please list my favorites,listFavorites,en,,,,
kunne du mute,mute,da,,,,
nu sænk lydstyrken med 15,volumeDown,da,,15,,
give me sound back real quick,unmute,en,,,,
list my presets right away,listFavorites,en,,,,
vær venlig at læse mine favoritter op,listFavorites,da,,,,
vil du venligst pause afspilningen,pause,da,,,,
vær så venlig at ophæve grupperingen nu,leaveSpeaker,da,,,,
hurtigt planlæg et møde i morgen,unknown,da,,,,
start Mads og Monopolet,playNamed,da,,,,Mads og Monopolet
unlink right now,leaveSpeaker,en,,,,
turn the music off right now,stop,en,,,,
forget that now,cancel,en,,,,
vær venlig at indstille lydstyrken til 85,setVolume,da,85,,,
please play number six,playFavoriteByNumber,en,,,6,
kunne du venligst sætte lydstyrken til fem,setVolume,da,5,,,
never mind that right away,cancel,en,,,,
med det samme split højttaleren,leaveSpeaker,da,,,,
jeg vil gerne have at du ændre lydstyrken til 90,setVolume,da,90,,,
nu glem den ting,cancel,da,,,,
kunne du venligst fjerne dæmpningen,unmute,da,,,,
lige mute,mute,da,,,,
go ahead and play MØ,playNamed,en,,,,MØ
increase volume by 30,volumeUp,en,,30,,
lyd igen,unmute,da,,,,
please keep playing,resume,en,,,,
i want you to set volume to 20,setVolume,en,20,,,
jeg vil bede dig om at indstille lydstyrken til firs,setVolume,da,80,,,
kan du venligst ophæve dæmpningen,unmute,da,,,,
jeg vil gerne have at du skrue op,volumeUp,da,,,,
quickly i need you to unpause,resume,en,,,,
can you please make it louder,volumeUp,en,,,,
ville du ændre lydstyrken til 85,setVolume,da,85,,,
ville du afspille Bob Dylan,playNamed,da,,,,
go ahead and lower the volume right now,volumeDown,en,,,,
i would like you to group with the bedroom,joinSpeaker,en,,,,
i'd like you to play number one,playFavoriteByNumber,en,,,1,
hæv lydstyrken med ti med det samme,volumeUp,da,,10,,
let the music play right away,resume,en,,,,
stop nummeret med det samme,stop,da,,,,
ville du forlade gruppen,leaveSpeaker,da,,,,
gå solo,leaveSpeaker,da,,,,
kan du afspille favorit nummer 1,playFavoriteByNumber,da,,,1,
can you put on Kim Larsen,playNamed,en,,,,Kim Larsen
directions to the airport now,unknown,en,,,,
nu lad os pause,pause,da,,,,
vis mig favoritlisten,listFavorites,da,,,,
now go ahead and leave the group,leaveSpeaker,en,,,,
kill it real quick,stop,en,,,,
lige mind mig om at købe mælk,unknown,da,,,,
just i'd like you to unmute,unmute,en,,,,
bare sænk lydstyrken med 5,volumeDown,da,,5,,
just go ahead and resume the music,resume,en,,,,
højere med tyve,volumeUp,da,,20,,
indstil lydstyrken til 90,setVolume,da,90,,,
lav en sandwich til mig,unknown,da,,,,
venligst vær så venlig at spille noget,playDefault,da,,,,
kunne du afspille favorit nummer fem,playFavoriteByNumber,da,,,5,
spil favorit to tak,playFavoriteByNumber,da,,,2,
freeze playback right away,pause,en,,,,
kindly change the volume to 95,setVolume,en,95,,,
i want you to play number 7,playFavoriteByNumber,en,,,7,
nu ja lad os,confirm,da,,,,
right now go ahead and kill the music,stop,en,,,,
just i need you to ungroup,leaveSpeaker,en,,,,
musik tak,playDefault,da,,,,
could you please put on Volbeat,playNamed,en,,,,Volbeat
play solo,leaveSpeaker,en,,,,
now sounds right,confirm,en,,,,
vær så venlig at slukke for lyden,mute,da,,,,
real quick i want you to unmute,unmute,en,,,,
right away i need silence,mute,en,,,,
real quick fine by me,confirm,en,,,,
quickly leave the speakers,leaveSpeaker,en,,,,
vil du venligst fortsætte,resume,da,,,,
join the group with the bedroom,joinSpeaker,en,,,,
could you play number 7,playFavoriteByNumber,en,,,7,
right now go ahead and make it quieter,volumeDown,en,,,,
ophæv lydløs,unmute,da,,,,
would you list my favorites,listFavorites,en,,,,
nu lad være,cancel,da,,,,
bare stop musikken,stop,da,,,,
give me the sound back now,unmute,en,,,,
vent nej,cancel,da,,,,
kindly silence it,mute,en,,,,
sounds right real quick,confirm,en,,,,
lydstyrke fyrre,setVolume,da,40,,,
hjælp mig med min lektie,unknown,da,,,,
bare hvordan bager jeg en kage,unknown,da,,,,
mute real quick,mute,en,,,,
i orden,confirm,da,,,,
back to music right away,resume,en,,,,
hurtigt hvor er mine nøgler,unknown,da,,,,
med det samme hold op med at spille,stop,da,,,,
turn it down by 15 real quick,volumeDown,en,,15,,
would you please turn it up,volumeUp,en,,,,
just put something on,playDefault,en,,,,
venligst har jeg nogen nye beskeder,unknown,da,,,,
hurtigt præcis,confirm,da,,,,
can you please set volume to one hundred,setVolume,en,100,,,
vær så venlig at mute,mute,da,,,,
kindly leave the group,leaveSpeaker,en,,,,
translate hello to french,unknown,en,,,,
pick up where you left off,resume,en,,,,
what's the weather today,unknown,en,,,,
negative real quick,cancel,en,,,,
i'd like you to play favorite 1,playFavoriteByNumber,en,,,1,
venligst lidt højere,volumeUp,da,,,,
nu tag en pause,pause,da,,,,
please put the volume at 70,setVolume,en,70,,,
niveau nul,setVolume,da,0,,,
farvel nu,unknown,da,,,,
turn the sound back on right now,unmute,en,,,,
now lower the volume by 15,volumeDown,en,,15,,
skru ned med fem hurtigt,volumeDown,da,,5,,
right away end mute,unmute,en,,,,
please play number 8,playFavoriteByNumber,en,,,8,
fire up Miles Davis,playNamed,en,,,,Miles Davis
quickly i changed my mind,cancel,en,,,,
kan du venligst sætte Jazz FM på,playNamed,da,,,,
yes thanks now,confirm,en,,,,
vil du venligst vise mine favoritter,listFavorites,da,,,,
afbryd lige,pause,da,,,,
vis mig et kort over paris hurtigt,unknown,da,,,,
kunne du venligst pause,pause,da,,,,
afspil,playDefault,da,,,,
favorit 1,playFavoriteByNumber,da,,,1,
i would like you to turn off the music,stop,en,,,,
nu stop helt,stop,da,,,,
real quick volume down ten,volumeDown,en,,10,,
go ahead and carry on real quick,resume,en,,,,
ville du venligst starte musikken,playDefault,da,,,,
real quick end the music,stop,en,,,,
sæt det til 5,setVolume,da,5,,,
can you please put on Classic FM,playNamed,en,,,,Classic FM
vis listen hurtigt,listFavorites,da,,,,
med det samme mere lyd,volumeUp,da,,,,
med det samme vis hele listen,listFavorites,da,,,,
right away show my favorites,listFavorites,en,,,,
i would like you to group with the upstairs speaker,joinSpeaker,en,,,,
decrease volume,volumeDown,en,,,,
mute the song right now,mute,en,,,,
vil du stoppe afspilningen,stop,da,,,,
turn it up by twenty,volumeUp,en,,20,,
real quick what's the capital of france,unknown,en,,,,
skru ned med 30,volumeDown,da,,30,,
spil også i stuen,joinSpeaker,da,,,,
increase volume by 20 right away,volumeUp,en,,20,,
i would like you to put on Genstart,playNamed,en,,,,Genstart
list my presets right now,listFavorites,en,,,,
right away stop the audio,stop,en,,,,
skru op med ti hurtigt,volumeUp,da,,10,,
kindly play with the garden,joinSpeaker,en,,,,
what's your name,unknown,en,,,,
jeg vil bede dig om at sætte lydstyrken til 100,setVolume,da,100,,,
go ahead and mute,mute,en,,,,
add eggs to my shopping list,unknown,en,,,,
could you kindly ungroup,leaveSpeaker,en,,,,
nu spil det sædvanlige,playDefault,da,,,,
right away convert ten dollars to euros,unknown,en,,,,
med det samme hold op med det,stop,da,,,,
now what's on my calendar,unknown,en,,,,
fortsæt,resume,da,,,,
could you please pause the music,pause,en,,,,
what's in my favorites real quick,listFavorites,en,,,,
spil nummer 1,playFavoriteByNumber,da,,,1,
volume down 10 real quick,volumeDown,en,,10,,
volume up 15,volumeUp,en,,15,,
kan du afspille favorit nummer 8,playFavoriteByNumber,da,,,8,
vær så venlig at ophæve grupperingen hurtigt,leaveSpeaker,da,,,,
i orden hurtigt,confirm,da,,,,
please show me my favorites,listFavorites,en,,,,
lige spil hvad som helst,playDefault,da,,,,
vær så venlig at spille favorit fem,playFavoriteByNumber,da,,,5,
real quick turn the volume up,volumeUp,en,,,,
please put the volume at 80,setVolume,en,80,,,
quickly actually never mind,cancel,en,,,,
separate,leaveSpeaker,en,,,,
let's hear the Miles Davis,playNamed,en,,,,Miles Davis
hvornår er det solnedgang med det samme,unknown,da,,,,
med det samme start afspilningen,playDefault,da,,,,
lad det spille videre,resume,da,,,,
spil mere,resume,da,,,,
please put on klassisk musik,playNamed,en,,,,klassisk musik
nu ikke alligevel,cancel,da,,,,
vær venlig at spille P8 Jazz,playNamed,da,,,,
ingen lyd tak,mute,da,,,,
venligst spil det igen,resume,da,,,,
nu sluk for musikken,stop,da,,,,
i would like you to put on Miles Davis,playNamed,en,,,,Miles Davis
må jeg bede dig om at sætte lydstyrken til 55,setVolume,da,55,,,
spil her og i terrassen,joinSpeaker,da,,,,
venligst lad os høre musik,playDefault,da,,,,
må jeg bede dig om at afspille favorit nummer tre,playFavoriteByNumber,da,,,3,
hurtigt det passer,confirm,da,,,,
now show my presets,listFavorites,en,,,,
kan du venligst sætte på lydløs,mute,da,,,,
could you put on P5,playNamed,en,,,,P5
jeg vil bede dig om at forbinde med terrassen,joinSpeaker,da,,,,
kunne du stoppe musikken,stop,da,,,,
quickly play a game,unknown,en,,,,
would you mind to continue,resume,en,,,,
bare skru ned med femten,volumeDown,da,,15,,
hvor er det nærmeste apotek,unknown,da,,,,
vær venlig at afspille favorit nummer 10,playFavoriteByNumber,da,,,10,
niveau 55,setVolume,da,55,,,
could you kindly play favorite 5,playFavoriteByNumber,en,,,5,
right away let's not,cancel,en,,,,
just go ahead and lower the volume,volumeDown,en,,,,
now volume up,volumeUp,en,,,,
ville du venligst spille videre,resume,da,,,,
now bump it up,volumeUp,en,,,,
could you kindly mute the speaker,mute,en,,,,
play the Taylor Swift,playNamed,en,,,,Taylor Swift
jeg vil bede dig om at afspille BBC Radio 1,playNamed,da,,,,
real quick sounds right,confirm,en,,,,
could you please put on classical,playNamed,en,,,,classical
det er rigtigt,confirm,da,,,,
right away i'd like you to pause it,pause,en,,,,
hurtigt afspil,playDefault,da,,,,
quieter by ten real quick,volumeDown,en,,10,,
vil du venligst sætte Mads og Monopolet på,playNamed,da,,,,
vil du indstille lydstyrken til hundrede,setVolume,da,100,,,
what's the weather today real quick,unknown,en,,,,
could you set volume to ninety,setVolume,en,90,,,
i would like you to play with the garden,joinSpeaker,en,,,,
real quick affirmative,confirm,en,,,,
indstil lydstyrken til 60,setVolume,da,60,,,
would you mind to change the volume to twenty-five,setVolume,en,25,,,
decrease volume right away,volumeDown,en,,,,
quieter by five right now,volumeDown,en,,5,,
i want music right away,playDefault,en,,,,
please play number 4,playFavoriteByNumber,en,,,4,
vær så venlig at ophæve pausen,resume,da,,,,
please play with the bathroom,joinSpeaker,en,,,,
vis favoritter med det samme,listFavorites,da,,,,
bare skru op med 10,volumeUp,da,,10,,
would you group with the patio,joinSpeaker,en,,,,
følg haven,joinSpeaker,da,,,,
quickly ok,confirm,en,,,,
resume playing,resume,en,,,,
stop the track,stop,en,,,,
hurtigt regner det i morgen,unknown,da,,,,
sæt lydstyrken til halvfjerds,setVolume,da,70,,,
i need you to start playing right now,playDefault,en,,,,
quickly louder by twenty,volumeUp,en,,20,,
could you please silence it,mute,en,,,,
good real quick,confirm,en,,,,
højere med 15,volumeUp,da,,15,,
what's twelve times eight now,unknown,en,,,,
bare gør det lavere,volumeDown,da,,,,
turn it down by 25 right away,volumeDown,en,,25,,
i need a pause right away,pause,en,,,,
jeg vil bede dig om at indstille lydstyrken til 15,setVolume,da,15,,,
right now i need you to stop playing,stop,en,,,,
oversæt dette til tysk,unknown,da,,,,
med det samme lydløs,mute,da,,,,
ville du sætte lydstyrken til 1,setVolume,da,1,,,
lige hvor er det nærmeste supermarked,unknown,da,,,,
spil favorit nummer 9,playFavoriteByNumber,da,,,9,
i would like you to unmute right away,unmute,en,,,,
quickly disconnect from everyone,leaveSpeaker,en,,,,
go ahead and play Genstart,playNamed,en,,,,Genstart
vil du indstille lydstyrken til tyve,setVolume,da,20,,,
vil du dæmpe lyden,mute,da,,,,
jeg vil bede dig om at afspille favorit nummer ni,playFavoriteByNumber,da,,,9,
i would like you to stop playing,stop,en,,,,
kindly play favorite seven,playFavoriteByNumber,en,,,7,
yeah sure,confirm,en,,,,
would you mind to change the volume to seventy,setVolume,en,70,,,
ville du spille morgenmusik,playNamed,da,,,,
må jeg bede dig om at stoppe musikken,stop,da,,,,
could you play with the garden,joinSpeaker,en,,,,
tag pausen af nu,resume,da,,,,
what stations are saved right now,listFavorites,en,,,,
quickly i need you to keep playing,resume,en,,,,
kan du tilslutte ovenpå,joinSpeaker,da,,,,
quickly i need you to play music,playDefault,en,,,,
stop sharing right away,leaveSpeaker,en,,,,
real quick the favorites list,listFavorites,en,,,,
just i want silence,mute,en,,,,
kan du venligst fortælle mig mine favoritter,listFavorites,da,,,,
what's saved as a favorite,listFavorites,en,,,,
convert ten dollars to euros right away,unknown,en,,,,
connect to the upstairs speaker,joinSpeaker,en,,,,
could you set volume to ten,setVolume,en,10,,,
jeg vil bede dig om at tilslutte entréen,joinSpeaker,da,,,,
stop right away,stop,en,,,,
med det samme skru ned med 10,volumeDown,da,,10,,
perfect real quick,confirm,en,,,,
kan du venligst ophæve grupperingen,leaveSpeaker,da,,,,
med det samme spil det jeg hørte sidst,playDefault,da,,,,
just turn off the music,stop,en,,,,
har du en god opskrift på pasta,unknown,da,,,,
real quick agreed yes,confirm,en,,,,
turn off the speaker,stop,en,,,,
skru op med 10 hurtigt,volumeUp,da,,10,,
med det samme hæv lydstyrken med ti,volumeUp,da,,10,,
lige er der breaking news,unknown,da,,,,
pick it back up right away,resume,en,,,,
lige ingen lyd tak,mute,da,,,,
netop nu,confirm,da,,,,
kunne du ophæve pausen,resume,da,,,,
i'd like you to play favorite 4,playFavoriteByNumber,en,,,4,
kunne du venligst ændre lydstyrken til 60,setVolume,da,60,,,
nu start musikken,playDefault,da,,,,
i want you to pause it,pause,en,,,,
vær så venlig at stoppe hurtigt,stop,da,,,,
syng en sang,unknown,da,,,,
please turn the sound back on,unmute,en,,,,
lige ja tak,confirm,da,,,,
i want you to play Bob Dylan,playNamed,en,,,,Bob Dylan
i want you to put on Daft Punk,playNamed,en,,,,Daft Punk
jeg vil bede dig om at gruppere med spisestuen,joinSpeaker,da,,,,
kunne du venligst sætte på pause,pause,da,,,,
skru op med tredive,volumeUp,da,,30,,
what stations do i have real quick,listFavorites,en,,,,
vær venlig at genoptage,resume,da,,,,
må jeg bede dig om at afspille musik,playDefault,da,,,,
would you please change the volume to 65,setVolume,en,65,,,
bare ikke gør det,cancel,da,,,,
vil du venligst afspille P8 Jazz,playNamed,da,,,,
go ahead and make it louder now,volumeUp,en,,,,
kunne du venligst sætte lydstyrken til 35,setVolume,da,35,,,
venligst nej det vil jeg ikke,cancel,da,,,,
nu sænk lydstyrken med ti,volumeDown,da,,10,,
med det samme værsgo,confirm,da,,,,
just naw,cancel,en,,,,
could you please put on Coldplay,playNamed,en,,,,Coldplay
pause sangen nu,pause,da,,,,
turn it up by 30 real quick,volumeUp,en,,30,,
vil du sætte lydstyrken til tredive,setVolume,da,30,,,
now play the last thing,playDefault,en,,,,
bare stop,stop,da,,,,
jeg vil bede dig om at spille morning playlist,playNamed,da,,,,
vær så venlig at holde pause hurtigt,pause,da,,,,
bare lavere med fem,volumeDown,da,,5,,
start Mew,playNamed,da,,,,Mew
musik tak nu,playDefault,da,,,,
vil du tilslutte terrassen,joinSpeaker,da,,,,
never mind that,cancel,en,,,,
venligst hvilke presets har jeg,listFavorites,da,,,,
spil her og i kontoret,joinSpeaker,da,,,,
go ahead and end the music,stop,en,,,,
vær så venlig at gøre det lavere,volumeDown,da,,,,
venligst dæmp helt,mute,da,,,,
i would like you to pause,pause,en,,,,
right away restore the volume,unmute,en,,,,
go ahead and set volume to 35,setVolume,en,35,,,
what's your name now,unknown,en,,,,
fortryd det,cancel,da,,,,
få det til at stoppe,stop,da,,,,
spil favorit 6 tak,playFavoriteByNumber,da,,,6,
fire up some music real quick,playDefault,en,,,,
næ nu,cancel,da,,,,
jeg vil bede dig om at afspille favorit nummer 10,playFavoriteByNumber,da,,,10,
mute that now,mute,en,,,,
kan du spille favorit 6,playFavoriteByNumber,da,,,6,
turn the audio back on right away,unmute,en,,,,
could you mute the speaker,mute,en,,,,
could you please restore the sound,unmute,en,,,,
i would like you to tell me my favorites,listFavorites,en,,,,
niveau 30,setVolume,da,30,,,
kunne du sætte på lydløs,mute,da,,,,
find me a coffee shop real quick,unknown,en,,,,
please continue,resume,en,,,,
play music right away,playDefault,en,,,,
vil du gruppere med kontoret,joinSpeaker,da,,,,
læs overskrifterne op,unknown,da,,,,
put on NPR,playNamed,en,,,,NPR
shut off the music,stop,en,,,,
go ahead and pause now,pause,en,,,,
ville du hæve lydstyrken,volumeUp,da,,,,
jeg vil bede dig om at mute,mute,da,,,,
skift til lydstyrke femoghalvfjerds,setVolume,da,75,,,
just i'd like you to start playing,playDefault,en,,,,
lavere med 10 nu,volumeDown,da,,10,,
now will it snow this weekend,unknown,en,,,,
kan du venligst pause musikken,pause,da,,,,
smid noget musik på,playDefault,da,,,,
real quick find me a coffee shop,unknown,en,,,,
turn it up by 15,volumeUp,en,,15,,
sluk for sangen hurtigt,stop,da,,,,
vil du tænde lyden igen,unmute,da,,,,
vær så venlig at forlade gruppen,leaveSpeaker,da,,,,
må jeg bede dig om at slukke for lyden,mute,da,,,,
i want you to play favorite 2,playFavoriteByNumber,en,,,2,
just okay sure,confirm,en,,,,
vær så venlig at forlade gruppen med det samme,leaveSpeaker,da,,,,
kunne du afspille musik,playDefault,da,,,,
start Genstart,playNamed,en,,,,Genstart
vær venlig at pause afspilningen,pause,da,,,,
quickly i want you to pause it,pause,en,,,,
right away stop right there,cancel,en,,,,
vær så venlig at sætte afslapningsmusik på,playNamed,da,,,,
start klassisk,playNamed,da,,,,klassisk
bump it up now,volumeUp,en,,,,
right now play some tunes,playDefault,en,,,,
ville du venligst spille med terrassen,joinSpeaker,da,,,,
jeg vil gerne have at du sætte på pause,pause,da,,,,
now i'd like you to pause,pause,en,,,,
actually no right away,cancel,en,,,,
nu afsynkroniser højttaleren,leaveSpeaker,da,,,,
please kill the sound,mute,en,,,,
vær venlig at liste mine favoritter,listFavorites,da,,,,
would you mind to turn it up,volumeUp,en,,,,
could you play electronic,playNamed,en,,,,electronic
right away turn down the volume,volumeDown,en,,,,
quickly resume the track,resume,en,,,,
bare fjern lydløs,unmute,da,,,,
increase volume by 10,volumeUp,en,,10,,
go ahead and turn the sound back on,unmute,en,,,,
planlæg et møde i morgen,unknown,da,,,,
ville du pause musikken,pause,da,,,,
det er ikke rigtigt,cancel,da,,,,
real quick play more,resume,en,,,,
tell me my favourites,listFavorites,en,,,,
quickly wait,pause,en,,,,
kan du liste mine favoritter,listFavorites,da,,,,
tag en pause nu,pause,da,,,,
right now i need you to pause it,pause,en,,,,
tell me a joke real quick,unknown,en,,,,
enough already,stop,en,,,,
med det samme sæt afspilningen på pause,pause,da,,,,
quickly what's the weather today,unknown,en,,,,
now put on a song,playDefault,en,,,,
what are my favourites now,listFavorites,en,,,,
med det samme vis favoritter,listFavorites,da,,,,
i'd like to hear NPR,playNamed,en,,,,NPR
put on BBC Radio 4,playNamed,en,,,,BBC Radio 4
må jeg bede dig om at spille favorit 4,playFavoriteByNumber,da,,,4,
ville du venligst sætte Coldplay på,playNamed,da,,,,
now end it,stop,en,,,,
right now separate from group,leaveSpeaker,en,,,,
call mom real quick,unknown,en,,,,
bare vær så venlig at afslutte musikken,stop,da,,,,
quickly i want you to keep playing,resume,en,,,,
vil du venligst tilslutte ovenpå,joinSpeaker,da,,,,
vil du venligst spille favorit fire,playFavoriteByNumber,da,,,4,
set an alarm for seven am right now,unknown,en,,,,
right away bump it up,volumeUp,en,,,,
join the basement,joinSpeaker,en,,,,
i'd like you to play number 2,playFavoriteByNumber,en,,,2,
put on Adele,playNamed,en,,,,Adele
stop pausen hurtigt,resume,da,,,,
volume up 25,volumeUp,en,,25,,
vær venlig at ændre lydstyrken til tres,setVolume,da,60,,,
real quick favorites list,listFavorites,en,,,,
volume up twenty-five,volumeUp,en,,25,,
please play number 6,playFavoriteByNumber,en,,,6,
jeg vil bede dig om at frakoble,leaveSpeaker,da,,,,
would you mind to show me my favorites,listFavorites,en,,,,
right away yup,confirm,en,,,,
go ahead and stop the music,stop,en,,,,
go ahead and resume real quick,resume,en,,,,
now pause the music,pause,en,,,,
list mine stationer hurtigt,listFavorites,da,,,,
venligst hvad er temperaturen udenfor,unknown,da,,,,
play favorite number seven,playFavoriteByNumber,en,,,7,
right now turn down the volume,volumeDown,en,,,,
play the last thing,playDefault,en,,,,
volume up 20 right away,volumeUp,en,,20,,
jeg vil bede dig om at sætte lydstyrken til 60,setVolume,da,60,,,
just shut up,mute,en,,,,
ville du skrue op for lyden,volumeUp,da,,,,
go ahead and play favorite 9,playFavoriteByNumber,en,,,9,
give me the Nova FM,playNamed,en,,,,Nova FM
lige tænd for musikken,unmute,da,,,,
would you please play music,playDefault,en,,,,
just turn it down by 20,volumeDown,en,,20,,
hurtigt spil bare her,leaveSpeaker,da,,,,
go ahead and leave the group right away,leaveSpeaker,en,,,,
lige fortæl mig favoritlisten,listFavorites,da,,,,
vær så venlig at pause afspilningen,pause,da,,,,
what's on the favorites list now,listFavorites,en,,,,
let's not real quick,cancel,en,,,,
can you please put the volume at eighty,setVolume,en,80,,,
jeg vil bede dig om at afslutte musikken,stop,da,,,,
lige annuller det,cancel,da,,,,
would you please unpause,resume,en,,,,
hurtigt læs mine favoritter op,listFavorites,da,,,,
can you please join the living room,joinSpeaker,en,,,,
venligst sluk for det,stop,da,,,,
quickly i would like you to pause,pause,en,,,,
lyder rigtigt,confirm,da,,,,
sæt en sang på hurtigt,playDefault,da,,,,
ikke gør det nu,cancel,da,,,,
nu sluk,stop,da,,,,
ville du venligst spille This American Life,playNamed,da,,,,
med det samme favoritlisten,listFavorites,da,,,,
real quick cease playback,stop,en,,,,
sæt favorit 8 på,playFavoriteByNumber,da,,,8,
right now unpair,leaveSpeaker,en,,,,
må jeg bede dig om at slukke for musikken,stop,da,,,,
i need you to lower the volume,volumeDown,en,,,,
make the volume 40,setVolume,en,40,,,
kunne du venligst afspille favorit nummer 8,playFavoriteByNumber,da,,,8,
could you kindly group with the office,joinSpeaker,en,,,,
få mig til at grine,unknown,da,,,,
hvad er stillingen i kampen,unknown,da,,,,
what favorites do i have real quick,listFavorites,en,,,,
i'd like you to group with the patio,joinSpeaker,en,,,,
which favorites are there real quick,listFavorites,en,,,,
luk lyden hurtigt,mute,da,,,,
please play favorite six,playFavoriteByNumber,en,,,6,
now quieter by twenty-five,volumeDown,en,,25,,
sæt på pause,pause,da,,,,
now volume down 30,volumeDown,en,,30,,
indstil lydstyrken til 15,setVolume,da,15,,,
right now great,confirm,en,,,,
jeg vil bede dig om at slukke for lyden,mute,da,,,,
right now louder by 20,volumeUp,en,,20,,
make the music stop now,stop,en,,,,
would you put on some music,playDefault,en,,,,
real quick turn it down by 15,volumeDown,en,,15,,
hvad har jeg gemt som favoritter hurtigt,listFavorites,da,,,,
jeg vil gerne have at du sætte lydstyrken til ti,setVolume,da,10,,,
would you please play number 7,playFavoriteByNumber,en,,,7,
venligst hæv lydstyrken med ti,volumeUp,da,,10,,
venligst nej lad være,cancel,da,,,,
start P4,playNamed,da,,,,P4
could you kindly play favorite 6,playFavoriteByNumber,en,,,6,
skru op 15 med det samme,volumeUp,da,,15,,
what's saved as a favorite right away,listFavorites,en,,,,
skru ned for det,volumeDown,da,,,,
cut audio,mute,en,,,,
can you make it louder,volumeUp,en,,,,
drop the sound,mute,en,,,,
lower the volume,volumeDown,en,,,,
could you please make it quieter,volumeDown,en,,,,
kunne du frakoble,leaveSpeaker,da,,,,
jow,confirm,da,,,,
bare lyd fra,mute,da,,,,
now yeah,confirm,en,,,,
skru ned nu,volumeDown,da,,,,
would you play number 1,playFavoriteByNumber,en,,,1,
kunne du sætte lydstyrken til 99,setVolume,da,99,,,
kindly play Coldplay,playNamed,en,,,,Coldplay
i need you to mute now,mute,en,,,,
vær så venlig at afspille favorit nummer seks,playFavoriteByNumber,da,,,6,
connect with the patio,joinSpeaker,en,,,,
med det samme vær så venlig at pause,pause,da,,,,
lock the door right now,unknown,en,,,,
højere med ti nu,volumeUp,da,,10,,
could you put on Kendrick Lamar,playNamed,en,,,,Kendrick Lamar
vil du venligst genoptage,resume,da,,,,
play anything now,playDefault,en,,,,
i'd like you to freeze the music,pause,en,,,,
okay yes,confirm,en,,,,
i want you to play favorite 9,playFavoriteByNumber,en,,,9,
vær så venlig at gruppere med kælderen,joinSpeaker,da,,,,
giv mig noget musik,playDefault,da,,,,
link to the hallway,joinSpeaker,en,,,,
med det samme fjern gruppering,leaveSpeaker,da,,,,
put on anything now,playDefault,en,,,,
could you kindly play with the bedroom,joinSpeaker,en,,,,
i'd like you to join the kitchen,joinSpeaker,en,,,,
remove this from the group,leaveSpeaker,en,,,,
fint nok,confirm,da,,,,
kunne du fjerne lydløs,unmute,da,,,,
now perfect,confirm,en,,,,
now what's on the favorites list,listFavorites,en,,,,
afbryd handlingen,cancel,da,,,,
helt rigtigt med det samme,confirm,da,,,,
med det samme fortsæt sangen,resume,da,,,,
now i would like you to mute,mute,en,,,,
i would like you to play number eight,playFavoriteByNumber,en,,,8,
can you please play Mads og Monopolet,playNamed,en,,,,Mads og Monopolet
that's wrong real quick,cancel,en,,,,
hæv lydstyrken med fem,volumeUp,da,,5,,
make the volume ninety,setVolume,en,90,,,
please turn off the music,stop,en,,,,
can you list my favorites,listFavorites,en,,,,
turn it up by 10 real quick,volumeUp,en,,10,,
quickly affirmative,confirm,en,,,,
real quick ok sure,confirm,en,,,,
hurtigt skru ned med 10,volumeDown,da,,10,,
right away be quiet,mute,en,,,,
jeg vil bede dig om at indstille lydstyrken til 20,setVolume,da,20,,,
sync with the dining room,joinSpeaker,en,,,,
lige sæt på lydløs,mute,da,,,,
sounds good,confirm,en,,,,
go ahead and join the garden,joinSpeaker,en,,,,
go ahead and put on The Voice,playNamed,en,,,,Voice
right away increase volume by 20,volumeUp,en,,20,,
go ahead and start playing,playDefault,en,,,,
stop playing,stop,en,,,,
i would like you to put on some music,playDefault,en,,,,
kunne du tilslutte soveværelset,joinSpeaker,da,,,,
could you set volume to 100,setVolume,en,100,,,
go ahead and mute now,mute,en,,,,
nu fortsæt med musikken,playDefault,da,,,,
no sound,mute,en,,,,
ja gerne,confirm,da,,,,
quickly yeah okay,confirm,en,,,,
vil du sætte på pause,pause,da,,,,
right now forget about it,cancel,en,,,,
kan du venligst spille med spisestuen,joinSpeaker,da,,,,
nu hele favoritlisten,listFavorites,da,,,,
kan du venligst tilslutte entréen,joinSpeaker,da,,,,
kindly turn the sound back on,unmute,en,,,,
glem den ting nu,cancel,da,,,,
go ahead and unmute,unmute,en,,,,
vær venlig at gruppere med køkkenet,joinSpeaker,da,,,,
lige fjern mig fra gruppen,leaveSpeaker,da,,,,
næ,cancel,da,,,,
i would like you to restore the sound,unmute,en,,,,
could you change the volume to twenty-five,setVolume,en,25,,,
vær så venlig at indstille lydstyrken til 50,setVolume,da,50,,,
volume up 15 right away,volumeUp,en,,15,,
må jeg bede dig om at indstille lydstyrken til 60,setVolume,da,60,,,
vil du afspille jazz,playNamed,da,,,,
kunne du venligst frakoble,leaveSpeaker,da,,,,
let's hear P6,playNamed,en,,,,P6
jeg vil bede dig om at ophæve dæmpningen,unmute,da,,,,
med det samme ingen lyd tak,mute,da,,,,
spille med badeværelset,joinSpeaker,da,,,,
cease playback real quick,stop,en,,,,
could you please play number nine,playFavoriteByNumber,en,,,9,
jeg vil bede dig om at holde op,stop,da,,,,
split from the group real quick,leaveSpeaker,en,,,,
kunne du holde op,stop,da,,,,
venligst stop sangen,stop,da,,,,
could you play favorite three,playFavoriteByNumber,en,,,3,
vær venlig at afspille favorit nummer 2,playFavoriteByNumber,da,,,2,
i'd like you to ungroup now,leaveSpeaker,en,,,,
med det samme fjern al lyd,mute,da,,,,
kan du venligst sætte musik på,playDefault,da,,,,
kunne du venligst spille favorit seks,playFavoriteByNumber,da,,,6,
spil favorit 9,playFavoriteByNumber,da,,,9,
ville du spille favorit 2,playFavoriteByNumber,da,,,2,
gør det sådan nu,confirm,da,,,,
real quick queue up music,playDefault,en,,,,
ville du tilslutte entréen,joinSpeaker,da,,,,
any breaking news now,unknown,en,,,,
now audio off,mute,en,,,,
right now silent mode,mute,en,,,,
nu slå lyden fra,mute,da,,,,
right now where's the nearest grocery,unknown,en,,,,
spille med soveværelset,joinSpeaker,da,,,,
jeg vil høre musik,playDefault,da,,,,
hurtigt sæt en sang på,playDefault,da,,,,
wait there,pause,en,,,,
stop al lyd hurtigt,stop,da,,,,
fjern lyden,mute,da,,,,
i need you to play P6,playNamed,en,,,,P6
play by yourself,leaveSpeaker,en,,,,
kunne du indstille lydstyrken til femten,setVolume,da,15,,,
i want you to turn the sound back on,unmute,en,,,,
venligst mere musik,resume,da,,,,
lock the door,unknown,en,,,,
set volume to 85,setVolume,en,85,,,
ville du venligst fjerne dæmpningen,unmute,da,,,,
forlad højttalerne med det samme,leaveSpeaker,da,,,,
i want you to set volume to 25,setVolume,en,25,,,
hurtigt skru op 20,volumeUp,da,,20,,
right now give it a rest,pause,en,,,,
lige hvilke stationer har jeg,listFavorites,da,,,,
bare hæv lydstyrken med tredive,volumeUp,da,,30,,
venligst i orden ja,confirm,da,,,,
real quick turn on the sound,unmute,en,,,,
bare dæmp lyden,mute,da,,,,
that's wrong right away,cancel,en,,,,
right now go ahead and kill the sound,mute,en,,,,
lyder godt,confirm,da,,,,
må jeg bede dig om at slå lyden fra,mute,da,,,,
lige skru lidt op,volumeUp,da,,,,
nu pause musikken,pause,da,,,,
nu lad det spille videre,resume,da,,,,
separate from group right now,leaveSpeaker,en,,,,
would you set volume to twenty,setVolume,en,20,,,
would you please play number five,playFavoriteByNumber,en,,,5,
halt it,pause,en,,,,
venligst fjern al lyd,mute,da,,,,
fjern denne højttaler fra gruppen hurtigt,leaveSpeaker,da,,,,
right away play my songs,playDefault,en,,,,
be silent real quick,mute,en,,,,
i orden ja hurtigt,confirm,da,,,,
quickly stop the track,stop,en,,,,
any sports updates,unknown,en,,,,
sync to the dining room,joinSpeaker,en,,,,
play number six,playFavoriteByNumber,en,,,6,
spil noget musik nu,playDefault,da,,,,
vær venlig at indstille lydstyrken til 90,setVolume,da,90,,,
stop gruppering,leaveSpeaker,da,,,,
nu spil noget,playDefault,da,,,,
just i want you to stop playing,stop,en,,,,
right now what's a good recipe for pasta,unknown,en,,,,
i need you to group with the bathroom,joinSpeaker,en,,,,
i would like you to increase the volume,volumeUp,en,,,,
when does the sun rise real quick,unknown,en,,,,
quickly unmute everything,unmute,en,,,,
bare stop al lyd,stop,da,,,,
quickly turn it up by thirty,volumeUp,en,,30,,
when is sunset right away,unknown,en,,,,
can you please bring back the sound,unmute,en,,,,
sæt noget på hurtigt,playDefault,da,,,,
just wait a moment,pause,en,,,,
tænd for lyden nu,unmute,da,,,,
vær så venlig at fortsætte,resume,da,,,,
nu nej tak,cancel,da,,,,
i want you to tell me my favorites,listFavorites,en,,,,
quickly what are my favorites,listFavorites,en,,,,
kindly show me my favorites,listFavorites,en,,,,
cut the sound,mute,en,,,,
ville du fortsætte musikken,resume,da,,,,
tilslut entréen,joinSpeaker,da,,,,
join entréen,joinSpeaker,da,,,,
right away that's correct,confirm,en,,,,
vær venlig at afspille favorit nummer 4,playFavoriteByNumber,da,,,4,
sænk lydstyrken med femten,volumeDown,da,,15,,
could you kindly set volume to 100,setVolume,en,100,,,
træk tilbage,cancel,da,,,,
hurtigt vis mine presets,listFavorites,da,,,,
jeg vil gerne have at du ophæve grupperingen,leaveSpeaker,da,,,,
please stop the music,stop,en,,,,
play anything,playDefault,en,,,,
hvordan siger man tak på spansk,unknown,da,,,,
afspil nummer to,playFavoriteByNumber,da,,,2,
vær så venlig at spille videre nu,resume,da,,,,
ville du sætte musik på,playDefault,da,,,,
quickly volume down twenty-five,volumeDown,en,,25,,
skru ned 30 nu,volumeDown,da,,30,,
venligst skru ned med fem,volumeDown,da,,5,,
vær så venlig at afspille Mads og Monopolet,playNamed,da,,,,
go ahead and play rock,playNamed,en,,,,rock
would you mind to play Pink Floyd,playNamed,en,,,,Pink Floyd
volume up 20,volumeUp,en,,20,,
quickly raise the volume,volumeUp,en,,,,
right away okay yes,confirm,en,,,,
i need you to group with the kitchen,joinSpeaker,en,,,,
let it resume right now,resume,en,,,,
just lower the volume by 30,volumeDown,en,,30,,
kør videre hurtigt,resume,da,,,,
lavere med 10,volumeDown,da,,10,,
mere lydstyrke nu,volumeUp,da,,,,
disconnect from group,leaveSpeaker,en,,,,
now quieter,volumeDown,en,,,,
right now i would like you to resume,resume,en,,,,
favorit nummer ti,playFavoriteByNumber,da,,,10,
venligst sæt på pause,pause,da,,,,
i would like you to put on workout mix,playNamed,en,,,,workout mix
quickly yeah do it,confirm,en,,,,
set an alarm for seven am,unknown,en,,,,
now go ahead and ungroup,leaveSpeaker,en,,,,
now back to music,resume,en,,,,
could you join the living room,joinSpeaker,en,,,,
please set volume to zero,setVolume,en,0,,,
unpair this speaker right away,leaveSpeaker,en,,,,
sluk for musikken,stop,da,,,,
fortæl en historie hurtigt,unknown,da,,,,
tilbage til lyd,unmute,da,,,,
jeg vil bede dig om at sætte lydstyrken til 90,setVolume,da,90,,,
tell me a joke,unknown,en,,,,
now give me the sound back,unmute,en,,,,
please put the volume at 95,setVolume,en,95,,,
afspil musik,playDefault,da,,,,
spil favorit 5 tak,playFavoriteByNumber,da,,,5,
right away which favorites are there,listFavorites,en,,,,
quickly stop playing,stop,en,,,,
hurtigt pause sangen,pause,da,,,,
i would like you to set volume to 10,setVolume,en,10,,,
right away favourites list,listFavorites,en,,,,
tag højttaleren ud af gruppen,leaveSpeaker,da,,,,
vil du spille musik,playDefault,da,,,,
right away nevermind,cancel,en,,,,
can you stop playing,stop,en,,,,
jeg vil bede dig om at ophæve grupperingen,leaveSpeaker,da,,,,
now i need you to mute,mute,en,,,,
i'd like you to stop playing,stop,en,,,,
lige drop den ide,cancel,da,,,,
level zero,setVolume,en,0,,,
pause det med det samme,pause,da,,,,
kindly make it quieter,volumeDown,en,,,,
right away go ahead and hold the music,pause,en,,,,
decrease volume right now,volumeDown,en,,,,
volume down 5 right away,volumeDown,en,,5,,
vil du afspille Miles Davis,playNamed,da,,,,
i need you to stop playing right now,stop,en,,,,
venligst begynd at spille,playDefault,da,,,,
quickly no don't,cancel,en,,,,
sænk lydstyrken med tredive med det samme,volumeDown,da,,30,,
lavere med ti nu,volumeDown,da,,10,,
lige vis mig favoritlisten,listFavorites,da,,,,
afspil nummer fire,playFavoriteByNumber,da,,,4,
med det samme pause nummeret,pause,da,,,,
restore the volume right now,unmute,en,,,,
i need you to join the bedroom,joinSpeaker,en,,,,
bare helt rigtigt,confirm,da,,,,
nevermind,cancel,en,,,,
please stop,stop,en,,,,
ja gør det nu,confirm,da,,,,
real quick play my songs,playDefault,en,,,,
lige vær så venlig at dæmpe lyden,mute,da,,,,
mute the speaker right now,mute,en,,,,
jeg vil gerne have at du skrue ned for lyden,volumeDown,da,,,,
now increase volume,volumeUp,en,,,,
make it softer now,volumeDown,en,,,,
would you show me my favorites,listFavorites,en,,,,
med det samme hvad hedder du,unknown,da,,,,
ville du venligst stoppe afspilningen,stop,da,,,,
lås døren,unknown,da,,,,
silence,mute,en,,,,
venligst skønt,confirm,da,,,,
would you mind to change the volume to eighty,setVolume,en,80,,,
real quick show me a map of paris,unknown,en,,,,
nu lidt musik tak,playDefault,da,,,,
lad musikken køre videre nu,resume,da,,,,
hvad har jeg gemt som favoritter med det samme,listFavorites,da,,,,
right away decrease volume by 25,volumeDown,en,,25,,
med det samme spil mit sædvanlige,playDefault,da,,,,
put on music real quick,playDefault,en,,,,
med det samme vent lidt,pause,da,,,,
få musikken til at stoppe,stop,da,,,,
just i want music,playDefault,en,,,,
real quick be silent,mute,en,,,,
ikke alligevel,cancel,da,,,,
right now make it softer,volumeDown,en,,,,
bare hvad skal jeg spise til aften,unknown,da,,,,
sluk for musikken med det samme,stop,da,,,,
just hold the music,pause,en,,,,
make the music stop,stop,en,,,,
vil du venligst spille Genstart,playNamed,da,,,,
ville du venligst afspille favorit nummer seks,playFavoriteByNumber,da,,,6,
absolutely yes now,confirm,en,,,,
would you mind to read out my favorites,listFavorites,en,,,,
what should i eat for dinner right now,unknown,en,,,,
bare unmute,unmute,da,,,,
i need you to mute right away,mute,en,,,,
would you stop,stop,en,,,,
hvad har jeg på listen nu,listFavorites,da,,,,
kindly play with the upstairs speaker,joinSpeaker,en,,,,
hæv volumen,volumeUp,da,,,,
spil her og i soveværelset,joinSpeaker,da,,,,
play together with the living room,joinSpeaker,en,,,,
spil nummer et,playFavoriteByNumber,da,,,1,
jeg vil bede dig om at slukke for musikken,stop,da,,,,
right away raise the volume,volumeUp,en,,,,
please put the volume at 50,setVolume,en,50,,,
could you play favorite 8,playFavoriteByNumber,en,,,8,
restore the audio now,unmute,en,,,,
cut audio right away,mute,en,,,,
hurtigt skønt,confirm,da,,,,
separate this speaker,leaveSpeaker,en,,,,
kunne du venligst gruppere med spisestuen,joinSpeaker,da,,,,
could you kindly play favorite eight,playFavoriteByNumber,en,,,8,
i want you to put on some music,playDefault,en,,,,
real quick start something,playDefault,en,,,,
vil du fjerne lydløs,unmute,da,,,,
hurtigt dæmp musikken,mute,da,,,,
silence the audio,mute,en,,,,
kindly play Kim Larsen,playNamed,en,,,,Kim Larsen
sæt en alarm til klokken syv,unknown,da,,,,
bare adskil højttaleren,leaveSpeaker,da,,,,
now halt the music,pause,en,,,,
increase volume by 20 now,volumeUp,en,,20,,
jeg vil bede dig om at starte musikken,playDefault,da,,,,
lige træd tilbage,cancel,da,,,,
just yeah okay,confirm,en,,,,
med det samme vær så venlig at spille noget,playDefault,da,,,,
ikke gør det der,cancel,da,,,,
spil det sædvanlige hurtigt,playDefault,da,,,,
nu klart det,confirm,da,,,,
lige godt,confirm,da,,,,
just pause it,pause,en,,,,
stands afspilningen,stop,da,,,,
go quiet real quick,mute,en,,,,
afbryd det nu,cancel,da,,,,
right now i need you to start playing,playDefault,en,,,,
kunne du venligst ophæve grupperingen,leaveSpeaker,da,,,,
lige klart det,confirm,da,,,,
hold op med musikken,stop,da,,,,
right away i need a pause,pause,en,,,,
grupper højttalerne,joinSpeaker,da,,,,
i need you to leave the group,leaveSpeaker,en,,,,
right away definitely,confirm,en,,,,
hurtigt begynd at spille,playDefault,da,,,,
skip that,cancel,en,,,,
turn it up by 30 now,volumeUp,en,,30,,
could you please change the volume to zero,setVolume,en,0,,,
can you please change the volume to fifty,setVolume,en,50,,,
is the front door locked real quick,unknown,en,,,,
skru ned med fem,volumeDown,da,,5,,
what's on the favorites list right away,listFavorites,en,,,,
vil du sætte lydstyrken til 70,setVolume,da,70,,,
now kill the music,stop,en,,,,
vis mig hvad der er gemt hurtigt,listFavorites,da,,,,
put on the P5,playNamed,en,,,,P5
real quick back out,cancel,en,,,,
hurtigt ok,confirm,da,,,,
break the music,pause,en,,,,
hvad er vejret i dag med det samme,unknown,da,,,,
i would like you to play favorite 9,playFavoriteByNumber,en,,,9,
nu jeg elsker dig,unknown,da,,,,
pause med det samme,pause,da,,,,
who made you right now,unknown,en,,,,
jeg vil gerne have at du tænde lyden igen,unmute,da,,,,
nemlig hurtigt,confirm,da,,,,
quickly go ahead and list my favorites,listFavorites,en,,,,
må jeg bede dig om at afspille favorit nummer fem,playFavoriteByNumber,da,,,5,
tilknyt ovenpå,joinSpeaker,da,,,,
kan du fjerne lydløs,unmute,da,,,,
quickly restore sound,unmute,en,,,,
i need you to play something now,playDefault,en,,,,
now i would like you to resume,resume,en,,,,
lige fortsæt med at spille,resume,da,,,,
bare fortæl mig en sjov kendsgerning,unknown,da,,,,
kan du venligst liste mine favoritter,listFavorites,da,,,,
bare spil musik,playDefault,da,,,,
mere volumen,volumeUp,da,,,,
nu sænk lydstyrken med femogtyve,volumeDown,da,,25,,
right now leave the speakers,leaveSpeaker,en,,,,
play number nine,playFavoriteByNumber,en,,,9,
ok hurtigt,confirm,da,,,,
kunne du tilslutte ovenpå,joinSpeaker,da,,,,
go ahead and put on classical,playNamed,en,,,,classical
would you put on The Voice,playNamed,en,,,,Voice
just go ahead and pause it,pause,en,,,,
list my favorites,listFavorites,en,,,,
quickly the favorites list,listFavorites,en,,,,
real quick halt the music,pause,en,,,,
could you silence it,mute,en,,,,
fjern dæmpningen,unmute,da,,,,
mute now,mute,en,,,,
venligst vær så venlig at pause musikken,pause,da,,,,
quickly play just here,leaveSpeaker,en,,,,
skønt hurtigt,confirm,da,,,,
skift lydstyrken til 15,setVolume,da,15,,,
kan du venligst stoppe musikken,stop,da,,,,
spil mit sædvanlige hurtigt,playDefault,da,,,,
could you kindly separate this speaker,leaveSpeaker,en,,,,
i need you to pause right away,pause,en,,,,
i need you to pause it,pause,en,,,,
can you unpause,resume,en,,,,
i need you to stop the music,stop,en,,,,
i want it muted right now,mute,en,,,,
could you please put the volume at 1,setVolume,en,1,,,
begin playing,playDefault,en,,,,
med det samme sænk lydstyrken med 20,volumeDown,da,,20,,
jeg vil høre P2,playNamed,da,,,,P2
kunne du gruppere med badeværelset,joinSpeaker,da,,,,
would you mind to put the volume at 60,setVolume,en,60,,,
vis mine favoritter,listFavorites,da,,,,
lige hvilke favoritter har jeg,listFavorites,da,,,,
can you put on Taylor Swift,playNamed,en,,,,Taylor Swift
nu gør det sådan,confirm,da,,,,
jeg vil bede dig om at tilslutte terrassen,joinSpeaker,da,,,,
could you please turn it up,volumeUp,en,,,,
group with the dining room,joinSpeaker,en,,,,
bare genoptag sangen,resume,da,,,,
i need you to kill the sound,mute,en,,,,
ville du venligst spille favorit tre,playFavoriteByNumber,da,,,3,
now definitely yes,confirm,en,,,,
ophæv gruppen,leaveSpeaker,da,,,,
now mute the music,mute,en,,,,
højere med tredive,volumeUp,da,,30,,
now play alone,leaveSpeaker,en,,,,
hurtigt spil alene,leaveSpeaker,da,,,,
venligst læs listen op,listFavorites,da,,,,
jeg vil bede dig om at pause,pause,da,,,,
confirmed real quick,confirm,en,,,,
hæv lydstyrken med femten,volumeUp,da,,15,,
now go ahead and resume,resume,en,,,,
nu sænk volumen,volumeDown,da,,,,
i'd like some music,playDefault,en,,,,
forlad de andre,leaveSpeaker,da,,,,
spil videre tak,resume,da,,,,
vær så venlig at afslutte musikken,stop,da,,,,
vær venlig at fortsætte,resume,da,,,,
giv mig lyden igen,unmute,da,,,,
would you please stop playing,stop,en,,,,
lige afbryd fra gruppen,leaveSpeaker,da,,,,
i changed my mind real quick,cancel,en,,,,
ville du spille rolig musik,playNamed,da,,,,
can you please kill the music,stop,en,,,,
hvor er det nærmeste supermarked,unknown,da,,,,
vil du venligst sætte P3 på,playNamed,da,,,,
ville du ændre lydstyrken til 50,setVolume,da,50,,,
kan du fjerne dæmpningen,unmute,da,,,,
just i need you to keep playing,resume,en,,,,
could you please end the music,stop,en,,,,
could you play favorite 7,playFavoriteByNumber,en,,,7,
abort,cancel,en,,,,
could you please separate this speaker,leaveSpeaker,en,,,,
sæt afspilningen på pause,pause,da,,,,
order pizza real quick,unknown,en,,,,
abort it now,cancel,en,,,,
i need you to set volume to 100,setVolume,en,100,,,
just volume down fifteen,volumeDown,en,,15,,
do not do that,cancel,en,,,,
proceed now,confirm,en,,,,
bring the sound back,unmute,en,,,,
må jeg bede dig om at afspille afslapningsmusik,playNamed,da,,,,
volume down ten,volumeDown,en,,10,,
no thanks right now,cancel,en,,,,
kindly carry on,resume,en,,,,
frakobl højttaleren nu,leaveSpeaker,da,,,,
right away yeah do it,confirm,en,,,,
kindly put the volume at seventy-five,setVolume,en,75,,,
real quick schedule a meeting for tomorrow,unknown,en,,,,
now go ahead and start playing,playDefault,en,,,,
skru ned 15 med det samme,volumeDown,da,,15,,
real quick lift mute,unmute,en,,,,
lige afslut afspilningen,stop,da,,,,
i want you to keep playing right away,resume,en,,,,
quickly decrease volume by 30,volumeDown,en,,30,,
spil hvad som helst,playDefault,da,,,,
kindly group with the bedroom,joinSpeaker,en,,,,
right now throw on some tunes,playDefault,en,,,,
right away lift the mute,unmute,en,,,,
now shut it off,stop,en,,,,
bare sluk for lyden,mute,da,,,,
could you kindly put on a song,playDefault,en,,,,
lige planlæg et møde i morgen,unknown,da,,,,
play my 6 favorite,playFavoriteByNumber,en,,,6,
right away where's the nearest grocery,unknown,en,,,,
mere musik,resume,da,,,,
give me Radio 100,playNamed,en,,,,Radio 100
nu lad os høre musik,playDefault,da,,,,
spil favorit 2 tak,playFavoriteByNumber,da,,,2,
nu læs listen op,listFavorites,da,,,,
vær så venlig at stoppe,stop,da,,,,
ville du venligst indstille lydstyrken til halvfems,setVolume,da,90,,,
kunne du sætte P5 på,playNamed,da,,,,
ja nu,confirm,da,,,,
hvad er gemt som favoritter hurtigt,listFavorites,da,,,,
right now pause the track,pause,en,,,,
nu tænd for lyden,unmute,da,,,,
ungroup this speaker,leaveSpeaker,en,,,,
just do that,confirm,en,,,,
med det samme sover du,unknown,da,,,,
right now trivia question,unknown,en,,,,
nu lyd til,unmute,da,,,,
would you mind to make it louder,volumeUp,en,,,,
quickly pause for a moment,pause,en,,,,
can you put the volume at 30,setVolume,en,30,,,
forget that,cancel,en,,,,
kunne du venligst afslutte musikken,stop,da,,,,
vær så venlig at ophæve grupperingen,leaveSpeaker,da,,,,
real quick hold the song,pause,en,,,,
negative,cancel,en,,,,
hurtigt jeg vil pause,pause,da,,,,
hurtigt hvordan bager jeg en kage,unknown,da,,,,
genoptag,resume,da,,,,
real quick confirmed,confirm,en,,,,
kan du sætte ambient music på,playNamed,da,,,,
can you please unpause,resume,en,,,,
would you mind to change the volume to forty,setVolume,en,40,,,
nu det passer,confirm,da,,,,
vær venlig at spille The Voice,playNamed,da,,,,
start afspilningen med det samme,playDefault,da,,,,
right away let's do it,confirm,en,,,,
spil noget,playDefault,da,,,,
would you mind to change the volume to 20,setVolume,en,20,,,
could you kindly play music,playDefault,en,,,,
kindly stop,stop,en,,,,
vil du venligst gruppere med haven,joinSpeaker,da,,,,
please play pop,playNamed,en,,,,pop
pause everything real quick,pause,en,,,,
just definitely,confirm,en,,,,
could you please play number six,playFavoriteByNumber,en,,,6,
could you kill the sound,mute,en,,,,
tag højttaleren ud af gruppen nu,leaveSpeaker,da,,,,
not this time right now,cancel,en,,,,
pause playback,pause,en,,,,
stands afspilningen nu,stop,da,,,,
don't right away,cancel,en,,,,
any new messages,unknown,en,,,,
ville du spille favorit fem,playFavoriteByNumber,da,,,5,
just separate this speaker,leaveSpeaker,en,,,,
kan du mute,mute,da,,,,
vil du venligst spille noget,playDefault,da,,,,
nu spil videre,resume,da,,,,
vær så venlig at gruppere med entréen,joinSpeaker,da,,,,
right away indeed,confirm,en,,,,
med det samme kør noget musik,playDefault,da,,,,
real quick go ahead and resume,resume,en,,,,
ville du venligst afspille favorit nummer ti,playFavoriteByNumber,da,,,10,
sure right away,confirm,en,,,,
lavere med 30,volumeDown,da,,30,,
lavere med femogtyve nu,volumeDown,da,,25,,
real quick what are my favourites,listFavorites,en,,,,
bare smid noget musik på,playDefault,da,,,,
quickly wait there,pause,en,,,,
må jeg bede dig om at skrue ned for lyden,volumeDown,da,,,,
i need you to pause the music,pause,en,,,,
stop det der hurtigt,cancel,da,,,,
now convert ten dollars to euros,unknown,en,,,,
do you sleep right now,unknown,en,,,,
quickly thank you,unknown,en,,,,
real quick stop already,stop,en,,,,
jeg vil bede dig om at stoppe,stop,da,,,,
i need you to keep playing,resume,en,,,,
vil du venligst stoppe musikken,stop,da,,,,
med det samme højere med femogtyve,volumeUp,da,,25,,
kunne du forbinde med terrassen,joinSpeaker,da,,,,
halt playback real quick,pause,en,,,,
i would like you to stop,stop,en,,,,
pause this,pause,en,,,,
kunne du venligst afspille Pop FM,playNamed,da,,,,
could you please set volume to 0,setVolume,en,0,,,
spil sammen med soveværelset,joinSpeaker,da,,,,
med det samme bestemt,confirm,da,,,,
right away flip a coin,unknown,en,,,,
ville du afspille favorit nummer 2,playFavoriteByNumber,da,,,2,
nu sluk afspilningen,stop,da,,,,
vær så venlig at spille favorit 3,playFavoriteByNumber,da,,,3,
make the music stop right now,stop,en,,,,
raise it,volumeUp,en,,,,
link to the bedroom,joinSpeaker,en,,,,
må jeg bede dig om at spille favorit to,playFavoriteByNumber,da,,,2,
quickly i want you to stop playing,stop,en,,,,
venligst forlad de andre,leaveSpeaker,da,,,,
ville du gøre det lavere,volumeDown,da,,,,
now hold on,pause,en,,,,
kunne du venligst spille favorit ni,playFavoriteByNumber,da,,,9,
adskil nu,leaveSpeaker,da,,,,
real quick give me sound back,unmute,en,,,,
pause the speaker right away,pause,en,,,,
list favourites right away,listFavorites,en,,,,
kunne du venligst slukke for lyden,mute,da,,,,
kunne du ændre lydstyrken til 45,setVolume,da,45,,,
would you please change the volume to 20,setVolume,en,20,,,
lige lyder rigtigt,confirm,da,,,,
just no sound,mute,en,,,,
quickly kick off some music,playDefault,en,,,,
må jeg bede dig om at spille klassisk,playNamed,da,,,,
join the kitchen,joinSpeaker,en,,,,
jeg vil gerne have at du sætte på lydløs,mute,da,,,,
freeze the music now,pause,en,,,,
vil du venligst ophæve dæmpningen,unmute,da,,,,
ville du sætte lydstyrken til 45,setVolume,da,45,,,
kunne du venligst indstille lydstyrken til 30,setVolume,da,30,,,
show me a map of paris,unknown,en,,,,
increase volume by 20,volumeUp,en,,20,,
could you put the volume at 10,setVolume,en,10,,,
can you please put the volume at 40,setVolume,en,40,,,
jeg vil gerne have at du spille med haven,joinSpeaker,da,,,,
venligst tilbage til musikken,resume,da,,,,
would you please turn off the music,stop,en,,,,
venligst giv mig en gåde,unknown,da,,,,
må jeg bede dig om at fjerne lydløs,unmute,da,,,,
could you please play Miles Davis,playNamed,en,,,,Miles Davis
afspil NPR tak,playNamed,da,,,,NPR
real quick start playback,playDefault,en,,,,
kill the sound now,stop,en,,,,
nu frakobl højttaleren,leaveSpeaker,da,,,,
vil du venligst holde pause,pause,da,,,,
right now stop it,stop,en,,,,
lige forlad gruppen,leaveSpeaker,da,,,,
play more real quick,resume,en,,,,
hurtigt send en besked til peter,unknown,da,,,,
nu adskil denne højttaler,leaveSpeaker,da,,,,
sæt lydstyrken til 1,setVolume,da,1,,,
bare dæmp helt,mute,da,,,,
vil du venligst dæmpe lyden,mute,da,,,,
would you mind to set volume to 20,setVolume,en,20,,,
list favoritter,listFavorites,da,,,,
level 50,setVolume,en,50,,,
right now yep,confirm,en,,,,
normal lyd igen nu,unmute,da,,,,
indstil volumen til 20,setVolume,da,20,,,
kan du venligst afspille NPR,playNamed,da,,,,
hurtigt hjælp mig med min lektie,unknown,da,,,,
ville du indstille lydstyrken til 45,setVolume,da,45,,,
increase the volume real quick,volumeUp,en,,,,
bare højere,volumeUp,da,,,,
vil du venligst spille Volbeat,playNamed,da,,,,
would you please put on P7,playNamed,en,,,,P7
quickly fine,confirm,en,,,,
vær venlig at spille med køkkenet,joinSpeaker,da,,,,
højere med 15 nu,volumeUp,da,,15,,
please make it quieter,volumeDown,en,,,,
ville du afspille morgenmusik,playNamed,da,,,,
forbind til ovenpå,joinSpeaker,da,,,,
hurtigt frakobl fra gruppen,leaveSpeaker,da,,,,
now lower,volumeDown,en,,,,
lige skru op 5,volumeUp,da,,5,,
kindly group with the kitchen,joinSpeaker,en,,,,
i'd like you to pause the music,pause,en,,,,
real quick leave the cluster,leaveSpeaker,en,,,,
afkobl,leaveSpeaker,da,,,,
kan du fortælle mig mine favoritter,listFavorites,da,,,,
må jeg bede dig om at gruppere med køkkenet,joinSpeaker,da,,,,
play some tunes right now,playDefault,en,,,,
real quick end silent mode,unmute,en,,,,
fire up pop,playNamed,en,,,,pop
afspil noget,playDefault,da,,,,
bring sound back,unmute,en,,,,
jeg vil gerne have at du genoptage,resume,da,,,,
spil mere med det samme,resume,da,,,,
fint,confirm,da,,,,
just favorites list,listFavorites,en,,,,
abort it,cancel,en,,,,
i want you to hold the music,pause,en,,,,
kan du fortsætte musikken,resume,da,,,,
med det samme split fra gruppen,leaveSpeaker,da,,,,
could you pause,pause,en,,,,
i want you to carry on real quick,resume,en,,,,
kan du sætte lydstyrken til 80,setVolume,da,80,,,
venligst ja det er fint,confirm,da,,,,
ville du afspille rolig musik,playNamed,da,,,,
hurtigt stop al lyd,stop,da,,,,
stop nummeret,stop,da,,,,
louder by fifteen,volumeUp,en,,15,,
could you put on Taylor Swift,playNamed,en,,,,Taylor Swift
med det samme tilbage til lyd,unmute,da,,,,
venligst vis mine favoritter,listFavorites,da,,,,
bare korrekt,confirm,da,,,,
afspil nu,playDefault,da,,,,
play the usual right now,playDefault,en,,,,
right now i want to pause,pause,en,,,,
vil du spille videre,resume,da,,,,
quickly pause the music,pause,en,,,,
could you please play favorite 5,playFavoriteByNumber,en,,,5,
med det samme hæv lydstyrken med 20,volumeUp,da,,20,,
right now pause the audio,pause,en,,,,
lige gør det højere,volumeUp,da,,,,
now do it,confirm,en,,,,
what's the temperature outside,unknown,en,,,,
vil du ændre lydstyrken til 85,setVolume,da,85,,,
just silence the audio,mute,en,,,,
kan du spille favorit tre,playFavoriteByNumber,da,,,3,
lavere med 20 hurtigt,volumeDown,da,,20,,
yes do it right now,confirm,en,,,,
hurtigt nul lyd,mute,da,,,,
vil du venligst afspille favorit nummer 1,playFavoriteByNumber,da,,,1,
join with the bathroom,joinSpeaker,en,,,,
can you resume the music,resume,en,,,,
hurtigt sluk musikken,stop,da,,,,
silence real quick,mute,en,,,,
would you restore the sound,unmute,en,,,,
let it play,resume,en,,,,
quieter by twenty right away,volumeDown,en,,20,,
play alone now,leaveSpeaker,en,,,,
right away go ahead and unpause,resume,en,,,,
now play by yourself,leaveSpeaker,en,,,,
kan du afspille favorit nummer ni,playFavoriteByNumber,da,,,9,
disconnect from the others now,leaveSpeaker,en,,,,
nu lad os ikke,cancel,da,,,,
remove mute right now,unmute,en,,,,
show me a map of paris right away,unknown,en,,,,
right away decrease volume by 20,volumeDown,en,,20,,
unmute the audio,unmute,en,,,,
would you mind to disconnect,leaveSpeaker,en,,,,
jeg vil gerne have at du adskille højttaleren,leaveSpeaker,da,,,,
sync with the office,joinSpeaker,en,,,,
please pause the music,pause,en,,,,
would you increase the volume,volumeUp,en,,,,
end the song real quick,stop,en,,,,
vær venlig at stoppe afspilningen,stop,da,,,,
skru op med 20,volumeUp,da,,20,,
hurtigt ikke mere afspilning,stop,da,,,,
lige fortsæt afspilningen,resume,da,,,,
gør lyden lavere nu,volumeDown,da,,,,
ville du venligst stoppe,stop,da,,,,
quickly let's hear some music,playDefault,en,,,,
i need you to unpause,resume,en,,,,
lige hold op med musikken,stop,da,,,,
nu vent et sekund,pause,da,,,,
afslut sangen med det samme,stop,da,,,,
decrease the volume,volumeDown,en,,,,
could you kindly turn the sound back on,unmute,en,,,,
med det samme stop al musik,stop,da,,,,
hvad er gemt som favoritter nu,listFavorites,da,,,,
ville du afspille favorit nummer 3,playFavoriteByNumber,da,,,3,
hurtigt lad os gøre det,confirm,da,,,,
kan du venligst spille favorit 8,playFavoriteByNumber,da,,,8,
could you kindly put on some music,playDefault,en,,,,
ville du spille favorit tre,playFavoriteByNumber,da,,,3,
kan du venligst gruppere med soveværelset,joinSpeaker,da,,,,
spille med terrassen,joinSpeaker,da,,,,
spil solo,leaveSpeaker,da,,,,
restore sound,unmute,en,,,,
vær så venlig at fortsætte nu,resume,da,,,,
i'd like you to pause it right away,pause,en,,,,
right now never mind,cancel,en,,,,
right away remind me to buy milk,unknown,en,,,,
nu midlertidig stop,pause,da,,,,
kindly join the living room,joinSpeaker,en,,,,
lige vent et sekund,pause,da,,,,
i confirm,confirm,en,,,,
let's pause,pause,en,,,,
now i need you to play something,playDefault,en,,,,
vil du skrue op for lyden,volumeUp,da,,,,
jeg vil bede dig om at sætte lydstyrken til fem,setVolume,da,5,,,
could you kindly put on Mew,playNamed,en,,,,Mew
bare hold op med det,stop,da,,,,
læs min seneste email op hurtigt,unknown,da,,,,
ville du spille BBC Radio 4,playNamed,da,,,,
med det samme sluk,stop,da,,,,
quickly go independent,leaveSpeaker,en,,,,
tilslut med køkkenet,joinSpeaker,da,,,,
decrease volume by 5,volumeDown,en,,5,,
wait there real quick,pause,en,,,,
vær venlig at ændre lydstyrken til femogtyve,setVolume,da,25,,,
sync the speakers,joinSpeaker,en,,,,
med det samme enig,confirm,da,,,,
spil favorit ti tak,playFavoriteByNumber,da,,,10,
kunne du venligst sætte Jazz FM på,playNamed,da,,,,
go ahead and silence it,mute,en,,,,
just back to playing,resume,en,,,,
right now i'd like you to pause,pause,en,,,,
could you please play rolig musik,playNamed,en,,,,rolig musik
ville du skrue ned for lyden,volumeDown,da,,,,
skru ned 10 hurtigt,volumeDown,da,,10,,
halt the music now,pause,en,,,,
i want you to join the hallway,joinSpeaker,en,,,,
volume down real quick,volumeDown,en,,,,
sure why not,confirm,en,,,,
just find me a coffee shop,unknown,en,,,,
right away which favourites do i have,listFavorites,en,,,,
could you kindly unmute,unmute,en,,,,
nu værsgod,confirm,da,,,,
no that's wrong,cancel,en,,,,
afsynkroniser hurtigt,leaveSpeaker,da,,,,
hurtigt højere med 10,volumeUp,da,,10,,
volume to ninety,setVolume,en,90,,,
what's my home temperature right now,unknown,en,,,,
lige hvad står der på min favoritliste,listFavorites,da,,,,
bare hvor koldt er det,unknown,da,,,,
kunne du afspille This American Life,playNamed,da,,,,
venligst fortæl mig en sjov kendsgerning,unknown,da,,,,
kan du venligst læse mine favoritter op,listFavorites,da,,,,
would you mind to kill the sound,mute,en,,,,
ville du venligst læse mine favoritter op,listFavorites,da,,,,
more sound,volumeUp,en,,,,
right away separate from the others,leaveSpeaker,en,,,,
disconnect from the others right now,leaveSpeaker,en,,,,
sæt højttaleren på lydløs med det samme,mute,da,,,,
carry on playing,resume,en,,,,
med det samme lavere med 20,volumeDown,da,,20,,
now exactly,confirm,en,,,,
just mute the song,mute,en,,,,
louder by 25 now,volumeUp,en,,25,,
sæt en timer til ti minutter med det samme,unknown,da,,,,
bare kom i gang,confirm,da,,,,
put the volume at 70,setVolume,en,70,,,
synkroniser til badeværelset,joinSpeaker,da,,,,
jeg vil gerne have at du ophæve dæmpningen,unmute,da,,,,
make the volume eighty,setVolume,en,80,,,
right now go ahead and increase the volume,volumeUp,en,,,,
could you please join the bathroom,joinSpeaker,en,,,,
kan du tilslutte kontoret,joinSpeaker,da,,,,
add the bedroom to the group,joinSpeaker,en,,,,
med det samme stop nummeret,stop,da,,,,
med det samme ophæv gruppen,leaveSpeaker,da,,,,
bare lås døren,unknown,da,,,,
would you please group with the patio,joinSpeaker,en,,,,
gør lyden lavere,volumeDown,da,,,,
tak med det samme,unknown,da,,,,
real quick wait there,pause,en,,,,
leave,leaveSpeaker,en,,,,
read my favorites,listFavorites,en,,,,
hurtigt hold op,stop,da,,,,
sound back on right now,unmute,en,,,,
translate this to german now,unknown,en,,,,
kunne du venligst ændre lydstyrken til ti,setVolume,da,10,,,
begynd at spille hurtigt,playDefault,da,,,,
right now unpause the music,resume,en,,,,
raise the volume by 10,volumeUp,en,,10,,
jeg vil have det til at stoppe,stop,da,,,,
right now freeze playback,pause,en,,,,
hvem vandt i går hurtigt,unknown,da,,,,
sæt sangen på pause,pause,da,,,,
kindly play with the bedroom,joinSpeaker,en,,,,
right now go silent,mute,en,,,,
quickly put on a song,playDefault,en,,,,
right now decrease volume by 5,volumeDown,en,,5,,
wait a moment now,pause,en,,,,
kør på hurtigt,confirm,da,,,,
pause the track,pause,en,,,,
venligst nej,cancel,da,,,,
stop the mute right away,unmute,en,,,,
right now resume,resume,en,,,,
would you mind to play favorite five,playFavoriteByNumber,en,,,5,
hurtigt fortryd,cancel,da,,,,
i want you to list my favorites,listFavorites,en,,,,
of course yes real quick,confirm,en,,,,
i want you to lower the volume,volumeDown,en,,,,
lav en pause,pause,da,,,,
right now let's pause,pause,en,,,,
med det samme afsynkroniser højttaleren,leaveSpeaker,da,,,,
læs favoritterne op nu,listFavorites,da,,,,
right away i need you to disconnect,leaveSpeaker,en,,,,
venligst sæt en sang på,playDefault,da,,,,
lige adskil dig,leaveSpeaker,da,,,,
i want to hear the fest playlisten,playNamed,en,,,,fest playlisten
med det samme stop,stop,da,,,,
raise the volume by 30,volumeUp,en,,30,,
nul lyd hurtigt,mute,da,,,,
quickly go ahead and pause,pause,en,,,,
i'd like you to bring back the sound,unmute,en,,,,
bare frakobl højttaleren,leaveSpeaker,da,,,,
the favorites list,listFavorites,en,,,,
i need you to list my favorites,listFavorites,en,,,,
nu vær så venlig at pause musikken,pause,da,,,,
unmute it right now,unmute,en,,,,
could you kindly pause it,pause,en,,,,
would you please start playing,playDefault,en,,,,
lyd til nu,unmute,da,,,,
more sound right now,volumeUp,en,,,,
kunne du venligst dæmpe lyden,mute,da,,,,
tilbage til at have lyd,unmute,da,,,,
right now forget that,cancel,en,,,,
how do you say thank you in spanish,unknown,en,,,,
now exactly right,confirm,en,,,,
kan du venligst fortsætte musikken,resume,da,,,,
med det samme lidt lavere,volumeDown,da,,,,
hurtigt tænd for højttaleren,unmute,da,,,,
tilknyt soveværelset,joinSpeaker,da,,,,
kan du venligst pause afspilningen,pause,da,,,,
play with the office,joinSpeaker,en,,,,
bare lavere med 25,volumeDown,da,,25,,
bare træd tilbage,cancel,da,,,,
can you please play favorite seven,playFavoriteByNumber,en,,,7,
set the level to twenty-five,setVolume,en,25,,,
spil bare her hurtigt,leaveSpeaker,da,,,,
send en besked til peter hurtigt,unknown,da,,,,
i need you to start playing,playDefault,en,,,,
må jeg bede dig om at spille favorit fem,playFavoriteByNumber,da,,,5,
now do you have feelings,unknown,en,,,,
jeg elsker dig nu,unknown,da,,,,
go ahead and increase the volume real quick,volumeUp,en,,,,
pick a random number now,unknown,en,,,,
fortæl mig favoritlisten,listFavorites,da,,,,
leave group right away,leaveSpeaker,en,,,,
højere med 25 nu,volumeUp,da,,25,,
nu fjern gruppering,leaveSpeaker,da,,,,
ville du spille This American Life,playNamed,da,,,,
lige okay,confirm,da,,,,
now go on playing,resume,en,,,,
right away go ahead and pause the music,pause,en,,,,
turn the sound back on real quick,unmute,en,,,,
kindly list my favorites,listFavorites,en,,,,
hvordan siger man tak på spansk med det samme,unknown,da,,,,
vær så venlig at fortsætte musikken med det samme,resume,da,,,,
right away go ahead and leave the group,leaveSpeaker,en,,,,
skru op for musikken nu,volumeUp,da,,,,
læs favoritterne op hurtigt,listFavorites,da,,,,
right now no,cancel,en,,,,
kill the audio right now,stop,en,,,,
kunne du venligst sætte lydstyrken til 1,setVolume,da,1,,,
lige stille,mute,da,,,,
i'd like you to play favorite 2,playFavoriteByNumber,en,,,2,
kan du venligst indstille lydstyrken til femten,setVolume,da,15,,,
kan du spille med haven,joinSpeaker,da,,,,
take a break now,pause,en,,,,
what's the score of the game,unknown,en,,,,
lige hvad er hovedstaden i frankrig,unknown,da,,,,
jeg vil gerne have at du gruppere med badeværelset,joinSpeaker,da,,,,
real quick i need you to unmute,unmute,en,,,,
right away unpair this speaker,leaveSpeaker,en,,,,
jeg vil gerne have at du slukke for musikken,stop,da,,,,
unmute the music right now,unmute,en,,,,
bare kommer der sne i weekenden,unknown,da,,,,
kindly group with the hallway,joinSpeaker,en,,,,
skru op med femogtyve nu,volumeUp,da,,25,,
med det samme lad det spille videre,resume,da,,,,
can you please play favorite three,playFavoriteByNumber,en,,,3,
go ahead and stop real quick,stop,en,,,,
få musikken til at stoppe hurtigt,stop,da,,,,
could you please put on BBC Radio 1,playNamed,en,,,,BBC Radio 1
now increase volume by 20,volumeUp,en,,20,,
konverter ti dollar til kroner nu,unknown,da,,,,
lige hvad er to plus to,unknown,da,,,,
could you kindly play number 1,playFavoriteByNumber,en,,,1,
tænd for musikken nu,unmute,da,,,,
volume up five real quick,volumeUp,en,,5,,
i need you to change the volume to 90,setVolume,en,90,,,
i would like you to unpause right now,resume,en,,,,
let's pause real quick,pause,en,,,,
right away confirm,confirm,en,,,,
go ahead and make it quieter real quick,volumeDown,en,,,,
just volume down 20,volumeDown,en,,20,,
could you pause it,pause,en,,,,
i need you to play number 1,playFavoriteByNumber,en,,,1,
right now stop right there,cancel,en,,,,
kindly group with the upstairs speaker,joinSpeaker,en,,,,
real quick volume up five,volumeUp,en,,5,,
could you kindly make it quieter,volumeDown,en,,,,
turn it up by 10 right away,volumeUp,en,,10,,
fortæl en vittighed nu,unknown,da,,,,
now go ahead and unmute,unmute,en,,,,
hurtigt vær så venlig at stoppe,stop,da,,,,
vil du venligst sætte afslapningsmusik på,playNamed,da,,,,
kan du venligst skrue op,volumeUp,da,,,,
vær så venlig at spille favorit 6,playFavoriteByNumber,da,,,6,
jeg vil bede dig om at tilslutte køkkenet,joinSpeaker,da,,,,
lav en pause nu,pause,da,,,,
mindre lydstyrke med det samme,volumeDown,da,,,,
sænk volumen nu,volumeDown,da,,,,
get back to it real quick,resume,en,,,,
shut up real quick,mute,en,,,,
go ahead and play with the basement,joinSpeaker,en,,,,
må jeg bede dig om at afspille favorit nummer 2,playFavoriteByNumber,da,,,2,
louder by fifteen right now,volumeUp,en,,15,,
lige sæt musikken på lydløs,mute,da,,,,
synkroniser til soveværelset,joinSpeaker,da,,,,
venligst vær så venlig at skrue op,volumeUp,da,,,,
silence the speaker right now,mute,en,,,,
med det samme ophæv grupperingen,leaveSpeaker,da,,,,
kill the sound,stop,en,,,,
how old are you,unknown,en,,,,
må jeg bede dig om at spille pop,playNamed,da,,,,
lige sæt nummeret på pause,pause,da,,,,
kunne du sætte jazz på,playNamed,da,,,,
med det samme jeg vil have lyden tilbage,unmute,da,,,,
would you please kill the music,stop,en,,,,
stop grouping right now,leaveSpeaker,en,,,,
ville du venligst pause afspilningen,pause,da,,,,
volume down fifteen right away,volumeDown,en,,15,,
do not,cancel,en,,,,
audio back on now,unmute,en,,,,
quickly all right then,confirm,en,,,,
vis mig mine favoritter,listFavorites,da,,,,
how do i bake a cake,unknown,en,,,,
nope,cancel,en,,,,
i want to hear morning playlist,playNamed,en,,,,morning playlist
real quick show my favorites,listFavorites,en,,,,
gør det ikke,cancel,da,,,,
would you mind to pause the music,pause,en,,,,
ville du stoppe,stop,da,,,,
venligst vær så venlig at fjerne lydløs,unmute,da,,,,
please play with the garden,joinSpeaker,en,,,,
real quick tell me a fun fact,unknown,en,,,,
jeg vil bede dig om at spille favorit 8,playFavoriteByNumber,da,,,8,
skru op med 5,volumeUp,da,,5,,
please play music,playDefault,en,,,,
let's do it real quick,confirm,en,,,,
i'd like you to read out my favorites,listFavorites,en,,,,
vent et sekund,pause,da,,,,
kan du venligst afspille favorit nummer 9,playFavoriteByNumber,da,,,9,
ville du fortælle mig mine favoritter,listFavorites,da,,,,
stop the music right away,stop,en,,,,
kunne du venligst afspille Mew,playNamed,da,,,,
enough music,stop,en,,,,
now decrease volume by 10,volumeDown,en,,10,,
could you please pause,pause,en,,,,
quieter by 30,volumeDown,en,,30,,
go ahead and continue right now,resume,en,,,,
ville du slå lyden fra,mute,da,,,,
now pause the track,pause,en,,,,
could you end the music,stop,en,,,,
right away that's right,confirm,en,,,,
silent mode,mute,en,,,,
skip the action,cancel,en,,,,
jeg vil gerne have at du ændre lydstyrken til 0,setVolume,da,0,,,
i want to hear NPR,playNamed,en,,,,NPR
vær venlig at mute,mute,da,,,,
jeg vil gerne have at du forbinde med ovenpå,joinSpeaker,da,,,,
calculate the tip right now,unknown,en,,,,
now turn it down by 15,volumeDown,en,,15,,
all right then,confirm,en,,,,
venligst nok musik,stop,da,,,,
vær så venlig at afspille favorit nummer fem,playFavoriteByNumber,da,,,5,
can you play favorite nine,playFavoriteByNumber,en,,,9,
nej tak nu,cancel,da,,,,
ring til mor nu,unknown,da,,,,
vil du sætte lydstyrken til 25,setVolume,da,25,,,
skru ned med 5 med det samme,volumeDown,da,,5,,
vil du venligst spille P3,playNamed,da,,,,
right away stop the mute,unmute,en,,,,
real quick yes do it,confirm,en,,,,
put the volume at 25,setVolume,en,25,,,
which favourites do i have now,listFavorites,en,,,,
skønt,confirm,da,,,,
real quick exit silent mode,unmute,en,,,,
turn it down by five now,volumeDown,en,,5,,
skru op med tredive hurtigt,volumeUp,da,,30,,
quieter by 10,volumeDown,en,,10,,
right away turn it up by thirty,volumeUp,en,,30,,
no that's wrong real quick,cancel,en,,,,
decrease the volume right now,volumeDown,en,,,,
stop the song right away,stop,en,,,,
kan du venligst forlade gruppen,leaveSpeaker,da,,,,
show me my favorites,listFavorites,en,,,,
i would like you to play pop,playNamed,en,,,,pop
vil du holde pause,pause,da,,,,
kindly ungroup,leaveSpeaker,en,,,,
med det samme højere med 15,volumeUp,da,,15,,
what's on the favourites list,listFavorites,en,,,,
i'd like you to carry on right away,resume,en,,,,
real quick alright,confirm,en,,,,
i want you to play number five,playFavoriteByNumber,en,,,5,
vær så venlig at adskille højttaleren med det samme,leaveSpeaker,da,,,,
connect with the office,joinSpeaker,en,,,,
right away split from the group,leaveSpeaker,en,,,,
nu stop sangen,stop,da,,,,
i would like you to play with the upstairs speaker,joinSpeaker,en,,,,
hurtigt spil,playDefault,da,,,,
spil min favorit 5,playFavoriteByNumber,da,,,5,
split fra gruppen med det samme,leaveSpeaker,da,,,,
i'd like you to group with the dining room,joinSpeaker,en,,,,
må jeg bede dig om at fjerne dæmpningen,unmute,da,,,,
please play favorite nine,playFavoriteByNumber,en,,,9,
mute it real quick,mute,en,,,,
vær så venlig at skrue op med det samme,volumeUp,da,,,,
lige giv mig lyden igen,unmute,da,,,,
vær så venlig at afspille morning playlist,playNamed,da,,,,
real quick what's the news,unknown,en,,,,
make it so real quick,confirm,en,,,,
do not do that now,cancel,en,,,,
what are my favorites right now,listFavorites,en,,,,
værsgo hurtigt,confirm,da,,,,
would you please pause the music,pause,en,,,,
would you please group with the basement,joinSpeaker,en,,,,
kunne du ændre lydstyrken til fem,setVolume,da,5,,,
cut the audio real quick,mute,en,,,,
can you put on some music,playDefault,en,,,,
lige helt enig,confirm,da,,,,
højere med femogtyve,volumeUp,da,,25,,
bekræftet hurtigt,confirm,da,,,,
i'd like you to play favorite nine,playFavoriteByNumber,en,,,9,
go ahead and disconnect real quick,leaveSpeaker,en,,,,
resume my music,playDefault,en,,,,
could you kindly play number 8,playFavoriteByNumber,en,,,8,
go ahead and play The Daily,playNamed,en,,,,Daily
må jeg bede dig om at spille med soveværelset,joinSpeaker,da,,,,
hvilke favoritter er der,listFavorites,da,,,,
just sure why not,confirm,en,,,,
play it with the bathroom,joinSpeaker,en,,,,
drop the audio,mute,en,,,,
could you kindly read out my favorites,listFavorites,en,,,,
some music please,playDefault,en,,,,
real quick all right,confirm,en,,,,
real quick halt it,pause,en,,,,
med det samme mindre volumen,volumeDown,da,,,,
what presets do i have right now,listFavorites,en,,,,
vis mig et kort over paris med det samme,unknown,da,,,,
quickly sound back on,unmute,en,,,,
i want you to bring back the sound,unmute,en,,,,
bare absolut,confirm,da,,,,
med det samme stop med det samme,stop,da,,,,
quickly stop syncing,leaveSpeaker,en,,,,
don't do that,cancel,en,,,,
real quick call mom,unknown,en,,,,
louder by twenty,volumeUp,en,,20,,
i'd like you to play Taylor Swift,playNamed,en,,,,Taylor Swift
raise the volume by 20,volumeUp,en,,20,,
volume up thirty real quick,volumeUp,en,,30,,
now what's twelve times eight,unknown,en,,,,
vær venlig at spille musik,playDefault,da,,,,
nu hold op,stop,da,,,,
fine yes,confirm,en,,,,
vil du forbinde med køkkenet,joinSpeaker,da,,,,
i would like you to carry on,resume,en,,,,
nu forlad klyngen,leaveSpeaker,da,,,,
skru op med femten nu,volumeUp,da,,15,,
hurtigt det er forkert,cancel,da,,,,
hurtigt vælg et tilfældigt tal,unknown,da,,,,
i need you to unmute,unmute,en,,,,
nu skru ned for det,volumeDown,da,,,,
right now i would like you to stop,stop,en,,,,
could you stop,stop,en,,,,
i want you to disconnect right now,leaveSpeaker,en,,,,
hold the audio right now,pause,en,,,,
skru ned 30,volumeDown,da,,30,,
kan du venligst sætte lydstyrken til tredive,setVolume,da,30,,,
godmorgen med det samme,unknown,da,,,,
lige skru op med 25,volumeUp,da,,25,,
nej med det samme,cancel,da,,,,
right now order pizza,unknown,en,,,,
ville du tænde lyden igen,unmute,da,,,,
stop right there right now,cancel,en,,,,
right away unpause,resume,en,,,,
start playing right now,playDefault,en,,,,
real quick i want you to ungroup,leaveSpeaker,en,,,,
right now set an alarm for seven am,unknown,en,,,,
i would like you to unpause,resume,en,,,,
right now turn it off,stop,en,,,,
can you please play favorite two,playFavoriteByNumber,en,,,2,
spil det jeg hørte sidst,playDefault,da,,,,
vil du skrue op,volumeUp,da,,,,
right now turn the music off,stop,en,,,,
lige lavere med 10,volumeDown,da,,10,,
højere med 30,volumeUp,da,,30,,
right away volume down 5,volumeDown,en,,5,,
tænd lyden med det samme,unmute,da,,,,
right now decrease volume,volumeDown,en,,,,
volume up 30,volumeUp,en,,30,,
start favorite 10,playFavoriteByNumber,en,,,10,
afspil nummer 7,playFavoriteByNumber,da,,,7,
now yup,confirm,en,,,,
i'd like you to put on NPR,playNamed,en,,,,NPR
now leave,leaveSpeaker,en,,,,
højere med fem med det samme,volumeUp,da,,5,,
can you turn off the music,stop,en,,,,
lige konverter ti dollar til kroner,unknown,da,,,,
now agreed,confirm,en,,,,
vær venlig at pause musikken,pause,da,,,,
tænd lyden igen hurtigt,unmute,da,,,,
real quick sure thing,confirm,en,,,,
i want you to join the basement,joinSpeaker,en,,,,
lige fjern fra gruppen,leaveSpeaker,da,,,,
indstil volumen til femten,setVolume,da,15,,,
i would like you to join the basement,joinSpeaker,en,,,,
just volume up twenty,volumeUp,en,,20,,
what's the capital of france real quick,unknown,en,,,,
shut it off now,stop,en,,,,
kunne du forbinde med køkkenet,joinSpeaker,da,,,,
now good night,unknown,en,,,,
lige vær så venlig at stoppe afspilningen,stop,da,,,,
real quick silence the music,mute,en,,,,
venligst hæv lydstyrken med 10,volumeUp,da,,10,,
vil du forbinde med kontoret,joinSpeaker,da,,,,
real quick go ahead and separate this speaker,leaveSpeaker,en,,,,
nu hvor gammel er du,unknown,da,,,,
lige skru ned 5,volumeDown,da,,5,,
lad os spille et spil hurtigt,unknown,da,,,,
nej det er forkert hurtigt,cancel,da,,,,
could you hold the music,pause,en,,,,
vær venlig at gøre det højere,volumeUp,da,,,,
can you please play MØ,playNamed,en,,,,MØ
could you kindly list my favorites,listFavorites,en,,,,
vær så venlig at afspille favorit nummer 6,playFavoriteByNumber,da,,,6,
sluk med det samme,stop,da,,,,
med det samme hvilke stationer har jeg,listFavorites,da,,,,
volume down 30,volumeDown,en,,30,,
sæt favorit otte på,playFavoriteByNumber,da,,,8,
just don't do that,cancel,en,,,,
hurtigt højere med tyve,volumeUp,da,,20,,
would you mind to put the volume at eighty,setVolume,en,80,,,
vær venlig at gøre det lavere,volumeDown,da,,,,
go ahead and play Mads og Monopolet,playNamed,en,,,,Mads og Monopolet
now back out of that,cancel,en,,,,
fjern dæmpningen hurtigt,unmute,da,,,,
would you please put on Pink Floyd,playNamed,en,,,,Pink Floyd
could you play music,playDefault,en,,,,
keep the music going,resume,en,,,,
give me the morning playlist,playNamed,en,,,,morning playlist
sync with the bedroom,joinSpeaker,en,,,,
turn it down by twenty-five,volumeDown,en,,25,,
sænk lydstyrken med tredive,volumeDown,da,,30,,
jeg vil gerne have at du sætte P2 på,playNamed,da,,,,
now translate this to german,unknown,en,,,,
louder by 15,volumeUp,en,,15,,
i would like you to change the volume to seventy-five,setVolume,en,75,,,
please kill the music,stop,en,,,,
i need you to put the volume at 1,setVolume,en,1,,,
lad være med det,cancel,da,,,,
lige lavere med femogtyve,volumeDown,da,,25,,
right now absolutely yes,confirm,en,,,,
stop,stop,both,,,,
real quick volume up 20,volumeUp,en,,20,,
ok nu,confirm,da,,,,
venligst højere med 30,volumeUp,da,,30,,
i need you to continue,resume,en,,,,
rigtigt,confirm,da,,,,
would you ungroup,leaveSpeaker,en,,,,
lige tag en pause,pause,da,,,,
would you please resume the music,resume,en,,,,
hvad har jeg som favoritter,listFavorites,da,,,,
turn it up by twenty-five right away,volumeUp,en,,25,,
hurtigt vis listen,listFavorites,da,,,,
vent nej hurtigt,cancel,da,,,,
bare hvad hedder du,unknown,da,,,,
venligst skru op for musikken,volumeUp,da,,,,
now increase volume by 25,volumeUp,en,,25,,
skru op med fem,volumeUp,da,,5,,
venligst hvad er nyhederne,unknown,da,,,,
separate from the others right away,leaveSpeaker,en,,,,
turn it up by ten right away,volumeUp,en,,10,,
just i want you to ungroup,leaveSpeaker,en,,,,
spil sammen,joinSpeaker,da,,,,
can you please disconnect,leaveSpeaker,en,,,,
nu skru ned med 15,volumeDown,da,,15,,
i want you to change the volume to 90,setVolume,en,90,,,
translate this to german,unknown,en,,,,
lige stop lydløs,unmute,da,,,,
quickly yeah sure,confirm,en,,,,
ville du afspille klassisk musik,playNamed,da,,,,
bare lad være,cancel,da,,,,
nu afbryd kort,pause,da,,,,
could you kindly play something,playDefault,en,,,,
what are my favourites,listFavorites,en,,,,
real quick negative,cancel,en,,,,
quickly read me the headlines,unknown,en,,,,
spil favorit nummer 1,playFavoriteByNumber,da,,,1,
lift the mute,unmute,en,,,,
kunne du fortsætte musikken,resume,da,,,,
i need you to put the volume at thirty,setVolume,en,30,,,
kan du venligst forbinde med haven,joinSpeaker,da,,,,
bare sæt sangen på pause,pause,da,,,,
vær så venlig at sætte pop på,playNamed,da,,,,
let's not right away,cancel,en,,,,
kindly put the volume at 1,setVolume,en,1,,,
could you please list my favorites,listFavorites,en,,,,
what should i do today now,unknown,en,,,,
show favorites right away,listFavorites,en,,,,
jeg vil bede dig om at tænde lyden igen,unmute,da,,,,
sound on,unmute,en,,,,
spil hvad som helst med det samme,playDefault,da,,,,
would you please put on Kim Larsen,playNamed,en,,,,Kim Larsen
tag pausen af,resume,da,,,,
now end playback,stop,en,,,,
right away volume up 20,volumeUp,en,,20,,
yeah real quick,confirm,en,,,,
vis mine presets hurtigt,listFavorites,da,,,,
må jeg bede dig om at mute,mute,da,,,,
vær stille med det samme,mute,da,,,,
play by yourself right away,leaveSpeaker,en,,,,
now turn it down,volumeDown,en,,,,
i need you to set volume to 50,setVolume,en,50,,,
vær venlig at holde pause,pause,da,,,,
quickly kill it,stop,en,,,,
ville du spille favorit 6,playFavoriteByNumber,da,,,6,
hurtigt ok tak,confirm,da,,,,
could you put on some music,playDefault,en,,,,
kan du venligst afspille favorit nummer fire,playFavoriteByNumber,da,,,4,
jeg vil gerne have at du tænde for lyden,unmute,da,,,,
hurtigt sæt på pause,pause,da,,,,
med det samme selvfølgelig,confirm,da,,,,
decrease volume by 10 now,volumeDown,en,,10,,
ville du spille favorit 8,playFavoriteByNumber,da,,,8,
vil du venligst sætte lydstyrken til 50,setVolume,da,50,,,
now that's enough,stop,en,,,,
vær venlig at spille favorit fem,playFavoriteByNumber,da,,,5,
venligst få det til at stoppe,stop,da,,,,
increase volume by 25 now,volumeUp,en,,25,,
kan du venligst sætte lydstyrken til 90,setVolume,da,90,,,
stands musikken,stop,da,,,,
no right now,cancel,en,,,,
ville du venligst afspille musik,playDefault,da,,,,
kan du vise mine favoritter,listFavorites,da,,,,
right away end playback,stop,en,,,,
sæt noget på,playDefault,da,,,,
i want you to play P1,playNamed,en,,,,P1
disconnect from the group real quick,leaveSpeaker,en,,,,
volume up 5 right away,volumeUp,en,,5,,
go ahead and turn it down real quick,volumeDown,en,,,,
ville du venligst sætte Lukas Graham på,playNamed,da,,,,
back to music,resume,en,,,,
could you please put on Taylor Swift,playNamed,en,,,,Taylor Swift
afspil favorit nummer 8,playFavoriteByNumber,da,,,8,
stop midlertidigt hurtigt,pause,da,,,,
right now help me with my homework,unknown,en,,,,
quickly volume down,volumeDown,en,,,,
real quick which favorites are there,listFavorites,en,,,,
ville du venligst fjerne lydløs,unmute,da,,,,
i need you to restore the sound,unmute,en,,,,
quickly skip that,cancel,en,,,,
spil favorit nummer 7,playFavoriteByNumber,da,,,7,
skru op med 25,volumeUp,da,,25,,
just continue the song,resume,en,,,,
could you kindly show me my favorites,listFavorites,en,,,,
pause the speaker,pause,en,,,,
venligst hvor er det nærmeste supermarked,unknown,da,,,,
silence right now,mute,en,,,,
spil videre hurtigt,resume,da,,,,
niveau tredive,setVolume,da,30,,,
ville du stoppe afspilningen,stop,da,,,,
right away navigate home,unknown,en,,,,
afspil favorit 8,playFavoriteByNumber,da,,,8,
dæmp lyden nu,mute,da,,,,
med det samme vær så venlig at skrue ned,volumeDown,da,,,,
can you please play something,playDefault,en,,,,
just wait no,cancel,en,,,,
venligst vis mig mine favoritter,listFavorites,da,,,,
venligst vær så venlig at fjerne dæmpningen,unmute,da,,,,
right now turn it down by five,volumeDown,en,,5,,
venligst gå alene,leaveSpeaker,da,,,,
right now make it louder,volumeUp,en,,,,
afbryd forbindelsen til gruppen med det samme,leaveSpeaker,da,,,,
i need you to join the garden,joinSpeaker,en,,,,
med det samme skru ned med 20,volumeDown,da,,20,,
now silence the music,mute,en,,,,
med det samme tænd lyden igen,unmute,da,,,,
vil du venligst spille Taylor Swift,playNamed,da,,,,
i want you to pause it right away,pause,en,,,,
go ahead and silence it right away,mute,en,,,,
venligst genoptag afspilningen,resume,da,,,,
sæt musikken på pause,pause,da,,,,
i want you to ungroup,leaveSpeaker,en,,,,
could you separate this speaker,leaveSpeaker,en,,,,
would you hold the music,pause,en,,,,
go ahead and pause the music right away,pause,en,,,,
would you mind to play number five,playFavoriteByNumber,en,,,5,
fortæl mig mine favoritter nu,listFavorites,da,,,,
kan du sætte på lydløs,mute,da,,,,
would you freeze the music,pause,en,,,,
i need you to play favorite six,playFavoriteByNumber,en,,,6,
venligst sæt noget musik på,playDefault,da,,,,
set the volume to 20,setVolume,en,20,,,
vær venlig at spille The Daily,playNamed,da,,,,
split this speaker off right away,leaveSpeaker,en,,,,
quickly turn it up by 5,volumeUp,en,,5,,
vær venlig at slukke for lyden,mute,da,,,,
sæt favorit 7 på,playFavoriteByNumber,da,,,7,
tilføj soveværelset,joinSpeaker,da,,,,
quickly sure,confirm,en,,,,
please disconnect,leaveSpeaker,en,,,,
i need you to group with the living room,joinSpeaker,en,,,,
just audio off,mute,en,,,,
i want you to read out my favorites,listFavorites,en,,,,
that is right right now,confirm,en,,,,
hvad er klokken,unknown,da,,,,
what favourites do i have right now,listFavorites,en,,,,
i want you to mute right now,mute,en,,,,
turn on the sound,unmute,en,,,,
fjern pause,resume,da,,,,
lige højere med femten,volumeUp,da,,15,,
skru ned med tredive nu,volumeDown,da,,30,,
lower the volume by 20 real quick,volumeDown,en,,20,,
quickly restore the sound,unmute,en,,,,
louder by ten,volumeUp,en,,10,,
med det samme hvad har jeg som favoritter,listFavorites,da,,,,
leave group,leaveSpeaker,en,,,,
real quick leave the group,leaveSpeaker,en,,,,
hvilke stationer har jeg,listFavorites,da,,,,
preset one,playFavoriteByNumber,en,,,1,
bare kør videre,resume,da,,,,
stop afspilningen hurtigt,stop,da,,,,
bare højere med femten,volumeUp,da,,15,,
kan du venligst afspille morning playlist,playNamed,da,,,,
vær venlig at afspille rolig musik,playNamed,da,,,,
ville du afspille favorit nummer fem,playFavoriteByNumber,da,,,5,
cut the audio now,mute,en,,,,
vil du gøre det lavere,volumeDown,da,,,,
i need you to play number seven,playFavoriteByNumber,en,,,7,
fortryd hurtigt,cancel,da,,,,
decrease volume by 20,volumeDown,en,,20,,
pause musikken nu,pause,da,,,,
what favorites do i have now,listFavorites,en,,,,
ville du venligst spille noget,playDefault,da,,,,
nu dæmp lyden,mute,da,,,,
klart,confirm,da,,,,
would you please stop the music,stop,en,,,,
ville du sætte Volbeat på,playNamed,da,,,,
med det samme afspil noget,playDefault,da,,,,
start playing again,resume,en,,,,
mute the audio right away,mute,en,,,,
fjern lydløs,unmute,da,,,,
would you please bring back the sound,unmute,en,,,,
jeg vil gerne have at du gøre det lavere,volumeDown,da,,,,
lige faktisk glem det,cancel,da,,,,
sound on right now,unmute,en,,,,
all right real quick,confirm,en,,,,
nu lav en pause,pause,da,,,,
quickly i'd like you to keep playing,resume,en,,,,
jeg vil gerne have at du afspille NPR,playNamed,da,,,,
mute the audio real quick,mute,en,,,,
kindly put on Lukas Graham,playNamed,en,,,,Lukas Graham
just remove mute,unmute,en,,,,
would you turn the sound back on,unmute,en,,,,
real quick volume down 25,volumeDown,en,,25,,
go ahead and play favorite two,playFavoriteByNumber,en,,,2,
right away mute the audio,mute,en,,,,
go ahead and set volume to 15,setVolume,en,15,,,
kunne du venligst ophæve pausen,resume,da,,,,
quickly remove me from the group,leaveSpeaker,en,,,,
now list my favorites,listFavorites,en,,,,
real quick go ahead and play something,playDefault,en,,,,
okay now,confirm,en,,,,
i need you to pause,pause,en,,,,
right now put something on,playDefault,en,,,,
resume the song real quick,resume,en,,,,
would you put the volume at zero,setVolume,en,0,,,
i'd like you to play hip hop,playNamed,en,,,,hip hop
ville du gruppere med kælderen,joinSpeaker,da,,,,
kan du venligst indstille lydstyrken til 15,setVolume,da,15,,,
nu vis listen,listFavorites,da,,,,
what's the news,unknown,en,,,,
any sports updates now,unknown,en,,,,
i want you to join the living room,joinSpeaker,en,,,,
can you please put on P4,playNamed,en,,,,P4
vil du tænde for lyden,unmute,da,,,,
right now turn the sound back on,unmute,en,,,,
continue the music,resume,en,,,,
are you a robot right away,unknown,en,,,,
venligst jeg vil have ro,mute,da,,,,
må jeg bede dig om at spille musik,playDefault,da,,,,
i'd like you to play with the bedroom,joinSpeaker,en,,,,
ville du spille musik,playDefault,da,,,,
go ahead and play number eight,playFavoriteByNumber,en,,,8,
quickly i would like you to continue,resume,en,,,,
play my songs right away,playDefault,en,,,,
nok musik,stop,da,,,,
could you please put on Bob Dylan,playNamed,en,,,,Bob Dylan
just ya,confirm,en,,,,
frakobl denne højttaler nu,leaveSpeaker,da,,,,
jeg vil gerne have at du slukke for lyden,mute,da,,,,
skru op med fem hurtigt,volumeUp,da,,5,,
kan du spille favorit 5,playFavoriteByNumber,da,,,5,
stop deling,leaveSpeaker,da,,,,
would you please play favorite 5,playFavoriteByNumber,en,,,5,
med det samme vær så venlig at adskille højttaleren,leaveSpeaker,da,,,,
can you continue,resume,en,,,,
kan du venligst ændre lydstyrken til 65,setVolume,da,65,,,
right away no,cancel,en,,,,
skru op med 30,volumeUp,da,,30,,
i want sound,unmute,en,,,,
lige vær så venlig at ophæve dæmpningen,unmute,da,,,,
kan du venligst skrue ned for lyden,volumeDown,da,,,,
go ahead and kill the music right now,stop,en,,,,
i would like you to join the hallway,joinSpeaker,en,,,,
tag tråden op igen med det samme,resume,da,,,,
what stations are saved,listFavorites,en,,,,
hurtigt drop det,cancel,da,,,,
skru op med tyve,volumeUp,da,,20,,
i would like you to disconnect right away,leaveSpeaker,en,,,,
absolut,confirm,da,,,,
sluk for sangen,stop,da,,,,
can you please play This American Life,playNamed,en,,,,This American Life
i need you to freeze the music,pause,en,,,,
er du en robot,unknown,da,,,,
just i'd like you to play something,playDefault,en,,,,
right now continue playing,resume,en,,,,
join with the patio,joinSpeaker,en,,,,
abort the action right now,cancel,en,,,,
turn on the lights real quick,unknown,en,,,,
ville du venligst ændre lydstyrken til 20,setVolume,da,20,,,
i want you to join the bathroom,joinSpeaker,en,,,,
please put on some music,playDefault,en,,,,
would you mind to play something,playDefault,en,,,,
i'd like you to separate this speaker,leaveSpeaker,en,,,,
put on some music right now,playDefault,en,,,,
mute the audio,mute,en,,,,
nu vær tavs,mute,da,,,,
now go ahead and freeze the music,pause,en,,,,
real quick lower the volume by 5,volumeDown,en,,5,,
lige skru op med 15,volumeUp,da,,15,,
quickly leave group,leaveSpeaker,en,,,,
right now turn it down by thirty,volumeDown,en,,30,,
right away play solo,leaveSpeaker,en,,,,
bare vis mig mine favoritter,listFavorites,da,,,,
right away start playback,playDefault,en,,,,
right away cancel it,cancel,en,,,,
real quick do it,confirm,en,,,,
vil du pause musikken,pause,da,,,,
more music now,resume,en,,,,
i need you to play number nine,playFavoriteByNumber,en,,,9,
i want you to set volume to 10,setVolume,en,10,,,
just sounds good,confirm,en,,,,
exit mute right now,unmute,en,,,,
would you start playing,playDefault,en,,,,
glem den ting,cancel,da,,,,
just cut the sound,mute,en,,,,
venligst fjern denne højttaler fra gruppen,leaveSpeaker,da,,,,
would you please play with the office,joinSpeaker,en,,,,
afspil noget musik med det samme,playDefault,da,,,,
jeg vil bede dig om at skrue op for lyden,volumeUp,da,,,,
real quick increase volume by 30,volumeUp,en,,30,,
bare negativ,cancel,da,,,,
just silence it,mute,en,,,,
now negative,cancel,en,,,,
right now continue the song,resume,en,,,,
stop this,stop,en,,,,
go ahead and show me my favorites,listFavorites,en,,,,
nu lyd igen,unmute,da,,,,
må jeg bede dig om at afspille Kendrick Lamar,playNamed,da,,,,
real quick what's in my favorites,listFavorites,en,,,,
bring the sound back right now,unmute,en,,,,
vær så venlig at ophæve dæmpningen med det samme,unmute,da,,,,
show my favorites real quick,listFavorites,en,,,,
hurtigt tag pausen af,resume,da,,,,
split this speaker off,leaveSpeaker,en,,,,
bare skru ned med 5,volumeDown,da,,5,,
kunne du venligst forlade gruppen,leaveSpeaker,da,,,,
would you play with the office,joinSpeaker,en,,,,
just resume playing,resume,en,,,,
hold op med at spille,stop,da,,,,
i want to hear Adele,playNamed,en,,,,Adele
med det samme fint nok,confirm,da,,,,
would you please leave the group,leaveSpeaker,en,,,,
could you please unmute,unmute,en,,,,
can you turn the sound back on,unmute,en,,,,
perfekt med det samme,confirm,da,,,,
kindly play with the kitchen,joinSpeaker,en,,,,
abort that,cancel,en,,,,
quickly sound off,mute,en,,,,
tilslut højttaleren,joinSpeaker,da,,,,
ville du venligst spille favorit 4,playFavoriteByNumber,da,,,4,
giv mig en pause,pause,da,,,,
stop al musik med det samme,stop,da,,,,
would you please join the basement,joinSpeaker,en,,,,
kunne du venligst ophæve dæmpningen,unmute,da,,,,
just show me the favorites,listFavorites,en,,,,
right now i would like you to unpause,resume,en,,,,
må jeg bede dig om at holde pause,pause,da,,,,
read the favorites,listFavorites,en,,,,
kill the music,stop,en,,,,
kindly play music,playDefault,en,,,,
kan du sætte musik på,playDefault,da,,,,
can you separate this speaker,leaveSpeaker,en,,,,
can you please carry on,resume,en,,,,
that's not right real quick,cancel,en,,,,
i want you to increase the volume,volumeUp,en,,,,
change volume to seventy-five,setVolume,en,75,,,
skru ned med 10,volumeDown,da,,10,,
vær venlig at ophæve pausen,resume,da,,,,
ville du venligst sætte lydstyrken til tyve,setVolume,da,20,,,
would you please play favorite five,playFavoriteByNumber,en,,,5,
afslut afspilningen med det samme,stop,da,,,,
please mute the speaker,mute,en,,,,
now go ahead and unpause,resume,en,,,,
now stop syncing,leaveSpeaker,en,,,,
vil du vise mine favoritter,listFavorites,da,,,,
turn it down by five right now,volumeDown,en,,5,,
not anymore,cancel,en,,,,
could you kindly play with the patio,joinSpeaker,en,,,,
nu stop deling,leaveSpeaker,da,,,,
halt the music real quick,pause,en,,,,
silent mode right away,mute,en,,,,
now remove this from the group,leaveSpeaker,en,,,,
would you make it quieter,volumeDown,en,,,,
increase volume by 15,volumeUp,en,,15,,
ville du venligst spille med badeværelset,joinSpeaker,da,,,,
vil du spille favorit 1,playFavoriteByNumber,da,,,1,
kunne du liste mine favoritter,listFavorites,da,,,,
i'd like you to turn the sound back on,unmute,en,,,,
kunne du venligst genoptage,resume,da,,,,
i would like you to play favorite one,playFavoriteByNumber,en,,,1,
quickly skip the action,cancel,en,,,,
now forget it,cancel,en,,,,
nu netop,confirm,da,,,,
med det samme sluk for musikken,stop,da,,,,
lige afspil noget musik,playDefault,da,,,,
med det samme sluk for lydløs,unmute,da,,,,
real quick unpause the music,resume,en,,,,
dæmp lidt,volumeDown,da,,,,
could you please join the bedroom,joinSpeaker,en,,,,
just show me what's saved,listFavorites,en,,,,
jeg vil gerne have at du spille This American Life,playNamed,da,,,,
increase the volume now,volumeUp,en,,,,
kunne du venligst spille musik,playDefault,da,,,,
could you group with the bedroom,joinSpeaker,en,,,,
sæt klassisk på,playNamed,da,,,,klassisk
hurtigt perfekt,confirm,da,,,,
now turn it up by 30,volumeUp,en,,30,,
mute the music,mute,en,,,,
play favourite 10,playFavoriteByNumber,en,,,10,
sluk,stop,da,,,,
would you please continue,resume,en,,,,
start Pop FM,playNamed,da,,,,Pop FM
bare mindre lyd,volumeDown,da,,,,
ville du venligst sætte lydstyrken til 25,setVolume,da,25,,,
quickly absolutely,confirm,en,,,,
goodbye right away,unknown,en,,,,
vær venlig at spille study music,playNamed,da,,,,
now i'd like you to unpause,resume,en,,,,
kindly play number four,playFavoriteByNumber,en,,,4,
lydstyrke til 70,setVolume,da,70,,,
can you please make it quieter,volumeDown,en,,,,
could you kill the music,stop,en,,,,
med det samme vær så venlig at ophæve dæmpningen,unmute,da,,,,
med det samme pause det,pause,da,,,,
what time is it now,unknown,en,,,,
tænd for højttaleren,unmute,da,,,,
just get back to it,resume,en,,,,
would you mind to list my favorites,listFavorites,en,,,,
text my wife now,unknown,en,,,,
level 45,setVolume,en,45,,,
tilknyt kontoret,joinSpeaker,da,,,,
just play whatever you want,playDefault,en,,,,
could you turn it down,volumeDown,en,,,,
let's pause right now,pause,en,,,,
jeg vil have lyden tilbage,unmute,da,,,,
right now end the song,stop,en,,,,
now yes thanks,confirm,en,,,,
kobl med entréen,joinSpeaker,da,,,,
jeg vil bede dig om at fjerne dæmpningen,unmute,da,,,,
nu farvel,unknown,da,,,,
hurtigt vær så venlig at holde pause,pause,da,,,,
kunne du venligst forbinde med stuen,joinSpeaker,da,,,,
now thank you,unknown,en,,,,
stop det der nu,cancel,da,,,,
bare vent lidt,pause,da,,,,
please freeze the music,pause,en,,,,
jeg vil bede dig om at afspille Genstart,playNamed,da,,,,
tone it down,volumeDown,en,,,,
go ahead and play P7,playNamed,en,,,,P7
afspil hurtigt,playDefault,da,,,,
jeg vil høre musik nu,playDefault,da,,,,
could you please set volume to 100,setVolume,en,100,,,
right away read the favorites,listFavorites,en,,,,
just tell me my favorites,listFavorites,en,,,,
jeg vil bede dig om at spille favorit seks,playFavoriteByNumber,da,,,6,
lidt mere stille,volumeDown,da,,,,
hurtigt spil musik,playDefault,da,,,,
please group with the patio,joinSpeaker,en,,,,
kindly pause,pause,en,,,,
quickly turn the volume up,volumeUp,en,,,,
luk lyden,mute,da,,,,
would you resume,resume,en,,,,
can you resume,resume,en,,,,
jeps,confirm,da,,,,
give me Classic FM,playNamed,en,,,,Classic FM
hvordan var din dag,unknown,da,,,,
vær venlig at afspille This American Life,playNamed,da,,,,
would you please group with the dining room,joinSpeaker,en,,,,
play favorite 4,playFavoriteByNumber,en,,,4,
jeg vil gerne have at du tilslutte stuen,joinSpeaker,da,,,,
bare adskil denne højttaler,leaveSpeaker,da,,,,
would you change the volume to 0,setVolume,en,0,,,
pause afspilningen nu,pause,da,,,,
i want you to pause,pause,en,,,,
leave the others,leaveSpeaker,en,,,,
spil noget musik,playDefault,da,,,,
fire up P5,playNamed,en,,,,P5
play P2 for me,playNamed,en,,,,P2
right now quieter by five,volumeDown,en,,5,,
be silent,mute,en,,,,
venligst hvor koldt er det,unknown,da,,,,
bare fint,confirm,da,,,,
venligst fortsæt med musikken,resume,da,,,,
indstil lydstyrken til 1,setVolume,da,1,,,
real quick volume down thirty,volumeDown,en,,30,,
i want you to play number 3,playFavoriteByNumber,en,,,3,
real quick i'd like you to pause it,pause,en,,,,
turn it up,volumeUp,en,,,,
group the speakers,joinSpeaker,en,,,,
right away stop the track,stop,en,,,,
i'd like you to group with the bedroom,joinSpeaker,en,,,,
lige skru ned,volumeDown,da,,,,
real quick i want you to continue,resume,en,,,,
i love you,unknown,en,,,,
vær så venlig at sætte BBC Radio 1 på,playNamed,da,,,,
just roll a dice,unknown,en,,,,
kan du venligst gruppere med ovenpå,joinSpeaker,da,,,,
turn it up by thirty right away,volumeUp,en,,30,,
lige del fra gruppen,leaveSpeaker,da,,,,
kunne du spille favorit et,playFavoriteByNumber,da,,,1,
audio on,unmute,en,,,,
venligst åbn garageporten,unknown,da,,,,
can you leave the group,leaveSpeaker,en,,,,
jeg vil høre musik med det samme,playDefault,da,,,,
quickly sounds good,confirm,en,,,,
play number 5,playFavoriteByNumber,en,,,5,
kan du venligst afslutte musikken,stop,da,,,,
show my favorites,listFavorites,en,,,,
stop that real quick,stop,en,,,,
would you mind to play favorite three,playFavoriteByNumber,en,,,3,
skru ned,volumeDown,da,,,,
can you play music,playDefault,en,,,,
sync to the bedroom,joinSpeaker,en,,,,
bare højere med 5,volumeUp,da,,5,,
raise it right away,volumeUp,en,,,,
regner det i morgen hurtigt,unknown,da,,,,
i'd like you to tell me my favorites,listFavorites,en,,,,
afbryd alt,cancel,da,,,,
normal lyd igen med det samme,unmute,da,,,,
skru op 25,volumeUp,da,,25,,
i'd like you to unpause now,resume,en,,,,
i'd like you to turn off the music,stop,en,,,,
pick it back up,resume,en,,,,
go ahead,confirm,en,,,,
jeg vil gerne have at du frakoble,leaveSpeaker,da,,,,
would you group with the garden,joinSpeaker,en,,,,
kunne du venligst pause musikken,pause,da,,,,
ville du venligst mute,mute,da,,,,
how did the lakers do,unknown,en,,,,
lige jeg vil have ro,stop,da,,,,
now what favorites do i have,listFavorites,en,,,,
lige vis mine favoritter,listFavorites,da,,,,
now forget that,cancel,en,,,,
of course now,confirm,en,,,,
can you play favorite 10,playFavoriteByNumber,en,,,10,
jeg vil bede dig om at afspille favorit nummer seks,playFavoriteByNumber,da,,,6,
kindly read out my favorites,listFavorites,en,,,,
spil favorit nummer ti,playFavoriteByNumber,da,,,10,
can you please group with the office,joinSpeaker,en,,,,
må jeg bede dig om at afspille favorit nummer 5,playFavoriteByNumber,da,,,5,
right away louder by 10,volumeUp,en,,10,,
ville du tilslutte køkkenet,joinSpeaker,da,,,,
fire up NPR,playNamed,en,,,,NPR
venligst skru op for lyden,volumeUp,da,,,,
show my favourites now,listFavorites,en,,,,
sænk lydstyrken med ti,volumeDown,da,,10,,
tilslut med entréen,joinSpeaker,da,,,,
real quick that's wrong,cancel,en,,,,
right now that's correct,confirm,en,,,,
right now sure thing,confirm,en,,,,
turn off the audio,stop,en,,,,
med det samme helt rigtigt,confirm,da,,,,
please hold the music,pause,en,,,,
go ahead and stop playing,stop,en,,,,
vær så venlig at pause musikken,pause,da,,,,
hvad skal jeg lave i dag,unknown,da,,,,
right now volume up 30,volumeUp,en,,30,,
i want you to group with the upstairs speaker,joinSpeaker,en,,,,
would you please restore the sound,unmute,en,,,,
venligst stop deling,leaveSpeaker,da,,,,
halt the music,pause,en,,,,
vær venlig at sætte klassisk musik på,playNamed,da,,,,
kom i gang,confirm,da,,,,
just yes let's,confirm,en,,,,
would you join the bathroom,joinSpeaker,en,,,,
mind mig om at købe mælk nu,unknown,da,,,,
pause this right now,pause,en,,,,
don't do it right away,cancel,en,,,,
nu hold pause,pause,da,,,,
i'd like you to set volume to 1,setVolume,en,1,,,
jeg vil bede dig om at gruppere med køkkenet,joinSpeaker,da,,,,
now incorrect,cancel,en,,,,
kan du venligst fjerne dæmpningen,unmute,da,,,,
yep right now,confirm,en,,,,
ikke mere musik hurtigt,stop,da,,,,
play my songs,playDefault,en,,,,
now put on some music,playDefault,en,,,,
frakobl nu,leaveSpeaker,da,,,,
med det samme sænk lydstyrken,volumeDown,da,,,,
lydniveau 20,setVolume,da,20,,,
jeg vil gerne have at du gruppere med entréen,joinSpeaker,da,,,,
real quick of course yes,confirm,en,,,,
would you please play with the bedroom,joinSpeaker,en,,,,
volume up twenty-five right away,volumeUp,en,,25,,
quickly start the music,playDefault,en,,,,
med det samme vær stille,mute,da,,,,
nej det vil jeg ikke nu,cancel,da,,,,
could you please kill the sound,mute,en,,,,
nu del fra gruppen,leaveSpeaker,da,,,,
now mute that,mute,en,,,,
i need you to put the volume at 5,setVolume,en,5,,,
kast en terning med det samme,unknown,da,,,,
back out of that,cancel,en,,,,
jeg vil bede dig om at skrue op,volumeUp,da,,,,
i would like you to change the volume to 1,setVolume,en,1,,,
hurtigt vær så venlig at fjerne dæmpningen,unmute,da,,,,
vil du venligst pause,pause,da,,,,
go ahead and stop right away,stop,en,,,,
now louder by 15,volumeUp,en,,15,,
now good morning,unknown,en,,,,
can you please end the music,stop,en,,,,
now any sports updates,unknown,en,,,,
jeg vil gerne have at du fortælle mig mine favoritter,listFavorites,da,,,,
synkroniser med badeværelset,joinSpeaker,da,,,,
vær så venlig at spille Mew,playNamed,da,,,,
i want you to resume right away,resume,en,,,,
kan du spille favorit 4,playFavoriteByNumber,da,,,4,
play only here,leaveSpeaker,en,,,,
oversæt dette til tysk hurtigt,unknown,da,,,,
what time is it,unknown,en,,,,
venligst hvad har jeg gemt,listFavorites,da,,,,
i would like you to play favorite 10,playFavoriteByNumber,en,,,10,
real quick what's on my favorites list,listFavorites,en,,,,
hæv lydstyrken med 25,volumeUp,da,,25,,
sænk volumen,volumeDown,da,,,,
kindly play number one,playFavoriteByNumber,en,,,1,
vær så venlig at ophæve dæmpningen,unmute,da,,,,
volume level thirty,setVolume,en,30,,,
venligst genoptag sangen,resume,da,,,,
vil du venligst forbinde med køkkenet,joinSpeaker,da,,,,
jeg vil gerne have at du forlade gruppen,leaveSpeaker,da,,,,
just go ahead and silence it,mute,en,,,,
give it a rest right now,pause,en,,,,
kunne du venligst fortælle mig mine favoritter,listFavorites,da,,,,
favourites list right away,listFavorites,en,,,,
right now hold the music,pause,en,,,,
vær så venlig at pause afspilningen nu,pause,da,,,,
right away no more playing,stop,en,,,,
tænd lyset nu,unknown,da,,,,
would you mind to put on Volbeat,playNamed,en,,,,Volbeat
kan du venligst spille med kælderen,joinSpeaker,da,,,,
right now bring back the sound,unmute,en,,,,
vil du venligst ændre lydstyrken til 80,setVolume,da,80,,,
i want you to put on P3,playNamed,en,,,,P3
right now good morning,unknown,en,,,,
could you kindly stop,stop,en,,,,
what favourites do i have,listFavorites,en,,,,
mute this now,mute,en,,,,
volume up fifteen right now,volumeUp,en,,15,,
can you play Nova FM,playNamed,en,,,,Nova FM
play The Daily for me,playNamed,en,,,,Daily
venligst gå solo,leaveSpeaker,da,,,,
right now list my presets,listFavorites,en,,,,
med det samme få musikken til at stoppe,stop,da,,,,
bare nej lad være,cancel,da,,,,
leave the group real quick,leaveSpeaker,en,,,,
hurtigt hæv lydstyrken med 10,volumeUp,da,,10,,
ville du afspille favorit nummer 6,playFavoriteByNumber,da,,,6,
put on the ambient music,playNamed,en,,,,ambient music
i would like you to change the volume to seventy,setVolume,en,70,,,
start something,playDefault,en,,,,
kunne du venligst fortsætte musikken,resume,da,,,,
præcis,confirm,da,,,,
vær så venlig at frakoble,leaveSpeaker,da,,,,
real quick let it resume,resume,en,,,,
vil du stoppe musikken,stop,da,,,,
bare læs hele listen op,listFavorites,da,,,,
pause for now,pause,en,,,,
could you kindly play favorite five,playFavoriteByNumber,en,,,5,
good right away,confirm,en,,,,
quickly favourites list,listFavorites,en,,,,
now list favorites,listFavorites,en,,,,
ville du venligst vise mine favoritter,listFavorites,da,,,,
can you put the volume at one hundred,setVolume,en,100,,,
hvordan siger man tak på spansk nu,unknown,da,,,,
turn the volume up,volumeUp,en,,,,
venligst vær så venlig at dæmpe lyden,mute,da,,,,
med det samme afbryd forbindelsen til gruppen,leaveSpeaker,da,,,,
right now any new messages,unknown,en,,,,
go ahead and kill the music real quick,stop,en,,,,
okay tak med det samme,confirm,da,,,,
spil det igen,resume,da,,,,
where's the nearest grocery right now,unknown,en,,,,
no thanks real quick,cancel,en,,,,
i need you to resume,resume,en,,,,
ville du afspille favorit nummer ni,playFavoriteByNumber,da,,,9,
halt playback,pause,en,,,,
right away louder by ten,volumeUp,en,,10,,
could you kindly disconnect,leaveSpeaker,en,,,,
show my favorites right away,listFavorites,en,,,,
vær så venlig at sætte Pink Floyd på,playNamed,da,,,,
ville du ændre lydstyrken til 60,setVolume,da,60,,,
i want you to play number four,playFavoriteByNumber,en,,,4,
lydstyrke 85,setVolume,da,85,,,
real quick what's saved as a favorite,listFavorites,en,,,,
fire up ambient music,playNamed,en,,,,ambient music
bare mere musik,resume,da,,,,
quickly kill the sound,mute,en,,,,
real quick unsync this,leaveSpeaker,en,,,,
hurtigt frakobl gruppen,leaveSpeaker,da,,,,
jeg vil bede dig om at tilslutte badeværelset,joinSpeaker,da,,,,
real quick freeze it,pause,en,,,,
can you put the volume at 5,setVolume,en,5,,,
right away make it so,confirm,en,,,,
right now lock the door,unknown,en,,,,
right away louder,volumeUp,en,,,,
stop pausen,resume,da,,,,
can you put the volume at ten,setVolume,en,10,,,
med det samme jo,confirm,da,,,,
please change the volume to 70,setVolume,en,70,,,
could you put the volume at forty,setVolume,en,40,,,
mute that right now,mute,en,,,,
nu fortsæt sangen,resume,da,,,,
just disconnect from the group,leaveSpeaker,en,,,,
vær så venlig at fortælle mig mine favoritter,listFavorites,da,,,,
list favorites,listFavorites,en,,,,
i need you to pause right now,pause,en,,,,
please do,confirm,en,,,,
ville du venligst sætte workout mix på,playNamed,da,,,,
right away stop that,cancel,en,,,,
no don't right now,cancel,en,,,,
vær så venlig at skrue ned nu,volumeDown,da,,,,
let's go now,confirm,en,,,,
tænd for højttaleren hurtigt,unmute,da,,,,
start the klassisk musik,playNamed,en,,,,klassisk musik
venligst vær så venlig at fortsætte,resume,da,,,,
volume seventy-five,setVolume,en,75,,,
could you please put on Kendrick Lamar,playNamed,en,,,,Kendrick Lamar
right away play,playDefault,en,,,,
just go ahead and ungroup,leaveSpeaker,en,,,,
kindly play favorite 1,playFavoriteByNumber,en,,,1,
can you join the upstairs speaker,joinSpeaker,en,,,,
would you put the volume at 10,setVolume,en,10,,,
lige hvad er temperaturen hjemme,unknown,da,,,,
kommer der sne i weekenden nu,unknown,da,,,,
nu vær så venlig at starte musikken,playDefault,da,,,,
forlad højttalerne,leaveSpeaker,da,,,,
right now quieter by twenty-five,volumeDown,en,,25,,
would you mute the speaker,mute,en,,,,
pause the track now,pause,en,,,,
right real quick,confirm,en,,,,
hurtigt sover du,unknown,da,,,,
quickly resume the music,resume,en,,,,
go ahead and group with the basement,joinSpeaker,en,,,,
bare split højttaleren,leaveSpeaker,da,,,,
sure thing,confirm,en,,,,
jeg vil bede dig om at forbinde med spisestuen,joinSpeaker,da,,,,
could you kindly pause the music,pause,en,,,,
cease the music real quick,stop,en,,,,
sæt volumen til femogtyve,setVolume,da,25,,,
start the music,playDefault,en,,,,
venligst sluk for lydløs,unmute,da,,,,
mere lydstyrke,volumeUp,da,,,,
read my favorites real quick,listFavorites,en,,,,
jeg vil gerne have at du spille noget,playDefault,da,,,,
i would like you to join the living room,joinSpeaker,en,,,,
med det samme afslut afspilningen,stop,da,,,,
just disconnect from everyone,leaveSpeaker,en,,,,
sæt på lydløs,mute,da,,,,
right now silence,mute,en,,,,
kunne du afspille favorit nummer 3,playFavoriteByNumber,da,,,3,
spil skak,unknown,da,,,,
sæt noget på nu,playDefault,da,,,,
stop the audio right away,stop,en,,,,
kan du venligst spille P6,playNamed,da,,,,
could you change the volume to 5,setVolume,en,5,,,
jeg vil bede dig om at hæve lydstyrken,volumeUp,da,,,,
kunne du venligst stoppe musikken,stop,da,,,,
would you mind to play number four,playFavoriteByNumber,en,,,4,
sæt klassisk musik på,playNamed,da,,,,klassisk musik
quickly keep playing,resume,en,,,,
right now unmute the audio,unmute,en,,,,
kan du indstille lydstyrken til femten,setVolume,da,15,,,
text my wife,unknown,en,,,,
vil du venligst stoppe,stop,da,,,,
right away play something,playDefault,en,,,,
when does the sun rise,unknown,en,,,,
let it resume,resume,en,,,,
jeg vil gerne have at du gruppere med kontoret,joinSpeaker,da,,,,
start Radio 24syv,playNamed,da,,,,Radio 24syv
i would like you to turn it up,volumeUp,en,,,,
show favorites right now,listFavorites,en,,,,
right away back to playing,resume,en,,,,
vær venlig at gruppere med haven,joinSpeaker,da,,,,
right away i want you to pause,pause,en,,,,
play the Genstart,playNamed,en,,,,Genstart
would you mind to set volume to fifty,setVolume,en,50,,,
kunne du venligst tilslutte spisestuen,joinSpeaker,da,,,,
changed my mind,cancel,en,,,,
continue playing right now,resume,en,,,,
just i want it to stop,stop,en,,,,
nu musik tak,playDefault,da,,,,
how far is copenhagen,unknown,en,,,,
exit silent mode real quick,unmute,en,,,,
cancel the action,cancel,en,,,,
bare musik tak,playDefault,da,,,,
bare skru op med femogtyve,volumeUp,da,,25,,
må jeg bede dig om at tilslutte spisestuen,joinSpeaker,da,,,,
now let's go,confirm,en,,,,
bare sænk lydstyrken med 10,volumeDown,da,,10,,
could you disconnect,leaveSpeaker,en,,,,
vær venlig at afspille favorit nummer ni,playFavoriteByNumber,da,,,9,
kør bare på,confirm,da,,,,
quickly turn it up by twenty,volumeUp,en,,20,,
stop the mute,unmute,en,,,,
naviger hjem nu,unknown,da,,,,
må jeg bede dig om at afspille favorit nummer 9,playFavoriteByNumber,da,,,9,
i want you to carry on right now,resume,en,,,,
list mine stationer,listFavorites,da,,,,
would you play favorite 2,playFavoriteByNumber,en,,,2,
go ahead and separate this speaker real quick,leaveSpeaker,en,,,,
could you kindly play P6,playNamed,en,,,,P6
tavs,mute,da,,,,
vær så venlig at tilslutte køkkenet,joinSpeaker,da,,,,
tone it down right away,volumeDown,en,,,,
lift mute right away,unmute,en,,,,
increase volume by 15 real quick,volumeUp,en,,15,,
now what's today's date,unknown,en,,,,
lige bestemt,confirm,da,,,,
just end silent mode,unmute,en,,,,
dæmp musikken med det samme,mute,da,,,,
i would like you to disconnect real quick,leaveSpeaker,en,,,,
i want you to restore the sound,unmute,en,,,,
kindly tell me my favorites,listFavorites,en,,,,
frakobl fra gruppen,leaveSpeaker,da,,,,
pause playback now,pause,en,,,,
vær venlig at starte musikken,playDefault,da,,,,
venligst bekræft,confirm,da,,,,
lige klart ja,confirm,da,,,,
hvilke favoritter har jeg,listFavorites,da,,,,
quickly i need you to stop,stop,en,,,,
jeg vil bede dig om at tænde for lyden,unmute,da,,,,
hurtigt hvad er mine favoritter,listFavorites,da,,,,
please stop playing,stop,en,,,,
stop pausen nu,resume,da,,,,
play preset eight,playFavoriteByNumber,en,,,8,
vil du venligst spille favorit 5,playFavoriteByNumber,da,,,5,
nu tak,unknown,da,,,,
spil mine sange,playDefault,da,,,,
farvel,unknown,da,,,,
could you please carry on,resume,en,,,,
jeg vil bede dig om at forlade gruppen,leaveSpeaker,da,,,,
vær så venlig at vise mine favoritter,listFavorites,da,,,,
i would like you to turn it down,volumeDown,en,,,,
just i want you to play something,playDefault,en,,,,
i want you to put on a song,playDefault,en,,,,
quieter by twenty,volumeDown,en,,20,,
kindly play favorite three,playFavoriteByNumber,en,,,3,
lyd igen nu,unmute,da,,,,
sæt det på pause hurtigt,pause,da,,,,
quickly how do you spell necessary,unknown,en,,,,
det passer hurtigt,confirm,da,,,,
vær venlig at holde op,stop,da,,,,
lyder rigtigt nu,confirm,da,,,,
fortsæt sangen nu,resume,da,,,,
vær venlig at pause,pause,da,,,,
kunne du venligst starte musikken,playDefault,da,,,,
freeze playback,pause,en,,,,
right now no thanks,cancel,en,,,,
ville du spille favorit otte,playFavoriteByNumber,da,,,8,
turn it off right now,stop,en,,,,
fjern mute,unmute,da,,,,
please group with the garden,joinSpeaker,en,,,,
now stop right there,stop,en,,,,
wait,pause,en,,,,
adskil højttaleren hurtigt,leaveSpeaker,da,,,,
tænd lyset med det samme,unknown,da,,,,
vær venlig at sætte på lydløs,mute,da,,,,
let's hear the Volbeat,playNamed,en,,,,Volbeat
quickly on second thought no,cancel,en,,,,
i would like you to unmute real quick,unmute,en,,,,
definitely yes now,confirm,en,,,,
quickly i'd like you to stop,stop,en,,,,
join with the hallway,joinSpeaker,en,,,,
sluk for musikken nu,stop,da,,,,
vil du indstille lydstyrken til 95,setVolume,da,95,,,
preset nine,playFavoriteByNumber,en,,,9,
læs mine favoritter op,listFavorites,da,,,,
ville du pause afspilningen,pause,da,,,,
hurtigt skru op med fem,volumeUp,da,,5,,
ja lad os,confirm,da,,,,
vis mig et kort over paris,unknown,da,,,,
jeg vil gerne have at du spille musik,playDefault,da,,,,
venligst højere med tyve,volumeUp,da,,20,,
sluk musikken,stop,da,,,,
vil du afspille musik,playDefault,da,,,,
venligst vær så venlig at ophæve pausen,resume,da,,,,
kan du venligst afspille favorit nummer 1,playFavoriteByNumber,da,,,1,
could you set volume to twenty,setVolume,en,20,,,
stil et quizspørgsmål nu,unknown,da,,,,
right now go ahead,confirm,en,,,,
shut it down,stop,en,,,,
would you please disconnect,leaveSpeaker,en,,,,
hurtigt spil videre,resume,da,,,,
læs listen op,listFavorites,da,,,,
would you lower the volume,volumeDown,en,,,,
turn off the heating,unknown,en,,,,
cancel that now,cancel,en,,,,
bare ophæv mute,unmute,da,,,,
jeg vil gerne have at du pause musikken,pause,da,,,,
right now mute the speaker,mute,en,,,,
just turn off the speaker,stop,en,,,,
start igen med det samme,resume,da,,,,
frakobl gruppen,leaveSpeaker,da,,,,
jeg vil bede dig om at sætte Adele på,playNamed,da,,,,
kan du venligst ændre lydstyrken til 1,setVolume,da,1,,,
quickly i'd like you to carry on,resume,en,,,,
kindly set volume to twenty,setVolume,en,20,,,
would you mind to play Classic FM,playNamed,en,,,,Classic FM
quieter by 15,volumeDown,en,,15,,
go ahead and pause it real quick,pause,en,,,,
real quick go ahead and disconnect,leaveSpeaker,en,,,,
i need you to disconnect right away,leaveSpeaker,en,,,,
venligst jeps,confirm,da,,,,
hurtigt vær så venlig at mute,mute,da,,,,
can you play favorite seven,playFavoriteByNumber,en,,,7,
i'd like you to resume,resume,en,,,,
lige hvad er stillingen i kampen,unknown,da,,,,
please put on pop,playNamed,en,,,,pop
can you please stop,stop,en,,,,
kan du venligst stoppe,stop,da,,,,
vær så venlig at læse mine favoritter op,listFavorites,da,,,,
could you kindly restore the sound,unmute,en,,,,
nu vis hele listen,listFavorites,da,,,,
sæt favorit syv på,playFavoriteByNumber,da,,,7,
just read out my favorites,listFavorites,en,,,,
vær venlig at sætte lydstyrken til 70,setVolume,da,70,,,
i'd like you to pause now,pause,en,,,,
stop now,stop,en,,,,
ville du indstille lydstyrken til 85,setVolume,da,85,,,
må jeg bede dig om at holde op,stop,da,,,,
skru op med 25 nu,volumeUp,da,,25,,
kick off some music,playDefault,en,,,,
i want to hear the The Daily,playNamed,en,,,,The Daily
genoptag med det samme,resume,da,,,,
join the group with the kitchen,joinSpeaker,en,,,,
hele favoritlisten nu,listFavorites,da,,,,
favourite two,playFavoriteByNumber,en,,,2,
indeed right away,confirm,en,,,,
fjern fra gruppen,leaveSpeaker,da,,,,
stop den handling,cancel,da,,,,
would you mind to tell me my favorites,listFavorites,en,,,,
i would like you to keep playing,resume,en,,,,
decrease volume by 30,volumeDown,en,,30,,
nu hvad er gemt som favoritter,listFavorites,da,,,,
right now turn it up by 20,volumeUp,en,,20,,
vil du venligst afspille musik,playDefault,da,,,,
where's the nearest grocery right away,unknown,en,,,,
ville du afspille Radio 24syv,playNamed,da,,,,
volume down 10 right now,volumeDown,en,,10,,
kunne du venligst spille Volbeat,playNamed,da,,,,
må jeg bede dig om at fortsætte,resume,da,,,,
forbind til haven,joinSpeaker,da,,,,
vil du holde op,stop,da,,,,
link with the garden,joinSpeaker,en,,,,
midlertidig stop,pause,da,,,,
kunne du skrue ned,volumeDown,da,,,,
go ahead and put on some music,playDefault,en,,,,
venligst er der breaking news,unknown,da,,,,
med det samme tak,unknown,da,,,,
level 70,setVolume,en,70,,,
med det samme jeg har skiftet mening,cancel,da,,,,
fire up Volbeat,playNamed,en,,,,Volbeat
could you set volume to 45,setVolume,en,45,,,
vil du tilslutte ovenpå,joinSpeaker,da,,,,
group with the garden,joinSpeaker,en,,,,
real quick i'd like you to silence it,mute,en,,,,
vil du venligst forbinde med spisestuen,joinSpeaker,da,,,,
now cancel,cancel,en,,,,
kunne du venligst indstille lydstyrken til halvtreds,setVolume,da,50,,,
vil du venligst spille med badeværelset,joinSpeaker,da,,,,
right now hold playback,pause,en,,,,
ville du stoppe musikken,stop,da,,,,
skru ned med ti nu,volumeDown,da,,10,,
absolutely,confirm,en,,,,
not anymore right now,cancel,en,,,,
venligst drop det,cancel,da,,,,
skru ned med 30 hurtigt,volumeDown,da,,30,,
jeg vil gerne have at du afspille favorit nummer 2,playFavoriteByNumber,da,,,2,
ville du forbinde med soveværelset,joinSpeaker,da,,,,
could you please put on hip hop,playNamed,en,,,,hip hop
can you please kill the sound,mute,en,,,,
vis favoritterne nu,listFavorites,da,,,,
go ahead and freeze the music now,pause,en,,,,
vær så venlig at indstille lydstyrken til femogtyve,setVolume,da,25,,,
right away back to music,resume,en,,,,
just make it stop,stop,en,,,,
separate right now,leaveSpeaker,en,,,,
jeg vil bede dig om at spille rock,playNamed,da,,,,
vær venlig at sætte lydstyrken til fem,setVolume,da,5,,,
volume up 5,volumeUp,en,,5,,
med det samme lyd fra,mute,da,,,,
lige sænk lydstyrken med femten,volumeDown,da,,15,,
can you play number six,playFavoriteByNumber,en,,,6,
sænk lydstyrken med 25 hurtigt,volumeDown,da,,25,,
would you mind to silence it,mute,en,,,,
ville du genoptage,resume,da,,,,
lyd fra,mute,da,,,,
volume 75,setVolume,en,75,,,
real quick yeah sure,confirm,en,,,,
i want you to play something,playDefault,en,,,,
right away pick it back up,resume,en,,,,
just play the last thing,playDefault,en,,,,
hvad har jeg gemt som favoritter,listFavorites,da,,,,
just wait a second,pause,en,,,,
more volume now,volumeUp,en,,,,
would you mind to put the volume at 20,setVolume,en,20,,,
turn it down by 25,volumeDown,en,,25,,
actually never mind,cancel,en,,,,
sync to the living room,joinSpeaker,en,,,,
just what's twelve times eight,unknown,en,,,,
hvad står der på min favoritliste,listFavorites,da,,,,
med det samme vis mine presets,listFavorites,da,,,,
forlad gruppen hurtigt,leaveSpeaker,da,,,,
med det samme frakobl fra gruppen,leaveSpeaker,da,,,,
just end it,stop,en,,,,
skru op 5 nu,volumeUp,da,,5,,
i need you to tell me my favorites,listFavorites,en,,,,
få det til at stoppe med det samme,stop,da,,,,
can you please ungroup,leaveSpeaker,en,,,,
just give it a rest,pause,en,,,,
kan du gøre det højere,volumeUp,da,,,,
quickly turn on the audio,unmute,en,,,,
just end mute,unmute,en,,,,
quickly separate the speaker,leaveSpeaker,en,,,,
quickly don't do it,cancel,en,,,,
show my presets now,listFavorites,en,,,,
now go ahead and pause the music,pause,en,,,,
split fra gruppen,leaveSpeaker,da,,,,
please play something,playDefault,en,,,,
abort that right away,cancel,en,,,,
increase the volume,volumeUp,en,,,,
turn on the audio real quick,unmute,en,,,,
real quick go ahead and stop,stop,en,,,,
med det samme vær så venlig at fortsætte musikken,resume,da,,,,
right now turn it down by 30,volumeDown,en,,30,,
med det samme pause,pause,da,,,,
med det samme tag tråden op igen,resume,da,,,,
pause det,pause,da,,,,
quickly yes thanks,confirm,en,,,,
jeg vil gerne have at du tilslutte køkkenet,joinSpeaker,da,,,,
sænk lydstyrken med tredive nu,volumeDown,da,,30,,
ville du venligst spille favorit otte,playFavoriteByNumber,da,,,8,
sæt afspilningen på pause med det samme,pause,da,,,,
could you turn it up,volumeUp,en,,,,
lige sæt en alarm til klokken syv,unknown,da,,,,
now what stations are saved,listFavorites,en,,,,
right away volume down fifteen,volumeDown,en,,15,,
cancel it,cancel,en,,,,
lad os spille et spil,unknown,da,,,,
now start something,playDefault,en,,,,
just read my favorites,listFavorites,en,,,,
læs hele listen op,listFavorites,da,,,,
sænk lydstyrken med 20,volumeDown,da,,20,,
real quick mute the audio,mute,en,,,,
kan du venligst tænde lyden igen,unmute,da,,,,
hurtigt sænk lydstyrken med fem,volumeDown,da,,5,,
spil favorit 3 tak,playFavoriteByNumber,da,,,3,
ikke denne gang nu,cancel,da,,,,
i'd like you to unpause,resume,en,,,,
could you stop the music,stop,en,,,,
lavere med 5,volumeDown,da,,5,,
do that,confirm,en,,,,
vil du venligst slukke for lyden,mute,da,,,,
unsync this real quick,leaveSpeaker,en,,,,
quickly unmute the audio,unmute,en,,,,
please turn it down,volumeDown,en,,,,
nu hvad har jeg på listen,listFavorites,da,,,,
naturligvis,confirm,da,,,,
would you put the volume at 65,setVolume,en,65,,,
nu afspil noget,playDefault,da,,,,
i would like you to turn the sound back on,unmute,en,,,,
spil favorit otte,playFavoriteByNumber,da,,,8,
volume up now,volumeUp,en,,,,
end the music,stop,en,,,,
join the bathroom,joinSpeaker,en,,,,
resume right now,resume,en,,,,
ville du venligst gøre det lavere,volumeDown,da,,,,
nu sluk varmen,unknown,da,,,,
nu adskil dig,leaveSpeaker,da,,,,
right now turn off the audio,stop,en,,,,
just volume down ten,volumeDown,en,,10,,
jeg vil gerne have at du sætte lydstyrken til 5,setVolume,da,5,,,
i would like you to change the volume to 60,setVolume,en,60,,,
could you put on a song,playDefault,en,,,,
could you please set volume to 45,setVolume,en,45,,,
would you please play with the hallway,joinSpeaker,en,,,,
put on music,playDefault,en,,,,
i want you to play with the bedroom,joinSpeaker,en,,,,
now wait a moment,pause,en,,,,
favorit 2,playFavoriteByNumber,da,,,2,
kan du venligst ændre lydstyrken til 80,setVolume,da,80,,,
vil du ændre lydstyrken til femten,setVolume,da,15,,,
match terrassen,joinSpeaker,da,,,,
lavere med det samme,volumeDown,da,,,,
vil du hæve lydstyrken,volumeUp,da,,,,
that's correct,confirm,en,,,,
louder by ten right away,volumeUp,en,,10,,
hurtigt spil for dig selv,leaveSpeaker,da,,,,
lige start afspilningen,playDefault,da,,,,
ville du venligst adskille højttaleren,leaveSpeaker,da,,,,
right now sing a song,unknown,en,,,,
nu fortæl en historie,unknown,da,,,,
lige afbryd handlingen,cancel,da,,,,
vær venlig at ændre lydstyrken til 75,setVolume,da,75,,,
go ahead and end the music now,stop,en,,,,
kan du venligst sænke lydstyrken,volumeDown,da,,,,
bare vis mig favoritlisten,listFavorites,da,,,,
med det samme hvilke favoritter har jeg,listFavorites,da,,,,
kan du afspille favorit nummer otte,playFavoriteByNumber,da,,,8,
merge with the patio,joinSpeaker,en,,,,
right now disconnect from the speakers,leaveSpeaker,en,,,,
ophæv mute hurtigt,unmute,da,,,,
let's hear Genstart,playNamed,en,,,,Genstart
turn it down by ten,volumeDown,en,,10,,
can you keep playing,resume,en,,,,
incorrect now,cancel,en,,,,
start something real quick,playDefault,en,,,,
jeg vil bede dig om at sætte Jazz FM på,playNamed,da,,,,
actually no now,cancel,en,,,,
please play Bob Dylan,playNamed,en,,,,Bob Dylan
now that is correct,confirm,en,,,,
now play anything,playDefault,en,,,,
skip that now,cancel,en,,,,
adskil højttaleren,leaveSpeaker,da,,,,
just turn it down,volumeDown,en,,,,
må jeg bede dig om at stoppe,stop,da,,,,
that's wrong,cancel,en,,,,
i want you to freeze the music,pause,en,,,,
bare stop gruppering,leaveSpeaker,da,,,,
vil du venligst sætte på pause,pause,da,,,,
lige start noget,playDefault,da,,,,
jeg vil bede dig om at sætte classical på,playNamed,da,,,,
right away that's wrong,cancel,en,,,,
volume down 5 now,volumeDown,en,,5,,
må jeg bede dig om at skrue op,volumeUp,da,,,,
right away louder by twenty,volumeUp,en,,20,,
sæt study music på,playNamed,da,,,,study music
pause the track right now,pause,en,,,,
can you join the bedroom,joinSpeaker,en,,,,
quickly go ahead and freeze the music,pause,en,,,,
i need you to play P8 Jazz,playNamed,en,,,,P8 Jazz
korrekt,confirm,da,,,,
could you please set volume to 1,setVolume,en,1,,,
i need you to put on a song,playDefault,en,,,,
turn off the speaker right now,stop,en,,,,
right now what's in my favorites,listFavorites,en,,,,
venligst spil kun her,leaveSpeaker,da,,,,
i'd like you to play favorite two,playFavoriteByNumber,en,,,2,
raise the volume by 15 now,volumeUp,en,,15,,
med det samme glem det,cancel,da,,,,
hvad står der på min favoritliste med det samme,listFavorites,da,,,,
vil du ophæve dæmpningen,unmute,da,,,,
må jeg bede dig om at ændre lydstyrken til femten,setVolume,da,15,,,
vær venlig at indstille lydstyrken til tyve,setVolume,da,20,,,
could you kindly put the volume at zero,setVolume,en,0,,,
jeg vil bede dig om at spille favorit fire,playFavoriteByNumber,da,,,4,
just go ahead and mute,mute,en,,,,
gør lyden højere,volumeUp,da,,,,
vær så venlig at ændre lydstyrken til fem,setVolume,da,5,,,
nu hvordan siger man tak på spansk,unknown,da,,,,
det passer,confirm,da,,,,
sæt lidt musik på hurtigt,playDefault,da,,,,
turn off the heating now,unknown,en,,,,
kunne du forbinde med haven,joinSpeaker,da,,,,
bare ophæv lydløs,unmute,da,,,,
ville du spille The Beatles,playNamed,da,,,,
i'd like you to pause,pause,en,,,,
now more music,resume,en,,,,
venligst adskil fra gruppen,leaveSpeaker,da,,,,
quieter by 5 real quick,volumeDown,en,,5,,
start the Volbeat,playNamed,en,,,,Volbeat
quickly list the favorites,listFavorites,en,,,,
ville du fortsætte,resume,da,,,,
skru ned med femten med det samme,volumeDown,da,,15,,
now tell me my favorites,listFavorites,en,,,,
can you please change the volume to five,setVolume,en,5,,,
play my favorite 5,playFavoriteByNumber,en,,,5,
vær venlig at sætte musik på,playDefault,da,,,,
vil du venligst læse mine favoritter op,listFavorites,da,,,,
venligst giv mig noget musik,playDefault,da,,,,
kunne du sætte lydstyrken til 100,setVolume,da,100,,,
would you please put on some music,playDefault,en,,,,
vær så venlig at sætte musik på,playDefault,da,,,,
not this time,cancel,en,,,,
det er nok,stop,da,,,,
right away i would like you to ungroup,leaveSpeaker,en,,,,
nu sluk for lyden,mute,da,,,,
bare list favoritter,listFavorites,da,,,,
venligst lavere med tredive,volumeDown,da,,30,,
kan du venligst spille Pop FM,playNamed,da,,,,
right away increase volume by 25,volumeUp,en,,25,,
cancel real quick,cancel,en,,,,
right away turn it up by twenty,volumeUp,en,,20,,
hæv lydstyrken med 20,volumeUp,da,,20,,
now list the favorites,listFavorites,en,,,,
play preset five,playFavoriteByNumber,en,,,5,
music please,playDefault,en,,,,
jeg vil bede dig om at sætte lydstyrken til tredive,setVolume,da,30,,,
nu skru op med 30,volumeUp,da,,30,,
real quick turn it up,volumeUp,en,,,,
end mute,unmute,en,,,,
hæv lydstyrken,volumeUp,da,,,,
nu vær så venlig at mute,mute,da,,,,
nu afbryd det,cancel,da,,,,
ville du venligst ophæve grupperingen,leaveSpeaker,da,,,,
okay sure,confirm,en,,,,
just halt playback,pause,en,,,,
kill the audio now,mute,en,,,,
jeg vil bede dig om at indstille lydstyrken til 85,setVolume,da,85,,,
go ahead and pause,pause,en,,,,
right away abort that,cancel,en,,,,
tilbage til lyd med det samme,unmute,da,,,,
skru ned 15 hurtigt,volumeDown,da,,15,,
nu hæv lydstyrken med fem,volumeUp,da,,5,,
now carry on,resume,en,,,,
ville du venligst sætte klassisk musik på,playNamed,da,,,,
korrekt med det samme,confirm,da,,,,
hurtigt sluk for det,stop,da,,,,
definitely right away,confirm,en,,,,
play favorite six,playFavoriteByNumber,en,,,6,
jeg har skiftet mening,cancel,da,,,,
må jeg bede dig om at afspille Lukas Graham,playNamed,da,,,,
real quick less volume,volumeDown,en,,,,
just play something,playDefault,en,,,,
vær så venlig at skrue ned med det samme,volumeDown,da,,,,
just cut audio,mute,en,,,,
må jeg bede dig om at afslutte musikken,stop,da,,,,
give me the workout mix,playNamed,en,,,,workout mix
nu slå på lydløs,mute,da,,,,
volume five,setVolume,en,5,,,
end mute right away,unmute,en,,,,
can you play number two,playFavoriteByNumber,en,,,2,
right away show favorites,listFavorites,en,,,,
real quick what favorites do i have,listFavorites,en,,,,
hæv lydstyrken med 10 hurtigt,volumeUp,da,,10,,
quickly fire up some music,playDefault,en,,,,
play what i was listening to real quick,playDefault,en,,,,
right away carry on,resume,en,,,,
carry on playing right now,resume,en,,,,
ville du venligst forbinde med terrassen,joinSpeaker,da,,,,
kunne du tænde lyden igen,unmute,da,,,,
nu fortryd det,cancel,da,,,,
right now unlink,leaveSpeaker,en,,,,
hæv lydstyrken med 25 med det samme,volumeUp,da,,25,,
lige fortsæt hvor du slap,resume,da,,,,
lige rigtigt,confirm,da,,,,
nu frakobl denne højttaler,leaveSpeaker,da,,,,
i would like you to play Lukas Graham,playNamed,en,,,,Lukas Graham
vil du sætte lydstyrken til 85,setVolume,da,85,,,
agreed now,confirm,en,,,,
quickly i'd like some music,playDefault,en,,,,
afspil favorit nummer tre,playFavoriteByNumber,da,,,3,
afbryd musikken nu,pause,da,,,,
just what favourites do i have,listFavorites,en,,,,
right away resume,resume,en,,,,
just stop it,stop,en,,,,
kunne du holde pause,pause,da,,,,
match soveværelset,joinSpeaker,da,,,,
spil mere nu,resume,da,,,,
stop right now,stop,en,,,,
would you play music,playDefault,en,,,,
i'd like you to put on some music,playDefault,en,,,,
jeg vil have lyden tilbage med det samme,unmute,da,,,,
lower the volume by 30,volumeDown,en,,30,,
ville du venligst afspille favorit nummer et,playFavoriteByNumber,da,,,1,
lige lad musikken køre videre,resume,da,,,,
would you mind to play rolig musik,playNamed,en,,,,rolig musik
kunne du venligst sætte musik på,playDefault,da,,,,
lad det spille videre nu,resume,da,,,,
kindly join the dining room,joinSpeaker,en,,,,
play something right away,playDefault,en,,,,
start playback,playDefault,en,,,,
quickly incorrect,cancel,en,,,,
bare faktisk glem det,cancel,da,,,,
show favorites,listFavorites,en,,,,
kunne du gruppere med køkkenet,joinSpeaker,da,,,,
ville du venligst sætte på lydløs,mute,da,,,,
how do you spell necessary,unknown,en,,,,
set the volume to 1,setVolume,en,1,,,
kan du frakoble,leaveSpeaker,da,,,,
match haven,joinSpeaker,da,,,,
giv mig en pause hurtigt,pause,da,,,,
yes let's,confirm,en,,,,
i'd like you to stop playing right now,stop,en,,,,
bare fjern dæmpning,unmute,da,,,,
i'd like you to pause it,pause,en,,,,
venligst kør på,confirm,da,,,,
kan du venligst gruppere med terrassen,joinSpeaker,da,,,,
right now that's enough,stop,en,,,,
would you play something,playDefault,en,,,,
lige list mine favoritter,listFavorites,da,,,,
could you please put on a song,playDefault,en,,,,
real quick show me my favorites,listFavorites,en,,,,
vær så venlig at spille favorit 2,playFavoriteByNumber,da,,,2,
right away turn it up by 10,volumeUp,en,,10,,
go ahead and put on This American Life,playNamed,en,,,,This American Life
sæt en sang på,playDefault,da,,,,
gør det sådan hurtigt,confirm,da,,,,
jeg vil bede dig om at ændre lydstyrken til 45,setVolume,da,45,,,
hurtigt spil det sædvanlige,playDefault,da,,,,
lige spil,playDefault,da,,,,
med det samme fjern lyden,mute,da,,,,
would you mind to kill the music,stop,en,,,,
jeg vil bede dig om at sætte musik på,playDefault,da,,,,
increase volume by 25,volumeUp,en,,25,,
explain quantum physics right now,unknown,en,,,,
klart ja,confirm,da,,,,
venligst pause den,pause,da,,,,
vil du venligst fortsætte musikken,resume,da,,,,
hurtigt nej det er forkert,cancel,da,,,,
set the level to fifty,setVolume,en,50,,,
can you play number 9,playFavoriteByNumber,en,,,9,
right away sound off,mute,en,,,,
jeg vil gerne have at du spille favorit 9,playFavoriteByNumber,da,,,9,
spil her og i stuen,joinSpeaker,da,,,,
kunne du gøre det lavere,volumeDown,da,,,,
må jeg bede dig om at spille favorit tre,playFavoriteByNumber,da,,,3,
vil du spille med køkkenet,joinSpeaker,da,,,,
vil du tilslutte spisestuen,joinSpeaker,da,,,,
right away stop sharing,leaveSpeaker,en,,,,
real quick do you sleep,unknown,en,,,,
ville du venligst spille favorit 2,playFavoriteByNumber,da,,,2,
real quick let's pause,pause,en,,,,
begin the music now,playDefault,en,,,,
real quick what does bonjour mean,unknown,en,,,,
start the music now,playDefault,en,,,,
just resume my music,playDefault,en,,,,
real quick no thanks,cancel,en,,,,
cancel the action right now,cancel,en,,,,
could you kindly group with the bathroom,joinSpeaker,en,,,,
would you please play with the kitchen,joinSpeaker,en,,,,
hæv lydstyrken med fem med det samme,volumeUp,da,,5,,
kindly put on BBC Radio 4,playNamed,en,,,,BBC Radio 4
med det samme få det til at stoppe,stop,da,,,,
kindly unpause,resume,en,,,,
just unmute,unmute,en,,,,
skru ned med 20 med det samme,volumeDown,da,,20,,
gør det højere hurtigt,volumeUp,da,,,,
would you end the music,stop,en,,,,
could you kindly tell me my favorites,listFavorites,en,,,,
kunne du venligst sætte klassisk musik på,playNamed,da,,,,
spil favorit otte tak,playFavoriteByNumber,da,,,8,
i want you to silence it,mute,en,,,,
can you please play favorite 6,playFavoriteByNumber,en,,,6,
vær så venlig at sætte lydstyrken til femten,setVolume,da,15,,,
could you please leave the group,leaveSpeaker,en,,,,
hurtigt kør på,confirm,da,,,,
quickly quieter by 15,volumeDown,en,,15,,
sænk lydstyrken med femogtyve,volumeDown,da,,25,,
i want you to play number 4,playFavoriteByNumber,en,,,4,
vær venlig at spille favorit 1,playFavoriteByNumber,da,,,1,
i would like you to unmute,unmute,en,,,,
vær venlig at hæve lydstyrken,volumeUp,da,,,,
can you change the volume to 45,setVolume,en,45,,,
sænk lydstyrken med femogtyve nu,volumeDown,da,,25,,
kindly play number nine,playFavoriteByNumber,en,,,9,
real quick i'd like you to resume,resume,en,,,,
venligst vær så venlig at holde op,stop,da,,,,
play here and in the dining room,joinSpeaker,en,,,,
quickly i'd like you to resume,resume,en,,,,
i want to hear the klassisk,playNamed,en,,,,klassisk
how was your day right away,unknown,en,,,,
kunne du ændre lydstyrken til tredive,setVolume,da,30,,,
nu sig noget sjovt,unknown,da,,,,
volume up thirty,volumeUp,en,,30,,
i want you to change the volume to forty,setVolume,en,40,,,
annuller venligst,cancel,da,,,,
can you play with the patio,joinSpeaker,en,,,,
hæv lydstyrken med 5,volumeUp,da,,5,,
slå lyden fra nu,mute,da,,,,
selvfølgelig med det samme,confirm,da,,,,
skru ned med femogtyve,volumeDown,da,,25,,
can you please put on some music,playDefault,en,,,,
venligst lidt lavere,volumeDown,da,,,,
quickly of course,confirm,en,,,,
mute the speaker,mute,en,,,,
now turn off the music,stop,en,,,,
skip it now,cancel,en,,,,
lige sæt den på pause,pause,da,,,,
ja gør det,confirm,da,,,,
kan du venligst gøre det lavere,volumeDown,da,,,,
could you kindly play number four,playFavoriteByNumber,en,,,4,
vil du venligst fjerne lydløs,unmute,da,,,,
now remove me from the group,leaveSpeaker,en,,,,
lige det er ikke rigtigt,cancel,da,,,,
i'd like you to play with the office,joinSpeaker,en,,,,
kunne du venligst afspille favorit nummer 9,playFavoriteByNumber,da,,,9,
ville du holde pause,pause,da,,,,
right now i want you to mute,mute,en,,,,
right away i need you to mute,mute,en,,,,
play alone,leaveSpeaker,en,,,,
vil du spille med haven,joinSpeaker,da,,,,
favorites list real quick,listFavorites,en,,,,
vil du ændre lydstyrken til 75,setVolume,da,75,,,
quickly i want it off,stop,en,,,,
lydløs,mute,da,,,,
med det samme fjern gruppe,leaveSpeaker,da,,,,
hurtigt sluk lydløs,unmute,da,,,,
lidt musik tak nu,playDefault,da,,,,
hurtigt hvad er gemt som favoritter,listFavorites,da,,,,
silent mode right now,mute,en,,,,
what does bonjour mean right away,unknown,en,,,,
hurtigt værsgo,confirm,da,,,,
lad være nu,cancel,da,,,,
quickly stop that,cancel,en,,,,
lige sluk musikken,stop,da,,,,
now what's two plus two,unknown,en,,,,
nu stands sangen,stop,da,,,,
venligst kom i gang,confirm,da,,,,
would you please hold the music,pause,en,,,,
real quick skip it,cancel,en,,,,
dæmp helt,mute,da,,,,
real quick silence the speaker,mute,en,,,,
can you please play number 3,playFavoriteByNumber,en,,,3,
afslut musikken hurtigt,stop,da,,,,
bare gå alene,leaveSpeaker,da,,,,
now freeze the music,pause,en,,,,
right now go ahead and continue,resume,en,,,,
vær så venlig at fjerne dæmpningen,unmute,da,,,,
play by yourself now,leaveSpeaker,en,,,,
go ahead and group with the kitchen,joinSpeaker,en,,,,
stop helt,stop,da,,,,
never mind right now,cancel,en,,,,
pause the music now,pause,en,,,,
hvem er du,unknown,da,,,,
sænk lydstyrken med 25,volumeDown,da,,25,,
kan du ændre lydstyrken til ti,setVolume,da,10,,,
afslut lydløs,unmute,da,,,,
jeg vil pause,pause,da,,,,
could you set volume to sixty,setVolume,en,60,,,
i want you to mute now,mute,en,,,,
i need you to mute,mute,en,,,,
break the music right now,pause,en,,,,
vær så venlig at spille noget med det samme,playDefault,da,,,,
i orden ja,confirm,da,,,,
ville du afspille favorit nummer 1,playFavoriteByNumber,da,,,1,
med det samme afslut musikken,stop,da,,,,
bare ja gerne,confirm,da,,,,
kindly play classical,playNamed,en,,,,classical
louder by twenty right away,volumeUp,en,,20,,
lige afsynkroniser,leaveSpeaker,da,,,,
i'd like you to play Nova FM,playNamed,en,,,,Nova FM
start P6,playNamed,en,,,,P6
start favorit 5,playFavoriteByNumber,da,,,5,
dæmp lyden,mute,da,,,,
leave the speakers,leaveSpeaker,en,,,,
quickly go ahead and stop the music,stop,en,,,,
med det samme normal lyd igen,unmute,da,,,,
louder by 30 now,volumeUp,en,,30,,
jow hurtigt,confirm,da,,,,
kan du venligst pause,pause,da,,,,
ingen lyd,mute,da,,,,
right away abort,cancel,en,,,,
i would like you to pause the music,pause,en,,,,
could you play favorite eight,playFavoriteByNumber,en,,,8,
må jeg bede dig om at spille med terrassen,joinSpeaker,da,,,,
jeg vil bede dig om at ophæve pausen,resume,da,,,,
just i need you to play music,playDefault,en,,,,
play the The Voice,playNamed,en,,,,The Voice
pause the audio,pause,en,,,,
agreed,confirm,en,,,,
afspil noget nu,playDefault,da,,,,
quickly go ahead and end the music,stop,en,,,,
bare sænk lydstyrken med femten,volumeDown,da,,15,,
would you mind to pause,pause,en,,,,
præcis hurtigt,confirm,da,,,,
play right now,playDefault,en,,,,
hvad har jeg gemt,listFavorites,da,,,,
that's not right,cancel,en,,,,
remind me to buy milk right away,unknown,en,,,,
vær venlig at ændre lydstyrken til femten,setVolume,da,15,,,
vil du gøre det højere,volumeUp,da,,,,
med det samme hvor er det nærmeste apotek,unknown,da,,,,
quickly make me a sandwich,unknown,en,,,,
bare stop det,stop,da,,,,
hvordan er vejret,unknown,da,,,,
kan du holde op,stop,da,,,,
vær venlig at skrue op for lyden,volumeUp,da,,,,
which favorites are there,listFavorites,en,,,,
real quick volume up 15,volumeUp,en,,15,,
ville du venligst ændre lydstyrken til 40,setVolume,da,40,,,
hurtigt skru op,volumeUp,da,,,,
real quick resume the song,resume,en,,,,
synkroniser til kælderen,joinSpeaker,da,,,,
bare nævn mine favoritter,listFavorites,da,,,,
kindly put the volume at zero,setVolume,en,0,,,
would you mind to play favorite ten,playFavoriteByNumber,en,,,10,
okay,confirm,both,,,,
can you unmute,unmute,en,,,,
what's the weather like,unknown,en,,,,
hurtigt vær tavs,mute,da,,,,
what's two plus two,unknown,en,,,,
nu stop lydløs,unmute,da,,,,
vil du sætte lydstyrken til firs,setVolume,da,80,,,
turn it down by twenty,volumeDown,en,,20,,
ville du ophæve dæmpningen,unmute,da,,,,
would you please put on Classic FM,playNamed,en,,,,Classic FM
affirmative,confirm,en,,,,
nu hvilken dag er det,unknown,da,,,,
kan du venligst tænde for lyden,unmute,da,,,,
could you kindly stop playing,stop,en,,,,
med det samme hvordan var din dag,unknown,da,,,,
i would like you to play music,playDefault,en,,,,
sæt P6 på,playNamed,da,,,,P6
afbryd nu,cancel,da,,,,
venligst start lidt musik,playDefault,da,,,,
mindre lydstyrke,volumeDown,da,,,,
what's my home temperature,unknown,en,,,,
just go on,resume,en,,,,
would you please pause,pause,en,,,,
disconnect from the speakers,leaveSpeaker,en,,,,
hurtigt afbryd forbindelsen til gruppen,leaveSpeaker,da,,,,
hold playback,pause,en,,,,
jeg vil have musikken tilbage med det samme,resume,da,,,,
lige skru ned 30,volumeDown,da,,30,,
can you please silence it,mute,en,,,,
find en kaffebar,unknown,da,,,,
right now i need you to unmute,unmute,en,,,,
play along with the dining room,joinSpeaker,en,,,,
right now sound on,unmute,en,,,,
now give me a riddle,unknown,en,,,,
ja sikkert nu,confirm,da,,,,
med det samme start igen,resume,da,,,,
louder by five now,volumeUp,en,,5,,
tilknyt terrassen,joinSpeaker,da,,,,
afbryd alt med det samme,cancel,da,,,,
real quick perfect,confirm,en,,,,
lige ja lad os,confirm,da,,,,
kunne du venligst læse mine favoritter op,listFavorites,da,,,,
sluk for al lyd hurtigt,mute,da,,,,
i want to listen to music right now,playDefault,en,,,,
would you please stop,stop,en,,,,
can you please start playing,playDefault,en,,,,
go ahead and kill the sound,mute,en,,,,
link to the living room,joinSpeaker,en,,,,
vil du venligst afspille Coldplay,playNamed,da,,,,
nok nu,stop,da,,,,
forbind til terrassen,joinSpeaker,da,,,,
turn up the volume real quick,volumeUp,en,,,,
lad os høre musik nu,playDefault,da,,,,
where's the closest pharmacy,unknown,en,,,,
could you kindly play favorite six,playFavoriteByNumber,en,,,6,
real quick i would like you to disconnect,leaveSpeaker,en,,,,
what's a good recipe for pasta real quick,unknown,en,,,,
freeze the music,pause,en,,,,
begin playing right away,playDefault,en,,,,
vær venlig at afspille favorit nummer ti,playFavoriteByNumber,da,,,10,
would you leave the group,leaveSpeaker,en,,,,
ville du afspille Daft Punk,playNamed,da,,,,
right now cease the music,stop,en,,,,
kunne du spille noget,playDefault,da,,,,
right now enough music,stop,en,,,,
vil du sætte lydstyrken til 75,setVolume,da,75,,,
right now play anything,playDefault,en,,,,
i need you to read out my favorites,listFavorites,en,,,,
vil du venligst ændre lydstyrken til firs,setVolume,da,80,,,
keep the music going right now,resume,en,,,,
stop that,stop,en,,,,
nu vær så venlig at spille videre,resume,da,,,,
what stations do i have now,listFavorites,en,,,,
må jeg bede dig om at afspille favorit nummer et,playFavoriteByNumber,da,,,1,
ville du venligst gruppere med terrassen,joinSpeaker,da,,,,
show me the favorites real quick,listFavorites,en,,,,
favorit 8,playFavoriteByNumber,da,,,8,
quickly play it again,resume,en,,,,
i need you to unmute right now,unmute,en,,,,
ville du indstille lydstyrken til 35,setVolume,da,35,,,
kunne du spille med haven,joinSpeaker,da,,,,
would you stop the music,stop,en,,,,
just abort,cancel,en,,,,
i need you to pause it now,pause,en,,,,
would you mind to unmute,unmute,en,,,,
remove mute,unmute,en,,,,
ikke denne gang hurtigt,cancel,da,,,,
could you lower the volume,volumeDown,en,,,,
vil du venligst liste mine favoritter,listFavorites,da,,,,
right now louder by fifteen,volumeUp,en,,15,,
add eggs to my shopping list real quick,unknown,en,,,,
i would like you to set volume to 99,setVolume,en,99,,,
would you mind to join the patio,joinSpeaker,en,,,,
right away i would like you to unmute,unmute,en,,,,
go ahead and stop the music right now,stop,en,,,,
venligst frakobl,leaveSpeaker,da,,,,
just louder by twenty-five,volumeUp,en,,25,,
now mute this,mute,en,,,,
can you kill the music,stop,en,,,,
unmute everything,unmute,en,,,,
i want you to unpause now,resume,en,,,,
right now not anymore,cancel,en,,,,
real quick abort the action,cancel,en,,,,
would you mind to play favorite 9,playFavoriteByNumber,en,,,9,
would you please mute,mute,en,,,,
kan du ændre lydstyrken til 65,setVolume,da,65,,,
quickly put on some tunes,playDefault,en,,,,
kunne du afspille favorit nummer et,playFavoriteByNumber,da,,,1,
could you play number one,playFavoriteByNumber,en,,,1,
right away turn on the sound,unmute,en,,,,
can you please play Adele,playNamed,en,,,,Adele
forlad,leaveSpeaker,da,,,,
må jeg bede dig om at ændre lydstyrken til 90,setVolume,da,90,,,
start afslapningsmusik,playNamed,en,,,,afslapningsmusik
venligst mute,mute,da,,,,
må jeg bede dig om at spille favorit 8,playFavoriteByNumber,da,,,8,
vil du fjerne dæmpningen,unmute,da,,,,
fine,confirm,en,,,,
right now yes do it,confirm,en,,,,
kunne du venligst spille med kontoret,joinSpeaker,da,,,,
just i want you to play music,playDefault,en,,,,
volume at fifty,setVolume,en,50,,,
vær venlig at spille Radio 24syv,playNamed,da,,,,
volume down twenty-five right away,volumeDown,en,,25,,
kindly keep playing,resume,en,,,,
venligst præcis,confirm,da,,,,
vil du læse mine favoritter op,listFavorites,da,,,,
quickly yes,confirm,en,,,,
play preset 7,playFavoriteByNumber,en,,,7,
pause the song,pause,en,,,,
bare afbryd,cancel,da,,,,
quieter by 5 right away,volumeDown,en,,5,,
vær så venlig at spille videre,resume,da,,,,
go ahead and group with the hallway,joinSpeaker,en,,,,
kan du spille The Voice,playNamed,da,,,,
skru op med tredive med det samme,volumeUp,da,,30,,
venligst sænk lydstyrken med 15,volumeDown,da,,15,,
start lidt musik,playDefault,da,,,,
ville du slukke for lyden,mute,da,,,,
now schedule a meeting for tomorrow,unknown,en,,,,
right away which favorites are saved,listFavorites,en,,,,
jeg vil gerne have at du fjerne lydløs,unmute,da,,,,
would you mind to put on Lukas Graham,playNamed,en,,,,Lukas Graham
sound off,mute,en,,,,
ville du spille rock,playNamed,da,,,,
would you please increase the volume,volumeUp,en,,,,
lige vær så venlig at stoppe musikken,stop,da,,,,
make it stop,stop,en,,,,
venligst fortsæt musikken,resume,da,,,,
i need you to turn the sound back on,unmute,en,,,,
kan du afspille Lukas Graham,playNamed,da,,,,
i would like you to mute now,mute,en,,,,
glem alt om det,cancel,da,,,,
quickly enough music,stop,en,,,,
vær så venlig at slukke for musikken,stop,da,,,,
vær venlig at sætte lydstyrken til 75,setVolume,da,75,,,
right away lower it,volumeDown,en,,,,
remind me to buy milk,unknown,en,,,,
quickly turn it down by 30,volumeDown,en,,30,,
please put on The Beatles,playNamed,en,,,,Beatles
real quick right,confirm,en,,,,
quieter by fifteen,volumeDown,en,,15,,
right away list favourites,listFavorites,en,,,,
bare spil kun her,leaveSpeaker,da,,,,
put on some tunes,playDefault,en,,,,
just louder by 20,volumeUp,en,,20,,
sæt på lydløs hurtigt,mute,da,,,,
forkert,cancel,da,,,,
bare giv mig en gåde,unknown,da,,,,
venligst fortæl mig favoritlisten,listFavorites,da,,,,
gør det lavere hurtigt,volumeDown,da,,,,
lige stop synkronisering,leaveSpeaker,da,,,,
i would like you to resume,resume,en,,,,
just stop grouping,leaveSpeaker,en,,,,
could you kindly lower the volume,volumeDown,en,,,,
would you mind to play Daft Punk,playNamed,en,,,,Daft Punk
kan du venligst holde pause,pause,da,,,,
actually never mind right now,cancel,en,,,,
lige skru ned med ti,volumeDown,da,,10,,
decrease volume by 10,volumeDown,en,,10,,
må jeg bede dig om at afspille rolig musik,playNamed,da,,,,
skip it real quick,cancel,en,,,,
med det samme jeg vil gerne høre musik,playDefault,da,,,,
kan du dæmpe lyden,mute,da,,,,
kunne du venligst adskille højttaleren,leaveSpeaker,da,,,,
nu ikke denne gang,cancel,da,,,,
hvad er nyhederne,unknown,da,,,,
now separate,leaveSpeaker,en,,,,
jeg vil bede dig om at spille med stuen,joinSpeaker,da,,,,
decrease volume by 5 right now,volumeDown,en,,5,,
kunne du venligst ændre lydstyrken til 35,setVolume,da,35,,,
could you please play number 5,playFavoriteByNumber,en,,,5,
bare vær så venlig at holde op,stop,da,,,,
venligst skift mening,cancel,da,,,,
hurtigt giv mig en pause,pause,da,,,,
right now what presets do i have,listFavorites,en,,,,
skru op,volumeUp,da,,,,
lige hæv lydstyrken med tredive,volumeUp,da,,30,,
would you join the patio,joinSpeaker,en,,,,
lige vær så venlig at starte musikken,playDefault,da,,,,
nu lavere med femogtyve,volumeDown,da,,25,,
be quiet,mute,en,,,,
let's hear the klassisk,playNamed,en,,,,klassisk
now play music,playDefault,en,,,,
sluk nu,stop,da,,,,
right away back out,cancel,en,,,,
now show my favourites,listFavorites,en,,,,
now read me the headlines,unknown,en,,,,
play favorite 8,playFavoriteByNumber,en,,,8,
kindly change the volume to ninety,setVolume,en,90,,,
resume from where it stopped,resume,en,,,,
go ahead and play favorite four,playFavoriteByNumber,en,,,4,
nu frakobl,leaveSpeaker,da,,,,
venligst naturligvis,confirm,da,,,,
spille med entréen,joinSpeaker,da,,,,
right away what's on my calendar,unknown,en,,,,
just turn it off,stop,en,,,,
quickly i want to listen to music,playDefault,en,,,,
go for it,confirm,en,,,,
synkroniser til stuen,joinSpeaker,da,,,,
hurtigt ikke mere musik,stop,da,,,,
hurtigt fortsæt med at spille,resume,da,,,,
nevermind right away,cancel,en,,,,
vil du frakoble,leaveSpeaker,da,,,,
play favourite number two,playFavoriteByNumber,en,,,2,
lige nemlig,confirm,da,,,,
i want you to group with the kitchen,joinSpeaker,en,,,,
tilslut til køkkenet,joinSpeaker,da,,,,
quickly i'd like you to start playing,playDefault,en,,,,
unpause the music real quick,resume,en,,,,
vær venlig at afspille Adele,playNamed,da,,,,
hurtigt fortsæt med musikken,resume,da,,,,
definitely,confirm,en,,,,
now unsync this,leaveSpeaker,en,,,,
lad os tage en pause nu,pause,da,,,,
real quick break the music,pause,en,,,,
can you play morning playlist,playNamed,en,,,,morning playlist
sync to the kitchen,joinSpeaker,en,,,,
could you play with the upstairs speaker,joinSpeaker,en,,,,
nu skru op 5,volumeUp,da,,5,,
just stop right there,stop,en,,,,
med det samme rigtigt,confirm,da,,,,
quickly go ahead and start playing,playDefault,en,,,,
can you please change the volume to 5,setVolume,en,5,,,
må jeg bede dig om at spille favorit 6,playFavoriteByNumber,da,,,6,
stop it right now,stop,en,,,,
right now stop grouping,leaveSpeaker,en,,,,
vær så venlig at holde op,stop,da,,,,
mindre lyd,volumeDown,da,,,,
hurtigt list mine stationer,listFavorites,da,,,,
i'd like you to play favorite four,playFavoriteByNumber,en,,,4,
just mute the speaker,mute,en,,,,
forbind med haven,joinSpeaker,da,,,,
i want to pause right away,pause,en,,,,
tell me a joke now,unknown,en,,,,
venligst lidt mere stille,volumeDown,da,,,,
that's right right away,confirm,en,,,,
bare det stemmer,confirm,da,,,,
i'd like you to play something,playDefault,en,,,,
vil du venligst spille Coldplay,playNamed,da,,,,
what should i eat for dinner now,unknown,en,,,,
would you mind to start playing,playDefault,en,,,,
højere med fem,volumeUp,da,,5,,
real quick unmute the speaker,unmute,en,,,,
continue,resume,en,,,,
play just here right away,leaveSpeaker,en,,,,
real quick volume up thirty,volumeUp,en,,30,,
real quick split from the group,leaveSpeaker,en,,,,
go ahead and group with the living room,joinSpeaker,en,,,,
kunne du skrue op,volumeUp,da,,,,
hurtigt afbryd forbindelsen,leaveSpeaker,da,,,,
just what's the weather like,unknown,en,,,,
ville du gruppere med kontoret,joinSpeaker,da,,,,
would you mind to lower the volume,volumeDown,en,,,,
just drop the sound,mute,en,,,,
could you please start playing,playDefault,en,,,,
quickly pause the song,pause,en,,,,
right now softer,volumeDown,en,,,,
fint med det samme,confirm,da,,,,
gør det sådan,confirm,da,,,,
vær så venlig at mute nu,mute,da,,,,
volume down five right now,volumeDown,en,,5,,
could you please play favorite 2,playFavoriteByNumber,en,,,2,
let's go,confirm,en,,,,
jeg vil bede dig om at slå lyden fra,mute,da,,,,
nu gør lyden lavere,volumeDown,da,,,,
hvad er nyhederne med det samme,unknown,da,,,,
let's do it,confirm,en,,,,
genoptag musikken med det samme,resume,da,,,,
go ahead and hold the music,pause,en,,,,
unmute it,unmute,en,,,,
adskil fra gruppen nu,leaveSpeaker,da,,,,
ville du ændre lydstyrken til 5,setVolume,da,5,,,
lift the mute right away,unmute,en,,,,
vil du venligst afslutte musikken,stop,da,,,,
turn it down by 15 now,volumeDown,en,,15,,
afspil favorit 7,playFavoriteByNumber,da,,,7,
kunne du læse mine favoritter op,listFavorites,da,,,,
hvordan bager jeg en kage hurtigt,unknown,da,,,,
right away go ahead and list my favorites,listFavorites,en,,,,
lige favoritlisten,listFavorites,da,,,,
go ahead and kill the sound right now,mute,en,,,,
restore sound right now,unmute,en,,,,
sluk for lyden,mute,da,,,,
pause everything right away,pause,en,,,,
i would like you to play favorite four,playFavoriteByNumber,en,,,4,
go ahead and resume,resume,en,,,,
kan du ændre lydstyrken til femogtyve,setVolume,da,25,,,
now i want sound back,unmute,en,,,,
real quick no that's wrong,cancel,en,,,,
quickly leave,leaveSpeaker,en,,,,
make it so,confirm,en,,,,
remove me from the group,leaveSpeaker,en,,,,
back to playing right away,resume,en,,,,
resume the song right away,resume,en,,,,
could you kindly kill the sound,mute,en,,,,
join gruppen,joinSpeaker,da,,,,
tell me my favorites now,listFavorites,en,,,,
vær venlig at afspille favorit nummer 7,playFavoriteByNumber,da,,,7,
vær så venlig at ændre lydstyrken til 55,setVolume,da,55,,,
skru ned 25 hurtigt,volumeDown,da,,25,,
please play number 3,playFavoriteByNumber,en,,,3,
lige lavere med 30,volumeDown,da,,30,,
afsynkroniser højttaleren nu,leaveSpeaker,da,,,,
i would like you to put the volume at 25,setVolume,en,25,,,
jeg vil gerne have at du holde op,stop,da,,,,
can you please freeze the music,pause,en,,,,
start favorit ti,playFavoriteByNumber,da,,,10,
remove from group,leaveSpeaker,en,,,,
quickly i want it back on,resume,en,,,,
stop this real quick,stop,en,,,,
right now more sound,volumeUp,en,,,,
go ahead and play something right now,playDefault,en,,,,
now what should i do today,unknown,en,,,,
sæt Pop FM,playNamed,da,,,,Pop FM
play favorite ten,playFavoriteByNumber,en,,,10,
med det samme ikke gør det der,cancel,da,,,,
would you please change the volume to 99,setVolume,en,99,,,
skru ned for musikken,volumeDown,da,,,,
i want you to unpause,resume,en,,,,
i would like you to continue,resume,en,,,,
can you please turn off the music,stop,en,,,,
vil du gruppere med haven,joinSpeaker,da,,,,
må jeg bede dig om at spille Classic FM,playNamed,da,,,,
quickly where's the closest pharmacy,unknown,en,,,,
right now show favorites,listFavorites,en,,,,
would you mind to ungroup,leaveSpeaker,en,,,,
now what are my favourites,listFavorites,en,,,,
go on playing now,resume,en,,,,
genoptag musikken,resume,da,,,,
lige hæv lydstyrken med 20,volumeUp,da,,20,,
vær så venlig at stoppe musikken,stop,da,,,,
spil Miles Davis for mig,playNamed,da,,,,Miles Davis for mig
med det samme skru ned for musikken,volumeDown,da,,,,
would you read out my favorites,listFavorites,en,,,,
i'd like you to continue,resume,en,,,,
vil du adskille højttaleren,leaveSpeaker,da,,,,
læs hele listen op med det samme,listFavorites,da,,,,
quickly go solo,leaveSpeaker,en,,,,
i need you to resume the music,resume,en,,,,
just right,confirm,en,,,,
do it now,confirm,en,,,,
kan du fortsætte,resume,da,,,,
stop afspilningen,stop,da,,,,
cancel that real quick,cancel,en,,,,
kunne du ændre lydstyrken til 1,setVolume,da,1,,,
start noget,playDefault,da,,,,
jeg vil høre noget igen hurtigt,unmute,da,,,,
lyder godt hurtigt,confirm,da,,,,
bare højere med 25,volumeUp,da,,25,,
skru op med femogtyve,volumeUp,da,,25,,
ok sure real quick,confirm,en,,,,
med det samme afbryd alt,cancel,da,,,,
go ahead and join the bathroom,joinSpeaker,en,,,,
proceed right away,confirm,en,,,,
right away volume up five,volumeUp,en,,5,,
real quick pick up where you left off,resume,en,,,,
nu skru op for musikken,volumeUp,da,,,,
quickly let the music play,resume,en,,,,
hurtigt stop det der,cancel,da,,,,
please change the volume to 80,setVolume,en,80,,,
hurtigt afbryd handlingen,cancel,da,,,,
ophæv dæmpningen hurtigt,unmute,da,,,,
set it to thirty,setVolume,en,30,,,
go ahead and change the volume to 60,setVolume,en,60,,,
nu sæt højttaleren på lydløs,mute,da,,,,
right now more volume,volumeUp,en,,,,
kan du venligst forbinde med spisestuen,joinSpeaker,da,,,,
kindly play with the office,joinSpeaker,en,,,,
spil for dig selv,leaveSpeaker,da,,,,
gør det højere,volumeUp,da,,,,
right away quieter by 15,volumeDown,en,,15,,
kunne du venligst sænke lydstyrken,volumeDown,da,,,,
hvad har jeg som favoritter med det samme,listFavorites,da,,,,
kunne du venligst skrue op,volumeUp,da,,,,
jeg vil høre noget igen,unmute,da,,,,
can you read out my favorites,listFavorites,en,,,,
right away freeze playback,pause,en,,,,
lydniveau tredive,setVolume,da,30,,,
kør noget musik,playDefault,da,,,,
i'd like you to increase the volume,volumeUp,en,,,,
could you kindly join the bathroom,joinSpeaker,en,,,,
drop den ide,cancel,da,,,,
now take a break,pause,en,,,,
real quick pause everything,pause,en,,,,
break the music real quick,pause,en,,,,
say something funny real quick,unknown,en,,,,
could you please put the volume at 70,setVolume,en,70,,,
confirmed,confirm,en,,,,
quickly resume playback,resume,en,,,,
kunne du sætte på pause,pause,da,,,,
indstil volumen til halvtreds,setVolume,da,50,,,
må jeg bede dig om at ophæve grupperingen,leaveSpeaker,da,,,,
resume my music now,playDefault,en,,,,
med det samme dæmp lidt,volumeDown,da,,,,
can you please join the bathroom,joinSpeaker,en,,,,
please play number ten,playFavoriteByNumber,en,,,10,
pause musikken med det samme,pause,da,,,,
could you please disconnect,leaveSpeaker,en,,,,
kan du adskille højttaleren,leaveSpeaker,da,,,,
tell me my favourites right away,listFavorites,en,,,,
right away remove from group,leaveSpeaker,en,,,,
now i want you to unpause,resume,en,,,,
real quick i would like you to unmute,unmute,en,,,,
med det samme skru ned for lyden,volumeDown,da,,,,
ya,confirm,en,,,,
send en besked til peter,unknown,da,,,,
right now split off,leaveSpeaker,en,,,,
go ahead and play favorite three,playFavoriteByNumber,en,,,3,
kunne du venligst spille favorit tre,playFavoriteByNumber,da,,,3,
jeg vil gerne høre musik med det samme,playDefault,da,,,,
mute everything,mute,en,,,,
vær så venlig at skrue op for lyden,volumeUp,da,,,,
nu glem det,cancel,da,,,,
kan du venligst mute,mute,da,,,,
just alright then,confirm,en,,,,
quickly let's play chess,unknown,en,,,,
right now do you have feelings,unknown,en,,,,
jeg vil bede dig om at forbinde med stuen,joinSpeaker,da,,,,
vær så venlig at spille favorit to,playFavoriteByNumber,da,,,2,
i would like you to ungroup right away,leaveSpeaker,en,,,,
now kill the sound,stop,en,,,,
nu lavere med ti,volumeDown,da,,10,,
vil du venligst afspille P5,playNamed,da,,,,
lydniveau 50,setVolume,da,50,,,
play it again right now,resume,en,,,,
i want you to unmute,unmute,en,,,,
hurtigt stop afspilningen,stop,da,,,,
venligst split fra gruppen,leaveSpeaker,da,,,,
kan du venligst spille favorit 1,playFavoriteByNumber,da,,,1,
kunne du hæve lydstyrken,volumeUp,da,,,,
luk for musikken,mute,da,,,,
i'd like to hear klassisk,playNamed,en,,,,klassisk
right now tell me a story,unknown,en,,,,
vær så venlig at stoppe musikken nu,stop,da,,,,
gør det,confirm,da,,,,
lav en pause hurtigt,pause,da,,,,
med det samme hæv lydstyrken med fem,volumeUp,da,,5,,
i need you to put the volume at eighty,setVolume,en,80,,,
all right then right now,confirm,en,,,,
right now translate this to german,unknown,en,,,,
kindly put on Kendrick Lamar,playNamed,en,,,,Kendrick Lamar
can you put on Coldplay,playNamed,en,,,,Coldplay
venligst lavere med tyve,volumeDown,da,,20,,
split from the group,leaveSpeaker,en,,,,
right away go ahead and stop,stop,en,,,,
stop it,stop,en,,,,
kan du spille videre,resume,da,,,,
hurtigt sæt på lydløs,mute,da,,,,
kunne du afspille favorit nummer 7,playFavoriteByNumber,da,,,7,
nu højere med ti,volumeUp,da,,10,,
could you play favorite 1,playFavoriteByNumber,en,,,1,
real quick lower the volume by 20,volumeDown,en,,20,,
kan du skrue op,volumeUp,da,,,,
pause afspilningen,pause,da,,,,
spil mit sædvanlige,playDefault,da,,,,
spil Adele for mig,playNamed,da,,,,Adele for mig
turn it down by five,volumeDown,en,,5,,
lige hæv lydstyrken med 15,volumeUp,da,,15,,
please resume the music,resume,en,,,,
that is right,confirm,en,,,,
frakobl denne højttaler,leaveSpeaker,da,,,,
kunne du spille med kontoret,joinSpeaker,da,,,,
vil du afspille favorit nummer 7,playFavoriteByNumber,da,,,7,
real quick volume down 10,volumeDown,en,,10,,
ikke mere musik,stop,da,,,,
pause everything,pause,en,,,,
hvad er tolv gange otte nu,unknown,da,,,,
play whatever was on right now,playDefault,en,,,,
would you separate this speaker,leaveSpeaker,en,,,,
i want sound back,unmute,en,,,,
lige oversæt hej til fransk,unknown,da,,,,
right away sure,confirm,en,,,,
please change the volume to 85,setVolume,en,85,,,
could you turn the sound back on,unmute,en,,,,
right now i want it muted,mute,en,,,,
sæt højttaleren på lydløs,mute,da,,,,
right now make it quieter,volumeDown,en,,,,
bare find en restaurant i nærheden,unknown,da,,,,
stop syncing,leaveSpeaker,en,,,,
må jeg bede dig om at sætte lydstyrken til femoghalvfjerds,setVolume,da,75,,,
hvilke favoritter har jeg med det samme,listFavorites,da,,,,
i confirm real quick,confirm,en,,,,
carry on,resume,en,,,,
silence it real quick,mute,en,,,,
nu hæv lydstyrken med femogtyve,volumeUp,da,,25,,
kunne du venligst sætte Volbeat på,playNamed,da,,,,
now skip that,cancel,en,,,,
vær så venlig at afspille favorit nummer fire,playFavoriteByNumber,da,,,4,
i would like you to play number seven,playFavoriteByNumber,en,,,7,
bare okay,confirm,da,,,,
quickly exactly,confirm,en,,,,
put on favorite 5,playFavoriteByNumber,en,,,5,
quickly softer,volumeDown,en,,,,
quickly okay yes,confirm,en,,,,
vær venlig at ophæve dæmpningen,unmute,da,,,,
stop grouping,leaveSpeaker,en,,,,
can you please change the volume to 50,setVolume,en,50,,,
jeg vil bede dig om at sætte The Daily på,playNamed,da,,,,
ville du venligst gøre det højere,volumeUp,da,,,,
just audio on,unmute,en,,,,
please join the dining room,joinSpeaker,en,,,,
jeg vil bede dig om at sætte på lydløs,mute,da,,,,
få musikken til at stoppe med det samme,stop,da,,,,
tænd lyset,unknown,da,,,,
just i need you to continue,resume,en,,,,
vær venlig at gruppere med entréen,joinSpeaker,da,,,,
audio on real quick,unmute,en,,,,
forget it now,cancel,en,,,,
jeg vil gerne have at du liste mine favoritter,listFavorites,da,,,,
real quick leave the others,leaveSpeaker,en,,,,
i'd like you to set volume to 45,setVolume,en,45,,,
jeg vil gerne have at du ophæve pausen,resume,da,,,,
hvordan klarede fck sig,unknown,da,,,,
go ahead and play favorite six,playFavoriteByNumber,en,,,6,
kan du venligst spille favorit 7,playFavoriteByNumber,da,,,7,
now i need you to pause it,pause,en,,,,
ville du venligst forlade gruppen,leaveSpeaker,da,,,,
venligst hæv volumen,volumeUp,da,,,,
correct,confirm,en,,,,
i want you to stop,stop,en,,,,
adskil dig nu,leaveSpeaker,da,,,,
i want you to disconnect,leaveSpeaker,en,,,,
would you disconnect,leaveSpeaker,en,,,,
where's the nearest grocery,unknown,en,,,,
kunne du fjerne dæmpningen,unmute,da,,,,
vær så venlig at spille med haven,joinSpeaker,da,,,,
kan du indstille lydstyrken til 50,setVolume,da,50,,,
min favoritliste hurtigt,listFavorites,da,,,,
change volume to sixty,setVolume,en,60,,,
kindly change the volume to 55,setVolume,en,55,,,
i want you to carry on,resume,en,,,,
sæt musik på hurtigt,playDefault,da,,,,
can you please change the volume to 65,setVolume,en,65,,,
just what's today's date,unknown,en,,,,
now unpause,resume,en,,,,
can you please play hip hop,playNamed,en,,,,hip hop
restore the sound now,unmute,en,,,,
vil du venligst slå lyden fra,mute,da,,,,
show me what's saved,listFavorites,en,,,,
volume level 0,setVolume,en,0,,,
can you please group with the upstairs speaker,joinSpeaker,en,,,,
real quick list my favourites,listFavorites,en,,,,
i need you to play BBC Radio 4,playNamed,en,,,,BBC Radio 4
wait a moment,pause,en,,,,
fortsæt hvor du slap hurtigt,resume,da,,,,
venligst højere,volumeUp,da,,,,
kan du venligst afspille jazz,playNamed,da,,,,
quickly that's not right,cancel,en,,,,
volume up ten,volumeUp,en,,10,,
go ahead and play hip hop,playNamed,en,,,,hip hop
could you please stop the music,stop,en,,,,
forget about it real quick,cancel,en,,,,
could you please set volume to ten,setVolume,en,10,,,
could you please put on some music,playDefault,en,,,,
can you please keep playing,resume,en,,,,
i'd like you to carry on,resume,en,,,,
jeg vil gerne have at du spille favorit 7,playFavoriteByNumber,da,,,7,
split højttaleren,leaveSpeaker,da,,,,
audio back on,unmute,en,,,,
spil videre,resume,da,,,,
kan du pause musikken,pause,da,,,,
kør på,confirm,da,,,,
volume up,volumeUp,en,,,,
bare højere med 20,volumeUp,da,,20,,
join the group with the garden,joinSpeaker,en,,,,
yep,confirm,en,,,,
kan du venligst sætte P4 på,playNamed,da,,,,
fine yes real quick,confirm,en,,,,
kunne du fortsætte,resume,da,,,,
which favourites do i have,listFavorites,en,,,,
quickly what's the weather like,unknown,en,,,,
i'd like you to continue real quick,resume,en,,,,
jeg vil gerne have at du slå lyden fra,mute,da,,,,
fortsæt afspilningen nu,resume,da,,,,
nu pause afspilningen,pause,da,,,,
lige hæv lydstyrken med 5,volumeUp,da,,5,,
kan du stoppe afspilningen,stop,da,,,,
med det samme hvad er datoen i dag,unknown,da,,,,
ville du venligst holde pause,pause,da,,,,
real quick silence,mute,en,,,,
right now silence the speaker,mute,en,,,,
pause sangen hurtigt,pause,da,,,,
nu afbryd musikken,pause,da,,,,
ville du ændre lydstyrken til halvtreds,setVolume,da,50,,,
can you please change the volume to seventy-five,setVolume,en,75,,,
lige hold op med at spille,stop,da,,,,
yes thanks,confirm,en,,,,
pause hurtigt,pause,da,,,,
just stop the mute,unmute,en,,,,
can you kill the sound,mute,en,,,,
skru op med ti,volumeUp,da,,10,,
lige lyd på,unmute,da,,,,
unpause the music right now,resume,en,,,,
jeg vil høre Miles Davis,playNamed,da,,,,Miles Davis
right away turn it down by thirty,volumeDown,en,,30,,
nu stop,stop,da,,,,
ville du afspille favorit nummer 4,playFavoriteByNumber,da,,,4,
help me with my homework right now,unknown,en,,,,
real quick where's the closest pharmacy,unknown,en,,,,
quickly pump it up,volumeUp,en,,,,
lige afspil musik,playDefault,da,,,,
decrease volume by 25 right away,volumeDown,en,,25,,
kan du tilslutte entréen,joinSpeaker,da,,,,
læs overskrifterne op med det samme,unknown,da,,,,
i want silence right away,mute,en,,,,
nix,cancel,da,,,,
i'd like you to change the volume to one hundred,setVolume,en,100,,,
jeg vil bede dig om at afspille favorit nummer 7,playFavoriteByNumber,da,,,7,
would you please pause it,pause,en,,,,
enough music right now,stop,en,,,,
nej det vil jeg ikke,cancel,da,,,,
nu tilbage til musikken,resume,da,,,,
kunne du genoptage,resume,da,,,,
hvor er mine nøgler hurtigt,unknown,da,,,,
kan du venligst afspille favorit nummer et,playFavoriteByNumber,da,,,1,
i'd like you to put on hip hop,playNamed,en,,,,hip hop
vær så venlig at afspille favorit nummer 2,playFavoriteByNumber,da,,,2,
now i would like you to stop,stop,en,,,,
venligst stop det,stop,da,,,,
real quick turn it down by twenty-five,volumeDown,en,,25,,
go ahead and play something,playDefault,en,,,,
kindly disconnect,leaveSpeaker,en,,,,
i would like you to play number 1,playFavoriteByNumber,en,,,1,
vil du ophæve grupperingen,leaveSpeaker,da,,,,
volume level 20,setVolume,en,20,,,
kan du holde pause,pause,da,,,,
i'd like you to make it louder,volumeUp,en,,,,
kan du venligst tilslutte ovenpå,joinSpeaker,da,,,,
remove this speaker real quick,leaveSpeaker,en,,,,
right away i'd like you to play music,playDefault,en,,,,
hurtigt stop pausen,resume,da,,,,
go on playing,resume,en,,,,
right now turn it up by fifteen,volumeUp,en,,15,,
i want sound back right now,unmute,en,,,,
hold the song real quick,pause,en,,,,
rigtigt med det samme,confirm,da,,,,
kunne du venligst forbinde med kontoret,joinSpeaker,da,,,,
kunne du venligst sætte Mew på,playNamed,da,,,,
i'd like you to play music,playDefault,en,,,,
real quick i want you to silence it,mute,en,,,,
vær venlig at fortsætte musikken,resume,da,,,,
vil du venligst sætte lydstyrken til fyrre,setVolume,da,40,,,
show my favourites,listFavorites,en,,,,
helt enig,confirm,da,,,,
could you please turn the sound back on,unmute,en,,,,
quickly go ahead and unmute,unmute,en,,,,
set the volume to 55,setVolume,en,55,,,
separate now,leaveSpeaker,en,,,,
quickly go for it,confirm,en,,,,
exactly right now,confirm,en,,,,
start MØ,playNamed,da,,,,MØ
just i need you to unpause,resume,en,,,,
kan du ændre lydstyrken til 15,setVolume,da,15,,,
could you kindly bring back the sound,unmute,en,,,,
quickly exactly right,confirm,en,,,,
kan du forbinde med stuen,joinSpeaker,da,,,,
go ahead and play with the garden,joinSpeaker,en,,,,
fjern gruppe med det samme,leaveSpeaker,da,,,,
må jeg bede dig om at sænke lydstyrken,volumeDown,da,,,,
kan du starte musikken,playDefault,da,,,,
lige vær så venlig at hæve lydstyrken,volumeUp,da,,,,
fortsæt med musikken nu,playDefault,da,,,,
kindly change the volume to 40,setVolume,en,40,,,
nu hvad er stillingen i kampen,unknown,da,,,,
sæt lydstyrken til 5,setVolume,da,5,,,
queue up music,playDefault,en,,,,
affirmative real quick,confirm,en,,,,
ville du spille classical,playNamed,da,,,,
jeg vil bede dig om at spille videre,resume,da,,,,
real quick go ahead and kill the music,stop,en,,,,
could you please change the volume to thirty,setVolume,en,30,,,
definitely yes,confirm,en,,,,
indstil volumen til 55,setVolume,da,55,,,
lige kast en terning,unknown,da,,,,
unmute the music,unmute,en,,,,
just i need you to silence it,mute,en,,,,
now louder by five,volumeUp,en,,5,,
would you play with the bedroom,joinSpeaker,en,,,,
just raise the volume by 20,volumeUp,en,,20,,
turn on the lights,unknown,en,,,,
restore the volume,unmute,en,,,,
følg soveværelset,joinSpeaker,da,,,,
må jeg bede dig om at forbinde med kælderen,joinSpeaker,da,,,,
right now volume down five,volumeDown,en,,5,,
put on favorite three,playFavoriteByNumber,en,,,3,
skru ned 5,volumeDown,da,,5,,
må jeg bede dig om at forbinde med badeværelset,joinSpeaker,da,,,,
just stop playing,stop,en,,,,
hæv lydstyrken med femogtyve,volumeUp,da,,25,,
lige vær så venlig at afslutte musikken,stop,da,,,,
just sounds great,confirm,en,,,,
bare spil mine sange,playDefault,da,,,,
now louder by thirty,volumeUp,en,,30,,
vær så venlig at tænde for lyden,unmute,da,,,,
now silence the audio,mute,en,,,,
quickly okay sure,confirm,en,,,,
could you please ungroup,leaveSpeaker,en,,,,
fortryd venligst,cancel,da,,,,
hurtigt hvem er du,unknown,da,,,,
vis hele listen med det samme,listFavorites,da,,,,
now disconnect from the others,leaveSpeaker,en,,,,
vær venlig at tilslutte soveværelset,joinSpeaker,da,,,,
vil du spille P5,playNamed,da,,,,
turn it down by fifteen now,volumeDown,en,,15,,
klart det,confirm,da,,,,
mute that,mute,en,,,,
med det samme læs overskrifterne op,unknown,da,,,,
med det samme jow,confirm,da,,,,
quickly turn it up by 25,volumeUp,en,,25,,
kindly put the volume at 35,setVolume,en,35,,,
can you please change the volume to 60,setVolume,en,60,,,
real quick good,confirm,en,,,,
vil du sætte på lydløs,mute,da,,,,
kunne du pause afspilningen,pause,da,,,,
i'd like you to leave the group,leaveSpeaker,en,,,,
spil min favorit fire,playFavoriteByNumber,da,,,4,
bare hold op med musikken,stop,da,,,,
hvad er gemt som favoritter,listFavorites,da,,,,
vil du sænke lydstyrken,volumeDown,da,,,,
ville du sætte Kendrick Lamar på,playNamed,da,,,,
play whatever you want right away,playDefault,en,,,,
kindly play afslapningsmusik,playNamed,en,,,,afslapningsmusik
just what's my home temperature,unknown,en,,,,
kunne du venligst ændre lydstyrken til 70,setVolume,da,70,,,
can you please stop playing,stop,en,,,,
lydstyrke til halvtreds,setVolume,da,50,,,
louder by 5,volumeUp,en,,5,,
nu godnat,unknown,da,,,,
just all right,confirm,en,,,,
hurtigt selvfølgelig,confirm,da,,,,
go ahead and unpause right away,resume,en,,,,
genoptag nummeret hurtigt,resume,da,,,,
nu vær så venlig at forlade gruppen,leaveSpeaker,da,,,,
cease the music,stop,en,,,,
i'd like you to set volume to five,setVolume,en,5,,,
lige hvor er min telefon,unknown,da,,,,
just go ahead and keep playing,resume,en,,,,
real quick how do you spell necessary,unknown,en,,,,
nu hvad er temperaturen udenfor,unknown,da,,,,
would you play favorite eight,playFavoriteByNumber,en,,,8,
now how was your day,unknown,en,,,,
quickly wait no,cancel,en,,,,
lower now,volumeDown,en,,,,
stille,mute,da,,,,
i want you to group with the patio,joinSpeaker,en,,,,
could you kindly put on P3,playNamed,en,,,,P3
end silent mode,unmute,en,,,,
keep going,resume,en,,,,
give me the sound back,unmute,en,,,,
just go ahead and turn it up,volumeUp,en,,,,
i need you to play something,playDefault,en,,,,
real quick split off,leaveSpeaker,en,,,,
now put on music,playDefault,en,,,,
could you leave the group,leaveSpeaker,en,,,,
turn off the audio right now,stop,en,,,,
jeg vil gerne have at du spille med entréen,joinSpeaker,da,,,,
quickly start music,playDefault,en,,,,
would you mind to stop the music,stop,en,,,,
please unpause,resume,en,,,,
would you please carry on,resume,en,,,,
just set a timer for ten minutes,unknown,en,,,,
start favorite seven,playFavoriteByNumber,en,,,7,
negative now,cancel,en,,,,
would you please ungroup,leaveSpeaker,en,,,,
bare lyd igen,unmute,da,,,,
tænd lyden,unmute,da,,,,
bare lyd tilbage,unmute,da,,,,
tell me my favorites,listFavorites,en,,,,
audio off now,mute,en,,,,
real quick drop the sound,mute,en,,,,
ungroup the speakers right away,leaveSpeaker,en,,,,
quickly louder by 5,volumeUp,en,,5,,
confirmed now,confirm,en,,,,
would you mind to mute the speaker,mute,en,,,,
hurtigt i orden,confirm,da,,,,
disconnect,leaveSpeaker,en,,,,
hvilke stationer har jeg med det samme,listFavorites,da,,,,
hurtigt tilbage til at have lyd,unmute,da,,,,
må jeg bede dig om at indstille lydstyrken til fyrre,setVolume,da,40,,,
quickly raise the volume by 10,volumeUp,en,,10,,
would you bring back the sound,unmute,en,,,,
bare hvornår står solen op,unknown,da,,,,
cease playback right away,stop,en,,,,
nu vær så venlig at pause afspilningen,pause,da,,,,
jeg vil bede dig om at vise mine favoritter,listFavorites,da,,,,
vil du venligst gruppere med terrassen,joinSpeaker,da,,,,
stop the audio real quick,stop,en,,,,
right now what's the temperature outside,unknown,en,,,,
jeg vil gerne have at du tilslutte entréen,joinSpeaker,da,,,,
pause nummeret med det samme,pause,da,,,,
go ahead and restore the sound right now,unmute,en,,,,
i would like you to play Radio 24syv,playNamed,en,,,,Radio 24syv
i would like you to silence it,mute,en,,,,
hurtigt kør bare på,confirm,da,,,,
right now break the music,pause,en,,,,
forlad højttalerne nu,leaveSpeaker,da,,,,
spil,playDefault,da,,,,
right now play what i was listening to,playDefault,en,,,,
jeg vil bede dig om at afspille favorit nummer 8,playFavoriteByNumber,da,,,8,
fire up The Voice,playNamed,en,,,,Voice
go ahead and kill the sound real quick,mute,en,,,,
ville du venligst indstille lydstyrken til 10,setVolume,da,10,,,
end silent mode real quick,unmute,en,,,,
afsynkroniser højttaleren med det samme,leaveSpeaker,da,,,,
vær så venlig at indstille lydstyrken til 55,setVolume,da,55,,,
please proceed,confirm,en,,,,
just turn on the lights,unknown,en,,,,
følg kontoret,joinSpeaker,da,,,,
kan du venligst spille P1,playNamed,da,,,,
now yes,confirm,en,,,,
put the volume at ten,setVolume,en,10,,,
right now freeze the music,pause,en,,,,
vil du afslutte musikken,stop,da,,,,
vær så venlig at gruppere med køkkenet,joinSpeaker,da,,,,
i'd like you to play something right away,playDefault,en,,,,
go ahead and play music,playDefault,en,,,,
kan du indstille lydstyrken til 20,setVolume,da,20,,,
real quick turn the sound back on,unmute,en,,,,
med det samme klart,confirm,da,,,,
vær så venlig at frakoble hurtigt,leaveSpeaker,da,,,,
could you kindly end the music,stop,en,,,,
med det samme højere med 30,volumeUp,da,,30,,
forget it real quick,cancel,en,,,,
can you please hold the music,pause,en,,,,
nu skru ned 5,volumeDown,da,,5,,
can you please play workout mix,playNamed,en,,,,workout mix
spil min favorit fem,playFavoriteByNumber,da,,,5,
would you please play Radio 24syv,playNamed,en,,,,Radio 24syv
kunne du skrue ned for lyden,volumeDown,da,,,,
agreed real quick,confirm,en,,,,
ville du venligst tilslutte køkkenet,joinSpeaker,da,,,,
jeg vil bede dig om at ændre lydstyrken til 10,setVolume,da,10,,,
just how old are you,unknown,en,,,,
please change the volume to fifty,setVolume,en,50,,,
bare spil alene,leaveSpeaker,da,,,,
højere med 25,volumeUp,da,,25,,
hurtigt sæt det på pause,pause,da,,,,
forbind til køkkenet,joinSpeaker,da,,,,
remove this from the group right away,leaveSpeaker,en,,,,
leave the cluster,leaveSpeaker,en,,,,
hurtigt læs min seneste email op,unknown,da,,,,
stop afspilningen med det samme,stop,da,,,,
jeg vil bede dig om at sænke lydstyrken,volumeDown,da,,,,
jeg vil gerne have at du afspille Pink Floyd,playNamed,da,,,,
quickly text my wife,unknown,en,,,,
nu gå solo,leaveSpeaker,da,,,,
go ahead and put on pop,playNamed,en,,,,pop
now go ahead and separate this speaker,leaveSpeaker,en,,,,
could you please group with the kitchen,joinSpeaker,en,,,,
right now keep the music going,resume,en,,,,
i need you to play with the hallway,joinSpeaker,en,,,,
please play favorite ten,playFavoriteByNumber,en,,,10,
turn it up by fifteen,volumeUp,en,,15,,
kindly pause it,pause,en,,,,
could you set volume to 75,setVolume,en,75,,,
kunne du venligst indstille lydstyrken til tyve,setVolume,da,20,,,
afspil klassisk musik,playNamed,da,,,,klassisk musik
ville du gruppere med køkkenet,joinSpeaker,da,,,,
hæv lydstyrken med femogtyve nu,volumeUp,da,,25,,
could you kindly join the upstairs speaker,joinSpeaker,en,,,,
kunne du venligst slå lyden fra,mute,da,,,,
hurtigt skru op med 10,volumeUp,da,,10,,
turn it up by 25 right now,volumeUp,en,,25,,
fortsæt hvor du slap,resume,da,,,,
sounds great real quick,confirm,en,,,,
hurtigt tænd lyden igen,unmute,da,,,,
bring back the sound,unmute,en,,,,
hurtigt afspil musik,playDefault,da,,,,
go alone real quick,leaveSpeaker,en,,,,
lydstyrke nul,setVolume,da,0,,,
spil nummer 6,playFavoriteByNumber,da,,,6,
bare skru op 30,volumeUp,da,,30,,
vil du slukke for musikken,stop,da,,,,
pause sangen,pause,da,,,,
go ahead and put the volume at 100,setVolume,en,100,,,
ville du sætte på lydløs,mute,da,,,,
could you please put the volume at 80,setVolume,en,80,,,
kindly play something,playDefault,en,,,,
right away no sound,mute,en,,,,
would you please tell me my favorites,listFavorites,en,,,,
would you please change the volume to 70,setVolume,en,70,,,
nah,cancel,en,,,,
kan du spille med entréen,joinSpeaker,da,,,,
i want you to change the volume to 15,setVolume,en,15,,,
kindly mute,mute,en,,,,
quickly quieter by 10,volumeDown,en,,10,,
kunne du sætte Miles Davis på,playNamed,da,,,,
can you please turn it up,volumeUp,en,,,,
list mine favoritter,listFavorites,da,,,,
what day is it right away,unknown,en,,,,
would you mind to increase the volume,volumeUp,en,,,,
play my music,playDefault,en,,,,
jeg vil bede dig om at gøre det højere,volumeUp,da,,,,
kunne du forlade gruppen,leaveSpeaker,da,,,,
kan du pause,pause,da,,,,
restore the volume right away,unmute,en,,,,
what are my favorites,listFavorites,en,,,,
nu tag højttaleren ud af gruppen,leaveSpeaker,da,,,,
i'd like you to silence it,mute,en,,,,
will it snow this weekend,unknown,en,,,,
put on favorite 7,playFavoriteByNumber,en,,,7,
nu ja,confirm,da,,,,
can you please set volume to twenty,setVolume,en,20,,,
quickly raise it,volumeUp,en,,,,
would you play favorite 4,playFavoriteByNumber,en,,,4,
right now go on playing,resume,en,,,,
fortsæt med musikken,resume,da,,,,
please restore the sound,unmute,en,,,,
bare helt enig,confirm,da,,,,
kindly play with the basement,joinSpeaker,en,,,,
vær venlig at afspille study music,playNamed,da,,,,
lige hvad er mine favoritter,listFavorites,da,,,,
kobl højttalerne sammen,joinSpeaker,da,,,,
vil du forbinde med terrassen,joinSpeaker,da,,,,
tell me a story right now,unknown,en,,,,
put on anything,playDefault,en,,,,
could you kindly stop the music,stop,en,,,,
just pause,pause,en,,,,
gør det ikke nu,cancel,da,,,,
just skip the action,cancel,en,,,,
let's hear the P8 Jazz,playNamed,en,,,,P8 Jazz
lige vær så venlig at ophæve pausen,resume,da,,,,
let's hear This American Life,playNamed,en,,,,This American Life
lige vis favoritter,listFavorites,da,,,,
pause den,pause,da,,,,
real quick read my favorites,listFavorites,en,,,,
i would like you to mute the speaker,mute,en,,,,
lower it right away,volumeDown,en,,,,
i want you to pause right away,pause,en,,,,
ok tak hurtigt,confirm,da,,,,
nu stands afspilningen,stop,da,,,,
can you play favorite ten,playFavoriteByNumber,en,,,10,
follow the living room,joinSpeaker,en,,,,
bare jeg vil have stilhed,mute,da,,,,
hurtigt stop med det samme,stop,da,,,,
spil musik,playDefault,da,,,,
would you carry on,resume,en,,,,
vær så venlig at sænke lydstyrken,volumeDown,da,,,,
må jeg bede dig om at forlade gruppen,leaveSpeaker,da,,,,
lige præcis,confirm,da,,,,
okay tak,confirm,da,,,,
please play number three,playFavoriteByNumber,en,,,3,
indstil lydstyrken til 20,setVolume,da,20,,,
i'd like you to silence it right away,mute,en,,,,
could you please bring back the sound,unmute,en,,,,
ville du holde op,stop,da,,,,
jeg vil gerne have at du afspille favorit nummer 4,playFavoriteByNumber,da,,,4,
quickly shut off the music,stop,en,,,,
just unmute it,unmute,en,,,,
skru ned med 25,volumeDown,da,,25,,
jeg vil bede dig om at afspille Radio 24syv,playNamed,da,,,,
play along with the hallway,joinSpeaker,en,,,,
kunne du venligst ændre lydstyrken til tyve,setVolume,da,20,,,
volume up 30 right away,volumeUp,en,,30,,
unmute everything right away,unmute,en,,,,
forlad de andre med det samme,leaveSpeaker,da,,,,
jeg vil bede dig om at indstille lydstyrken til 100,setVolume,da,100,,,
hold playback right now,pause,en,,,,
kill the sound real quick,stop,en,,,,
fortsæt afspilningen,resume,da,,,,
i want you to play number 2,playFavoriteByNumber,en,,,2,
nu pause sangen,pause,da,,,,
skru ned med 20,volumeDown,da,,20,,
now list favourites,listFavorites,en,,,,
kan du venligst vise mine favoritter,listFavorites,da,,,,
vil du venligst forlade gruppen,leaveSpeaker,da,,,,
kunne du ophæve dæmpningen,unmute,da,,,,
ville du venligst ophæve dæmpningen,unmute,da,,,,
spil P4 for mig,playNamed,da,,,,P4 for mig
that's enough now,stop,en,,,,
start favorit to,playFavoriteByNumber,da,,,2,
tag en pause,pause,da,,,,
tilbage til normal lyd,unmute,da,,,,
please leave the group,leaveSpeaker,en,,,,
right now never mind that,cancel,en,,,,
can you please play klassisk,playNamed,en,,,,klassisk
calculate the tip,unknown,en,,,,
i want volume 1,setVolume,en,1,,,
i need you to group with the bedroom,joinSpeaker,en,,,,
med det samme lavere med 30,volumeDown,da,,30,,
right now cancel the action,cancel,en,,,,
ville du venligst hæve lydstyrken,volumeUp,da,,,,
cease playback,stop,en,,,,
lige sænk lydstyrken med 30,volumeDown,da,,30,,
start afspilningen,playDefault,da,,,,
lavere med 15,volumeDown,da,,15,,
real quick bring back the sound,unmute,en,,,,
volume down 25 real quick,volumeDown,en,,25,,
kan du venligst tilslutte spisestuen,joinSpeaker,da,,,,
lige hæv lydstyrken med 30,volumeUp,da,,30,,
det er rigtigt nu,confirm,da,,,,
fortsæt med musikken hurtigt,resume,da,,,,
go independent now,leaveSpeaker,en,,,,
jeg vil gerne have at du spille Volbeat,playNamed,da,,,,
right away play whatever you want,playDefault,en,,,,
sæt den på pause,pause,da,,,,
vil du afspille favorit nummer ni,playFavoriteByNumber,da,,,9,
ville du adskille højttaleren,leaveSpeaker,da,,,,
åbn garageporten med det samme,unknown,da,,,,
exactly,confirm,en,,,,
bare vent her,pause,da,,,,
increase volume by 25 right away,volumeUp,en,,25,,
vil du indstille lydstyrken til tredive,setVolume,da,30,,,
real quick louder by five,volumeUp,en,,5,,
turn it down by thirty,volumeDown,en,,30,,
of course yes,confirm,en,,,,
vil du spille favorit fire,playFavoriteByNumber,da,,,4,
can you please put the volume at sixty,setVolume,en,60,,,
vær venlig at slukke for musikken,stop,da,,,,
right away go ahead and turn it up,volumeUp,en,,,,
vær så venlig at pause musikken nu,pause,da,,,,
go ahead and change the volume to 50,setVolume,en,50,,,
vil du venligst sætte lydstyrken til 75,setVolume,da,75,,,
do it real quick,confirm,en,,,,
ville du ophæve pausen,resume,da,,,,
could you group with the office,joinSpeaker,en,,,,
jeg vil gerne have at du sætte lydstyrken til hundrede,setVolume,da,100,,,
stop al musik,stop,da,,,,
real quick give me some music,playDefault,en,,,,
sæt lidt musik på nu,playDefault,da,,,,
ville du spille med haven,joinSpeaker,da,,,,
play more,resume,en,,,,
quickly put on anything,playDefault,en,,,,
sluk afspilningen nu,stop,da,,,,
could you please put the volume at zero,setVolume,en,0,,,
venligst faktisk nej,cancel,da,,,,
med det samme sæt højttaleren på lydløs,mute,da,,,,
jeg vil gerne have at du tilslutte ovenpå,joinSpeaker,da,,,,
now quieter by 25,volumeDown,en,,25,,
real quick go ahead and carry on,resume,en,,,,
nah right away,cancel,en,,,,
real quick turn it up by ten,volumeUp,en,,10,,
hurtigt jeps,confirm,da,,,,
play preset six,playFavoriteByNumber,en,,,6,
bare genoptag,resume,da,,,,
would you please put the volume at 55,setVolume,en,55,,,
i want you to play favorite 3,playFavoriteByNumber,en,,,3,
højere med 20,volumeUp,da,,20,,
would you put on Miles Davis,playNamed,en,,,,Miles Davis
incorrect,cancel,en,,,,
bare afbryd fra gruppen,leaveSpeaker,da,,,,
i want you to play Kim Larsen,playNamed,en,,,,Kim Larsen
vil du venligst spille P8 Jazz,playNamed,da,,,,
level 90,setVolume,en,90,,,
show me the favorites,listFavorites,en,,,,
hurtigt bekræftet,confirm,da,,,,
ville du venligst afspille BBC Radio 1,playNamed,da,,,,
kunne du venligst forbinde med entréen,joinSpeaker,da,,,,
now carry on playing,resume,en,,,,
kan du venligst holde op,stop,da,,,,
just ungroup this speaker,leaveSpeaker,en,,,,
planlæg et møde i morgen hurtigt,unknown,da,,,,
hvad er to plus to,unknown,da,,,,
real quick i'd like you to continue,resume,en,,,,
separate the speaker,leaveSpeaker,en,,,,
lige skru op med 20,volumeUp,da,,20,,
good night,unknown,en,,,,
could you kindly play favorite two,playFavoriteByNumber,en,,,2,
can you please pause,pause,en,,,,
med det samme hvad er temperaturen hjemme,unknown,da,,,,
ville du venligst sætte lydstyrken til 60,setVolume,da,60,,,
kunne du spille favorit syv,playFavoriteByNumber,da,,,7,
volume up twenty real quick,volumeUp,en,,20,,
vær så venlig at hæve lydstyrken med det samme,volumeUp,da,,,,
venligst spil igen,resume,da,,,,
go ahead and put on P1,playNamed,en,,,,P1
quickly how far is copenhagen,unknown,en,,,,
skru ned med femogtyve hurtigt,volumeDown,da,,25,,
vil du venligst slukke for musikken,stop,da,,,,
lower the volume by 5 now,volumeDown,en,,5,,
more music real quick,resume,en,,,,
i would like you to read out my favorites,listFavorites,en,,,,
now i want you to unmute,unmute,en,,,,
må jeg bede dig om at vise mine favoritter,listFavorites,da,,,,
could you play number six,playFavoriteByNumber,en,,,6,
now read out my favorites,listFavorites,en,,,,
now i'd like you to mute,mute,en,,,,
hæv lydstyrken med 30 hurtigt,volumeUp,da,,30,,
let's hear the workout mix,playNamed,en,,,,workout mix
i want you to end the music,stop,en,,,,
ville du afslutte musikken,stop,da,,,,
could you please join the patio,joinSpeaker,en,,,,
med det samme jeg bekræfter,confirm,da,,,,
quickly let's go,confirm,en,,,,
silent please,mute,en,,,,
venligst træk tilbage,cancel,da,,,,
lift mute real quick,unmute,en,,,,
now mute,mute,en,,,,
spil min favorit syv,playFavoriteByNumber,da,,,7,
indstil volumen til 85,setVolume,da,85,,,
venligst smid noget musik på,playDefault,da,,,,
vær så venlig at afspille favorit nummer 8,playFavoriteByNumber,da,,,8,
vil du venligst gruppere med stuen,joinSpeaker,da,,,,
bare ikke mere musik,stop,da,,,,
a bit lower,volumeDown,en,,,,
vent her,pause,da,,,,
could you please hold the music,pause,en,,,,
i'd like you to play This American Life,playNamed,en,,,,This American Life
shut up,mute,en,,,,
ville du venligst frakoble,leaveSpeaker,da,,,,
would you change the volume to 35,setVolume,en,35,,,
great,confirm,en,,,,
quickly what's on the favourites list,listFavorites,en,,,,
real quick fine,confirm,en,,,,
start musikken,playDefault,da,,,,
kunne du gruppere med kontoret,joinSpeaker,da,,,,
just what's your name,unknown,en,,,,
lige afslut lydløs,unmute,da,,,,
play my nine favorite,playFavoriteByNumber,en,,,9,
go ahead and keep playing now,resume,en,,,,
må jeg bede dig om at indstille lydstyrken til 55,setVolume,da,55,,,
split højttaleren med det samme,leaveSpeaker,da,,,,
can you freeze the music,pause,en,,,,
jeg vil bede dig om at ændre lydstyrken til 80,setVolume,da,80,,,
med det samme hvor langt er der til københavn,unknown,da,,,,
vil du venligst tænde lyden igen,unmute,da,,,,
lavere med tredive,volumeDown,da,,30,,
sing a song right now,unknown,en,,,,
i'd like you to put on rolig musik,playNamed,en,,,,rolig musik
lydstyrke til 30,setVolume,da,30,,,
just i need silence,mute,en,,,,
lige vær så venlig at spille musik,playDefault,da,,,,
pair with the kitchen,joinSpeaker,en,,,,
vær venlig at sætte workout mix på,playNamed,da,,,,
just make me laugh,unknown,en,,,,
resume the song,resume,en,,,,
glem det med det samme,cancel,da,,,,
med det samme læs hele listen op,listFavorites,da,,,,
could you please play something,playDefault,en,,,,
can you change the volume to eighty,setVolume,en,80,,,
real quick play what i was listening to,playDefault,en,,,,
kan du tænde for lyden,unmute,da,,,,
proceed,confirm,en,,,,
kunne du venligst spille Bob Dylan,playNamed,da,,,,
kan du venligst spille musik,playDefault,da,,,,
would you mind to mute,mute,en,,,,
quickly queue up music,playDefault,en,,,,
can you please put the volume at 35,setVolume,en,35,,,
spil for dig selv nu,leaveSpeaker,da,,,,
read the favorites right now,listFavorites,en,,,,
would you mind to leave the group,leaveSpeaker,en,,,,
go ahead and leave the group now,leaveSpeaker,en,,,,
vær venlig at sætte ambient music på,playNamed,da,,,,
would you mind to play P8 Jazz,playNamed,en,,,,P8 Jazz
back out of that now,cancel,en,,,,
spille med kælderen,joinSpeaker,da,,,,
please start playing,playDefault,en,,,,
play some tunes,playDefault,en,,,,
what can you do,unknown,en,,,,
i'd like you to play with the bathroom,joinSpeaker,en,,,,
right away let the music play,resume,en,,,,
now increase volume by 10,volumeUp,en,,10,,
go ahead and restore the sound now,unmute,en,,,,
må jeg bede dig om at sætte lydstyrken til 25,setVolume,da,25,,,
now do not do that,cancel,en,,,,
i want volume ninety,setVolume,en,90,,,
med det samme gør lyden højere,volumeUp,da,,,,
do it,confirm,en,,,,
could you stop playing,stop,en,,,,
resume,resume,en,,,,
mind mig om at købe mælk,unknown,da,,,,
spil det igen hurtigt,resume,da,,,,
can you please tell me my favorites,listFavorites,en,,,,
pause the music,pause,en,,,,
i want you to continue,resume,en,,,,
i would like you to play morning playlist,playNamed,en,,,,morning playlist
må jeg bede dig om at frakoble,leaveSpeaker,da,,,,
go ahead and change the volume to 25,setVolume,en,25,,,
i need silence right away,mute,en,,,,
lige list favoritterne,listFavorites,da,,,,
bare stop nummeret,stop,da,,,,
ophæv grupperingen,leaveSpeaker,da,,,,
right away alright,confirm,en,,,,
i want to hear Taylor Swift,playNamed,en,,,,Taylor Swift
i'd like you to play music right away,playDefault,en,,,,
tilføj entréen,joinSpeaker,da,,,,
go ahead and pause the music now,pause,en,,,,
sæt noget musik på hurtigt,playDefault,da,,,,
jeg vil have stilhed,mute,da,,,,
go silent right now,mute,en,,,,
turn the sound back on,unmute,en,,,,
i'd like you to make it quieter,volumeDown,en,,,,
just stop that,stop,en,,,,
real quick end the song,stop,en,,,,
venligst spil noget musik,playDefault,da,,,,
navigate home right away,unknown,en,,,,
quickly tell me my favourites,listFavorites,en,,,,
vær så venlig at liste mine favoritter,listFavorites,da,,,,
quickly play my music,playDefault,en,,,,
could you tell me my favorites,listFavorites,en,,,,
real quick what's a good recipe for pasta,unknown,en,,,,
go ahead and hold the music right away,pause,en,,,,
right away i need you to play something,playDefault,en,,,,
frakobl fra gruppen med det samme,leaveSpeaker,da,,,,
med det samme ikke alligevel,cancel,da,,,,
kindly play number three,playFavoriteByNumber,en,,,3,
could you kindly group with the living room,joinSpeaker,en,,,,
venligst gør lyden lavere,volumeDown,da,,,,
lige fjern lydløs,unmute,da,,,,
nu stop pausen,resume,da,,,,
i want you to put on Volbeat,playNamed,en,,,,Volbeat
right now play it again,resume,en,,,,
lad os gøre det,confirm,da,,,,
just raise the volume by 25,volumeUp,en,,25,,
vil du venligst indstille lydstyrken til 25,setVolume,da,25,,,
play favourite number 1,playFavoriteByNumber,en,,,1,
glem det nu,cancel,da,,,,
lige hvilke presets har jeg,listFavorites,da,,,,
venligst tænd lyden,unmute,da,,,,
vær venlig at skrue ned for lyden,volumeDown,da,,,,
could you resume,resume,en,,,,
real quick nope,cancel,en,,,,
exit silent mode,unmute,en,,,,
add the hallway to the group,joinSpeaker,en,,,,
nevermind right now,cancel,en,,,,
right away yes let's,confirm,en,,,,
mere volumen hurtigt,volumeUp,da,,,,
could you kindly put on Adele,playNamed,en,,,,Adele
ville du venligst fortsætte,resume,da,,,,
afbryd kort nu,pause,da,,,,
ville du ophæve grupperingen,leaveSpeaker,da,,,,
kunne du sænke lydstyrken,volumeDown,da,,,,
play number 1,playFavoriteByNumber,en,,,1,
favourite eight,playFavoriteByNumber,en,,,8,
quickly ungroup,leaveSpeaker,en,,,,
unlink,leaveSpeaker,en,,,,
med det samme list favoritter,listFavorites,da,,,,
i would like you to kill the music,stop,en,,,,
resume playing right now,resume,en,,,,
vær tavs hurtigt,mute,da,,,,
hurtigt annuller det,cancel,da,,,,
vil du ændre lydstyrken til 0,setVolume,da,0,,,
vær så venlig at slå lyden fra,mute,da,,,,
can you start playing,playDefault,en,,,,
vær stille hurtigt,mute,da,,,,
hurtigt vær stille,mute,da,,,,
sluk musikken hurtigt,stop,da,,,,
back out,cancel,en,,,,
i need you to kill the music,stop,en,,,,
nu normal lyd igen,unmute,da,,,,
vær så venlig at ændre lydstyrken til halvfjerds,setVolume,da,70,,,
would you please play favorite 7,playFavoriteByNumber,en,,,7,
nu ring til mor,unknown,da,,,,
now turn it down by fifteen,volumeDown,en,,15,,
link to the bathroom,joinSpeaker,en,,,,
perfect now,confirm,en,,,,
kindly mute the speaker,mute,en,,,,
go ahead and change the volume to five,setVolume,en,5,,,
spil nummer ni,playFavoriteByNumber,da,,,9,
can you please pause the music,pause,en,,,,
hæv lydstyrken med tyve hurtigt,volumeUp,da,,20,,
can you play The Beatles,playNamed,en,,,,Beatles
yes,confirm,en,,,,
ville du spille videre,resume,da,,,,
follow the dining room,joinSpeaker,en,,,,
må jeg bede dig om at pause musikken,pause,da,,,,
can you join the kitchen,joinSpeaker,en,,,,
leave the group,leaveSpeaker,en,,,,
right away yep,confirm,en,,,,
kunne du afspille favorit nummer 1,playFavoriteByNumber,da,,,1,
put the volume at 40,setVolume,en,40,,,
jeps hurtigt,confirm,da,,,,
må jeg bede dig om at sætte lydstyrken til femogtyve,setVolume,da,25,,,
fjern denne højttaler fra gruppen,leaveSpeaker,da,,,,
wrong right now,cancel,en,,,,
i'd like you to group with the kitchen,joinSpeaker,en,,,,
hvordan staves nødvendig nu,unknown,da,,,,
kan du spille afslapningsmusik,playNamed,da,,,,
hold op nu,stop,da,,,,
hvad er temperaturen udenfor nu,unknown,da,,,,
fortæl mig mine favoritter med det samme,listFavorites,da,,,,
hurtigt luk lyden,mute,da,,,,
quickly cancel the action,cancel,en,,,,
ville du gruppere med soveværelset,joinSpeaker,da,,,,
please play favorite 10,playFavoriteByNumber,en,,,10,
må jeg bede dig om at sætte på lydløs,mute,da,,,,
i need you to put the volume at 80,setVolume,en,80,,,
kunne du spille videre,resume,da,,,,
just let's hear some music,playDefault,en,,,,
kan du venligst spille ambient music,playNamed,da,,,,
kør noget musik nu,playDefault,da,,,,
naw,cancel,en,,,,
merge with the dining room,joinSpeaker,en,,,,
ville du venligst spille med kontoret,joinSpeaker,da,,,,
could you play number nine,playFavoriteByNumber,en,,,9,
i would like you to put on The Voice,playNamed,en,,,,Voice
ville du venligst liste mine favoritter,listFavorites,da,,,,
right now i'd like you to stop playing,stop,en,,,,
list mine presets,listFavorites,da,,,,
how are you,unknown,en,,,,
vær så venlig at starte musikken nu,playDefault,da,,,,
quieter,volumeDown,en,,,,
i'd like you to resume real quick,resume,en,,,,
hurtigt unmute,unmute,da,,,,
could you kindly play with the bathroom,joinSpeaker,en,,,,
favorites list,listFavorites,en,,,,
ok sure,confirm,en,,,,
flip a coin right away,unknown,en,,,,
kindly play number 5,playFavoriteByNumber,en,,,5,
the favorites list real quick,listFavorites,en,,,,
i want you to make it quieter,volumeDown,en,,,,
lige ophæv grupperingen,leaveSpeaker,da,,,,
kindly play BBC Radio 1,playNamed,en,,,,BBC Radio 1
quickly disconnect,leaveSpeaker,en,,,,
med det samme nej,cancel,da,,,,
lige lyd tilbage,unmute,da,,,,
hurtigt afslut musikken,stop,da,,,,
bare jeg har skiftet mening,cancel,da,,,,
turn the audio back on right now,unmute,en,,,,
naturligvis nu,confirm,da,,,,
spil også i ovenpå,joinSpeaker,da,,,,
sluk for det,stop,da,,,,
kindly kill the sound,mute,en,,,,
vær så venlig at mute hurtigt,mute,da,,,,
i want you to stop real quick,stop,en,,,,
could you kindly play number ten,playFavoriteByNumber,en,,,10,
i want you to play with the dining room,joinSpeaker,en,,,,
would you tell me my favorites,listFavorites,en,,,,
great right now,confirm,en,,,,
now unpair this speaker,leaveSpeaker,en,,,,
favourites list,listFavorites,en,,,,
unpause right away,resume,en,,,,
afbryd,cancel,da,,,,
vær så venlig at spille med spisestuen,joinSpeaker,da,,,,
i want you to put on This American Life,playNamed,en,,,,This American Life
vil du venligst fjerne dæmpningen,unmute,da,,,,
just turn up the volume,volumeUp,en,,,,
i'd like you to set volume to 95,setVolume,en,95,,,
turn it down by ten real quick,volumeDown,en,,10,,
now go independent,leaveSpeaker,en,,,,
stop midlertidigt med det samme,pause,da,,,,
right away good,confirm,en,,,,
quickly show favourites,listFavorites,en,,,,
med det samme vær så venlig at hæve lydstyrken,volumeUp,da,,,,
real quick order pizza,unknown,en,,,,
stands sangen nu,stop,da,,,,
lavere med ti,volumeDown,da,,10,,
can you please play electronic,playNamed,en,,,,electronic
læs listen op nu,listFavorites,da,,,,
please change the volume to 20,setVolume,en,20,,,
jeg vil gerne have at du sætte hip hop på,playNamed,da,,,,
quickly disconnect from the speakers,leaveSpeaker,en,,,,
med det samme tilbage til afspilningen,resume,da,,,,
lige pause det,pause,da,,,,
go ahead and keep playing,resume,en,,,,
vær så venlig at afspille musik,playDefault,da,,,,
send en sms til min kone nu,unknown,da,,,,
lige vær så venlig at afspille musik,playDefault,da,,,,
nu ok tak,confirm,da,,,,
jeg bekræfter med det samme,confirm,da,,,,
i would like you to group with the dining room,joinSpeaker,en,,,,
vis mig hvad der er gemt,listFavorites,da,,,,
jow med det samme,confirm,da,,,,
bare skru ned 25,volumeDown,da,,25,,
say something funny,unknown,en,,,,
ville du spille favorit 10,playFavoriteByNumber,da,,,10,
could you play favorite nine,playFavoriteByNumber,en,,,9,
play with the living room,joinSpeaker,en,,,,
right away don't do that,cancel,en,,,,
go ahead and carry on,resume,en,,,,
i'd like you to mute,mute,en,,,,
could you put on Miles Davis,playNamed,en,,,,Miles Davis
tilslut til badeværelset,joinSpeaker,da,,,,
a bit louder right now,volumeUp,en,,,,
start The Voice,playNamed,en,,,,Voice
lige skru op 25,volumeUp,da,,25,,
right now abort the action,cancel,en,,,,
nu mindre lydstyrke,volumeDown,da,,,,
can you group with the bedroom,joinSpeaker,en,,,,
just bring sound back,unmute,en,,,,
skru op 5,volumeUp,da,,5,,
kindly resume,resume,en,,,,
volume up 10,volumeUp,en,,10,,
enig,confirm,da,,,,
med det samme lavere,volumeDown,da,,,,
vent et øjeblik med det samme,pause,da,,,,
med det samme vær så venlig at afspille musik,playDefault,da,,,,
just i want it back on,resume,en,,,,
jeg vil gerne have at du spille med kontoret,joinSpeaker,da,,,,
real quick let's do it,confirm,en,,,,
kan du tilslutte stuen,joinSpeaker,da,,,,
vil du fortælle mig mine favoritter,listFavorites,da,,,,
i'd like you to pause it real quick,pause,en,,,,
right away unmute,unmute,en,,,,
quickly i'd like you to unmute,unmute,en,,,,
show my presets,listFavorites,en,,,,
hurtigt nævn mine favoritter,listFavorites,da,,,,
kindly pause the music,pause,en,,,,
preset 4,playFavoriteByNumber,en,,,4,
i'd like you to mute the speaker,mute,en,,,,
can you please play favorite 8,playFavoriteByNumber,en,,,8,
freeze the music right now,pause,en,,,,
venligst stands musikken,stop,da,,,,
shut it off,stop,en,,,,
real quick back out of that,cancel,en,,,,
crank it up,volumeUp,en,,,,
sure,confirm,en,,,,
how did the lakers do right now,unknown,en,,,,
kunne du venligst forbinde med kælderen,joinSpeaker,da,,,,
bare luk lyden,mute,da,,,,
nu spil mere,resume,da,,,,
turn it down by 5,volumeDown,en,,5,,
unmute the music now,unmute,en,,,,
kan du sætte The Beatles på,playNamed,da,,,,
play along with the basement,joinSpeaker,en,,,,
lige nix,cancel,da,,,,
could you put on morning playlist,playNamed,en,,,,morning playlist
kindly end the music,stop,en,,,,
could you kindly resume,resume,en,,,,
jeg vil gerne have at du spille fest playlisten,playNamed,da,,,,
ville du venligst genoptage,resume,da,,,,
unsync,leaveSpeaker,en,,,,
ikke mere afspilning,stop,da,,,,
sound back on,unmute,en,,,,
i'd like you to put the volume at five,setVolume,en,5,,,
just what's the capital of france,unknown,en,,,,
quieter by twenty-five right now,volumeDown,en,,25,,
real quick turn it up by 15,volumeUp,en,,15,,
vil du venligst ændre lydstyrken til 10,setVolume,da,10,,,
would you play favorite three,playFavoriteByNumber,en,,,3,
kindly group with the bathroom,joinSpeaker,en,,,,
hurtigt ikke gør det der,cancel,da,,,,
could you please put on Mads og Monopolet,playNamed,en,,,,Mads og Monopolet
end the song right now,stop,en,,,,
i'd like you to start playing,playDefault,en,,,,
real quick continue the music,resume,en,,,,
godmorgen hurtigt,unknown,da,,,,
let's hear P7,playNamed,en,,,,P7
hurtigt vis mig hvad der er gemt,listFavorites,da,,,,
vær så venlig at afspille musik med det samme,playDefault,da,,,,
could you please mute the speaker,mute,en,,,,
nu tænd for musikken,unmute,da,,,,
can you please put on klassisk musik,playNamed,en,,,,klassisk musik
bare adskil,leaveSpeaker,da,,,,
nu stil et quizspørgsmål,unknown,da,,,,
ville du venligst afspille Nova FM,playNamed,da,,,,
i would like you to join the upstairs speaker,joinSpeaker,en,,,,
would you please put on The Voice,playNamed,en,,,,Voice
kindly change the volume to 80,setVolume,en,80,,,
tilknyt spisestuen,joinSpeaker,da,,,,
play something,playDefault,en,,,,
vær venlig at dæmpe lyden,mute,da,,,,
would you pause,pause,en,,,,
leave the others right away,leaveSpeaker,en,,,,
could you please play number 4,playFavoriteByNumber,en,,,4,
bare hele favoritlisten,listFavorites,da,,,,
could you kindly change the volume to 75,setVolume,en,75,,,
unlink right away,leaveSpeaker,en,,,,
could you please play favorite nine,playFavoriteByNumber,en,,,9,
cancel now,cancel,en,,,,
i'd like you to disconnect,leaveSpeaker,en,,,,
værsgod nu,confirm,da,,,,
er der breaking news,unknown,da,,,,
could you put on morgenmusik,playNamed,en,,,,morgenmusik
continue playing real quick,resume,en,,,,
skift lydstyrken til 1,setVolume,da,1,,,
can you please list my favorites,listFavorites,en,,,,
i would like you to put on a song,playDefault,en,,,,
skru op 10,volumeUp,da,,10,,
nu vær så venlig at stoppe musikken,stop,da,,,,
luk for lyden,mute,da,,,,
that's right,confirm,en,,,,
med det samme sænk lydstyrken med tredive,volumeDown,da,,30,,
please put the volume at 100,setVolume,en,100,,,
forget that right now,cancel,en,,,,
tilslut med stuen,joinSpeaker,da,,,,
kill the sound right away,mute,en,,,,
would you please play with the dining room,joinSpeaker,en,,,,
mere lyd med det samme,volumeUp,da,,,,
bare sluk lyden,mute,da,,,,
må jeg bede dig om at afspille jazz,playNamed,da,,,,
lydstyrken på 75,setVolume,da,75,,,
nu fint ja,confirm,da,,,,
could you kindly group with the hallway,joinSpeaker,en,,,,
now audio back on,unmute,en,,,,
sæt noget musik på,playDefault,da,,,,
just turn it up by twenty-five,volumeUp,en,,25,,
sænk lydstyrken med fem hurtigt,volumeDown,da,,5,,
right now play,playDefault,en,,,,
vær venlig at forbinde med kælderen,joinSpeaker,da,,,,
ville du venligst skrue op for lyden,volumeUp,da,,,,
alright then,confirm,en,,,,
vil du venligst mute,mute,da,,,,
quickly i want it to stop,stop,en,,,,
right now start playing,playDefault,en,,,,
lower the volume by 20,volumeDown,en,,20,,
nah now,cancel,en,,,,
what's a good recipe for pasta right now,unknown,en,,,,
skift lydstyrken til 50,setVolume,da,50,,,
venligst skru op,volumeUp,da,,,,
sluk for al lyd,mute,da,,,,
could you put on Coldplay,playNamed,en,,,,Coldplay
hvad er mine favoritter hurtigt,listFavorites,da,,,,
set volume to 99,setVolume,en,99,,,
now start playing,playDefault,en,,,,
favourite five,playFavoriteByNumber,en,,,5,
just turn the volume down,volumeDown,en,,,,
bring back the sound right now,unmute,en,,,,
i want you to change the volume to ten,setVolume,en,10,,,
could you kindly play favorite 4,playFavoriteByNumber,en,,,4,
could you group with the upstairs speaker,joinSpeaker,en,,,,
skru op med 10,volumeUp,da,,10,,
could you kindly play favorite three,playFavoriteByNumber,en,,,3,
i want you to play with the upstairs speaker,joinSpeaker,en,,,,
kindly unmute,unmute,en,,,,
could you freeze the music,pause,en,,,,
bare stop den handling,cancel,da,,,,
vær venlig at spille favorit 5,playFavoriteByNumber,da,,,5,
hvad er vejret i dag,unknown,da,,,,
would you mind to change the volume to 45,setVolume,en,45,,,
quickly a bit louder,volumeUp,en,,,,
højere med 10 hurtigt,volumeUp,da,,10,,
venligst forkert,cancel,da,,,,
lavere med femten,volumeDown,da,,15,,
take a break right now,pause,en,,,,
just how far is copenhagen,unknown,en,,,,
jeg vil bede dig om at spille favorit syv,playFavoriteByNumber,da,,,7,
ville du skrue ned,volumeDown,da,,,,
afbryd musikken,pause,da,,,,
frakobl denne højttaler med det samme,leaveSpeaker,da,,,,
jeg vil gerne have at du forbinde med badeværelset,joinSpeaker,da,,,,
now okay,confirm,en,,,,
just pause this,pause,en,,,,
nu ok,confirm,da,,,,
slå lyden fra,mute,da,,,,
ville du frakoble,leaveSpeaker,da,,,,
could you please group with the upstairs speaker,joinSpeaker,en,,,,
lige list mine stationer,listFavorites,da,,,,
skru ned med tyve,volumeDown,da,,20,,
ville du sætte Mads og Monopolet på,playNamed,da,,,,
med det samme stop afspilningen,stop,da,,,,
can you please put on afslapningsmusik,playNamed,en,,,,afslapningsmusik
jeg vil gerne have at du afspille Radio 100,playNamed,da,,,,
bare forlad klyngen,leaveSpeaker,da,,,,
quieter by 15 right away,volumeDown,en,,15,,
spil også i terrassen,joinSpeaker,da,,,,
jeg vil bede dig om at gruppere med kælderen,joinSpeaker,da,,,,
right now go ahead and hold the music,pause,en,,,,
skift mening,cancel,da,,,,
grupper med haven,joinSpeaker,da,,,,
lydløs med det samme,mute,da,,,,
quickly louder by twenty-five,volumeUp,en,,25,,
i need you to put on some music,playDefault,en,,,,
i need you to put the volume at twenty-five,setVolume,en,25,,,
list my presets,listFavorites,en,,,,
i'd like you to play number three,playFavoriteByNumber,en,,,3,
now kill the audio,mute,en,,,,
fortsæt nu,resume,da,,,,
spil nummer 10,playFavoriteByNumber,da,,,10,
real quick i want sound,unmute,en,,,,
quickly no thank you,cancel,en,,,,
please join the office,joinSpeaker,en,,,,
just louder by thirty,volumeUp,en,,30,,
increase volume by 30 real quick,volumeUp,en,,30,,
spil nummer otte,playFavoriteByNumber,da,,,8,
right now go ahead and play something,playDefault,en,,,,
lyd til,unmute,da,,,,
spil alene hurtigt,leaveSpeaker,da,,,,
vil du venligst pause musikken,pause,da,,,,
louder right away,volumeUp,en,,,,
go ahead and join the kitchen,joinSpeaker,en,,,,
kan du sætte på pause,pause,da,,,,
venligst skru ned med tyve,volumeDown,da,,20,,
could you kindly play number 5,playFavoriteByNumber,en,,,5,
fortæl mig hvad der er på listen,listFavorites,da,,,,
skru ned med 15 med det samme,volumeDown,da,,15,,
right away split this speaker off,leaveSpeaker,en,,,,
start favorite six,playFavoriteByNumber,en,,,6,
go ahead and stop,stop,en,,,,
venligst skru lidt ned,volumeDown,da,,,,
lydstyrken på 30,setVolume,da,30,,,
vær så venlig at fjerne lydløs hurtigt,unmute,da,,,,
stop right there,stop,en,,,,
could you please put on Genstart,playNamed,en,,,,Genstart
can you please put the volume at 80,setVolume,en,80,,,
gør det lidt højere,volumeUp,da,,,,
sænk lydstyrken med 20 med det samme,volumeDown,da,,20,,
go ahead and change the volume to eighty,setVolume,en,80,,,
må jeg bede dig om at tilslutte haven,joinSpeaker,da,,,,
right now unmute it,unmute,en,,,,
kunne du indstille lydstyrken til fyrre,setVolume,da,40,,,
kunne du stoppe,stop,da,,,,
would you please play number six,playFavoriteByNumber,en,,,6,
right away what does bonjour mean,unknown,en,,,,
real quick i'd like you to stop,stop,en,,,,
spil igen nu,resume,da,,,,
spil favorit to,playFavoriteByNumber,da,,,2,
bare lad os tage en pause,pause,da,,,,
i would like you to play number 10,playFavoriteByNumber,en,,,10,
right away leave group,leaveSpeaker,en,,,,
i would like you to freeze the music,pause,en,,,,
lige spil solo,leaveSpeaker,da,,,,
please pause,pause,en,,,,
sænk lydstyrken med tyve nu,volumeDown,da,,20,,
would you mind to play number 5,playFavoriteByNumber,en,,,5,
med det samme tilføj æg til min indkøbsliste,unknown,da,,,,
giv mig noget musik med det samme,playDefault,da,,,,
please put on Genstart,playNamed,en,,,,Genstart
i want to hear the Jazz FM,playNamed,en,,,,Jazz FM
audio back on right away,unmute,en,,,,
venligst stop al musik,stop,da,,,,
kunne du venligst afspille favorit nummer 4,playFavoriteByNumber,da,,,4,
could you please put the volume at 99,setVolume,en,99,,,
give me a riddle now,unknown,en,,,,
jeg vil bede dig om at afspille favorit nummer 4,playFavoriteByNumber,da,,,4,
would you mind to set volume to eighty,setVolume,en,80,,,
jeg vil gerne have at du pause,pause,da,,,,
what's saved as a favorite real quick,listFavorites,en,,,,
sæt favorit 2 på,playFavoriteByNumber,da,,,2,
fjern al lyd,mute,da,,,,
right now no don't,cancel,en,,,,
shut it down right away,stop,en,,,,
vil du skrue ned,volumeDown,da,,,,
fint nok med det samme,confirm,da,,,,
remove this speaker,leaveSpeaker,en,,,,
må jeg bede dig om at spille favorit ni,playFavoriteByNumber,da,,,9,
would you please show me my favorites,listFavorites,en,,,,
kunne du venligst spille med badeværelset,joinSpeaker,da,,,,
please resume,resume,en,,,,
kan du afslutte musikken,stop,da,,,,
afsynkroniser højttaleren,leaveSpeaker,da,,,,
stop the audio,stop,en,,,,
please pause it,pause,en,,,,
sæt en timer til ti minutter,unknown,da,,,,
sæt Pink Floyd,playNamed,da,,,,Pink Floyd
tell me a story,unknown,en,,,,
med det samme sæt en timer til ti minutter,unknown,da,,,,
sluk lydløs,unmute,da,,,,
right away silent mode,mute,en,,,,
just tell me what's in favorites,listFavorites,en,,,,
kan du skrue ned,volumeDown,da,,,,
just louder by ten,volumeUp,en,,10,,
start the study music,playNamed,en,,,,study music
hele favoritlisten,listFavorites,da,,,,
bare stands afspilningen,stop,da,,,,
højere med 10,volumeUp,da,,10,,
tilbage til afspilningen,resume,da,,,,
tilslut til haven,joinSpeaker,da,,,,
quickly volume down 20,volumeDown,en,,20,,
right away increase volume,volumeUp,en,,,,
kan du venligst indstille lydstyrken til hundrede,setVolume,da,100,,,
sænk lydstyrken,volumeDown,da,,,,
would you please make it quieter,volumeDown,en,,,,
unmute hurtigt,unmute,da,,,,
kindly lower the volume,volumeDown,en,,,,
real quick audio on,unmute,en,,,,
goodbye,unknown,en,,,,
ophæv mute,unmute,da,,,,
vær så venlig at skrue ned for lyden,volumeDown,da,,,,
hurtigt hold pause,pause,da,,,,
go ahead and ungroup now,leaveSpeaker,en,,,,
go ahead and increase the volume,volumeUp,en,,,,
hvad har jeg på listen,listFavorites,da,,,,
right now what should i eat for dinner,unknown,en,,,,
favorite 3,playFavoriteByNumber,en,,,3,
please carry on,resume,en,,,,
would you please put the volume at 10,setVolume,en,10,,,
just turn it up by 20,volumeUp,en,,20,,
ville du venligst ophæve pausen,resume,da,,,,
correct real quick,confirm,en,,,,
right now disconnect from the others,leaveSpeaker,en,,,,
i would like you to play number 9,playFavoriteByNumber,en,,,9,
right now wrong,cancel,en,,,,
kunne du venligst tilslutte stuen,joinSpeaker,da,,,,
right away unmute everything,unmute,en,,,,
quickly a bit quieter,volumeDown,en,,,,
hurtigt vær så venlig at genoptage,resume,da,,,,
stop nu,stop,da,,,,
stop al lyd,stop,da,,,,
kan du ændre lydstyrken til 85,setVolume,da,85,,,
niveau 15,setVolume,da,15,,,
real quick show me the favorites,listFavorites,en,,,,
må jeg bede dig om at tilslutte kælderen,joinSpeaker,da,,,,
play my favorite ten,playFavoriteByNumber,en,,,10,
skift til lydstyrke firs,setVolume,da,80,,,
just what's on the favourites list,listFavorites,en,,,,
would you keep playing,resume,en,,,,
just go ahead and disconnect,leaveSpeaker,en,,,,
i need you to change the volume to 95,setVolume,en,95,,,
turn it off,stop,en,,,,
now naw,cancel,en,,,,
right away cease playback,stop,en,,,,
softer,volumeDown,en,,,,
lower it,volumeDown,en,,,,
kunne du venligst spille med soveværelset,joinSpeaker,da,,,,
could you join the dining room,joinSpeaker,en,,,,
kunne du spille favorit 2,playFavoriteByNumber,da,,,2,
real quick turn it down by ten,volumeDown,en,,10,,
could you play morgenmusik,playNamed,en,,,,morgenmusik
jeg vil gerne have at du hæve lydstyrken,volumeUp,da,,,,
please increase the volume,volumeUp,en,,,,
real quick bump the volume,volumeUp,en,,,,
right now turn the audio back on,unmute,en,,,,
vær så venlig at afspille Lukas Graham,playNamed,da,,,,
give me some music real quick,playDefault,en,,,,
må jeg bede dig om at indstille lydstyrken til 1,setVolume,da,1,,,
nu glem alt om det,cancel,da,,,,
just crank it up,volumeUp,en,,,,
right now nevermind,cancel,en,,,,
kan du venligst skrue op for lyden,volumeUp,da,,,,
bare netop,confirm,da,,,,
right away audio back on,unmute,en,,,,
right away i want to pause,pause,en,,,,
actually no,cancel,en,,,,
kunne du pause,pause,da,,,,
right away go ahead and silence it,mute,en,,,,
i want you to silence it real quick,mute,en,,,,
i'd like you to play number 10,playFavoriteByNumber,en,,,10,
right now resume playback,resume,en,,,,
i need you to play favorite nine,playFavoriteByNumber,en,,,9,
vær venlig at fjerne lydløs,unmute,da,,,,
would you kill the sound,mute,en,,,,
just what's on my favorites list,listFavorites,en,,,,
start playback real quick,playDefault,en,,,,
right away what day is it,unknown,en,,,,
ville du venligst tænde for lyden,unmute,da,,,,
would you turn it up,volumeUp,en,,,,
go ahead and hold the music right now,pause,en,,,,
would you group with the basement,joinSpeaker,en,,,,
hurtigt sluk afspilningen,stop,da,,,,
ja tak nu,confirm,da,,,,
kunne du pause musikken,pause,da,,,,
turn off the music,stop,en,,,,
i want you to resume,resume,en,,,,
jeg vil gerne have at du mute,mute,da,,,,
lige spil det jeg hørte sidst,playDefault,da,,,,
now make it louder,volumeUp,en,,,,
quickly volume up twenty-five,volumeUp,en,,25,,
let's hear Nova FM,playNamed,en,,,,Nova FM
real quick i want you to resume,resume,en,,,,
bare sæt musikken på pause,pause,da,,,,
skift lydstyrken til 20,setVolume,da,20,,,
right away never mind that,cancel,en,,,,
right now keep playing,resume,en,,,,
ville du venligst afspille P8 Jazz,playNamed,da,,,,
hæv lydstyrken med 20 med det samme,volumeUp,da,,20,,
real quick increase volume by 10,volumeUp,en,,10,,
hurtigt hvilke favoritter er gemt,listFavorites,da,,,,
venligst hvor langt er der til københavn,unknown,da,,,,
right now give me the sound back,unmute,en,,,,
now raise the volume by 15,volumeUp,en,,15,,
jeg vil bede dig om at spille favorit ni,playFavoriteByNumber,da,,,9,
vis listen nu,listFavorites,da,,,,
jeg vil have stilhed med det samme,mute,da,,,,
negativ nu,cancel,da,,,,
bare nix,cancel,da,,,,
hurtigt vær så venlig at ophæve grupperingen,leaveSpeaker,da,,,,
vil du venligst sætte pop på,playNamed,da,,,,
mindre lyd med det samme,volumeDown,da,,,,
med det samme sænk lydstyrken med femogtyve,volumeDown,da,,25,,
real quick cancel that,cancel,en,,,,
yeah now,confirm,en,,,,
no thank you now,cancel,en,,,,
ville du sætte Taylor Swift på,playNamed,da,,,,
raise the volume by 25 right away,volumeUp,en,,25,,
right now that is right,confirm,en,,,,
would you mind to put the volume at fifty,setVolume,en,50,,,
ville du venligst gruppere med spisestuen,joinSpeaker,da,,,,
venligst lidt musik tak,playDefault,da,,,,
nu kommer der sne i weekenden,unknown,da,,,,
hvilke favoritter er der med det samme,listFavorites,da,,,,
synkroniser med haven,joinSpeaker,da,,,,
mute,mute,both,,,,
i would like you to start playing,playDefault,en,,,,
stil et quizspørgsmål,unknown,da,,,,
just play some music,playDefault,en,,,,
what stations do i have,listFavorites,en,,,,
could you please freeze the music,pause,en,,,,
spil videre nu,resume,da,,,,
quickly play solo,leaveSpeaker,en,,,,
klart det nu,confirm,da,,,,
kunne du venligst holde pause,pause,da,,,,
bare lavere med 15,volumeDown,da,,15,,
tilbage til normal lyd hurtigt,unmute,da,,,,
list mine favoritter med det samme,listFavorites,da,,,,
jeg vil gerne have at du vise mine favoritter,listFavorites,da,,,,
i want you to resume the music,resume,en,,,,
right away continue,resume,en,,,,
quickly pause playback,pause,en,,,,
sluk for lydløs,unmute,da,,,,
now unmute the music,unmute,en,,,,
hæv lydstyrken med 15 hurtigt,volumeUp,da,,15,,
would you please set volume to twenty,setVolume,en,20,,,
jeg vil gerne have at du læse mine favoritter op,listFavorites,da,,,,
med det samme pause musikken,pause,da,,,,
i need you to unmute real quick,unmute,en,,,,
could you kindly make it louder,volumeUp,en,,,,
tænd for musikken,unmute,da,,,,
no more music right away,stop,en,,,,
put on music now,playDefault,en,,,,
can you tell me my favorites,listFavorites,en,,,,
ville du fjerne lydløs,unmute,da,,,,
right now a bit louder,volumeUp,en,,,,
med det samme træk tilbage,cancel,da,,,,
forbind med kælderen,joinSpeaker,da,,,,
leave the speakers right now,leaveSpeaker,en,,,,
now pause it,pause,en,,,,
tilslut til entréen,joinSpeaker,da,,,,
go ahead and put on a song,playDefault,en,,,,
i want volume zero,setVolume,en,0,,,
tilknyt haven,joinSpeaker,da,,,,
kunne du venligst sætte Radio 100 på,playNamed,da,,,,
bare læs mine favoritter op,listFavorites,da,,,,
now explain quantum physics,unknown,en,,,,
afspil noget med det samme,playDefault,da,,,,
nu hvornår er det solnedgang,unknown,da,,,,
ville du venligst tilslutte haven,joinSpeaker,da,,,,
venligst tænd for højttaleren,unmute,da,,,,
can you play number seven,playFavoriteByNumber,en,,,7,
bare ja,confirm,da,,,,
i would like you to mute,mute,en,,,,
ville du venligst indstille lydstyrken til 20,setVolume,da,20,,,
kan du spille Pink Floyd,playNamed,da,,,,
real quick what presets do i have,listFavorites,en,,,,
vær så venlig at pause med det samme,pause,da,,,,
more volume,volumeUp,en,,,,
please play number two,playFavoriteByNumber,en,,,2,
go ahead and pause the music,pause,en,,,,
kunne du slukke for musikken,stop,da,,,,
now of course,confirm,en,,,,
just quieter by 30,volumeDown,en,,30,,
ville du sætte Coldplay på,playNamed,da,,,,
good,confirm,en,,,,
what favorites do i have,listFavorites,en,,,,
let's not,cancel,en,,,,
go ahead and increase the volume right now,volumeUp,en,,,,
right away i would like you to unpause,resume,en,,,,
hæv lydstyrken med 15,volumeUp,da,,15,,
hurtigt lav en pause,pause,da,,,,
ville du venligst ændre lydstyrken til 95,setVolume,da,95,,,
go ahead and resume now,resume,en,,,,
can you play favorite 2,playFavoriteByNumber,en,,,2,
wrong,cancel,en,,,,
med det samme stop midlertidigt,pause,da,,,,
læs mine favoritter op hurtigt,listFavorites,da,,,,
bare start noget,playDefault,da,,,,
lige skru op med 5,volumeUp,da,,5,,
jeg vil gerne høre musik,playDefault,da,,,,
would you please put the volume at twenty-five,setVolume,en,25,,,
now which favourites do i have,listFavorites,en,,,,
spil min favorit 9,playFavoriteByNumber,da,,,9,
ville du venligst forbinde med kælderen,joinSpeaker,da,,,,
i want to listen to music,playDefault,en,,,,
med det samme sæt det på pause,pause,da,,,,
now go ahead and restore the sound,unmute,en,,,,
would you set volume to 15,setVolume,en,15,,,
please put on a song,playDefault,en,,,,
med det samme mindre lydstyrke,volumeDown,da,,,,
yes please do,confirm,en,,,,
i want you to show me my favorites,listFavorites,en,,,,
directions to the airport right away,unknown,en,,,,
right away sure why not,confirm,en,,,,
ville du spille med køkkenet,joinSpeaker,da,,,,
ville du venligst skrue op,volumeUp,da,,,,
lidt musik tak,playDefault,da,,,,
ville du venligst sætte på pause,pause,da,,,,
ok,confirm,both,,,,
få mig til at grine hurtigt,unknown,da,,,,
now turn it down by five,volumeDown,en,,5,,
lige lad os gøre det,confirm,da,,,,
vil du forlade gruppen,leaveSpeaker,da,,,,
hurtigt ophæv pause,resume,da,,,,
kunne du afspille jazz,playNamed,da,,,,
put on some music,playDefault,en,,,,
make it so right away,confirm,en,,,,
vær venlig at afspille musik,playDefault,da,,,,
nu skru op 10,volumeUp,da,,10,,
go ahead and kill the music,stop,en,,,,
nope real quick,cancel,en,,,,
sænk lydstyrken med fem,volumeDown,da,,5,,
i need you to group with the upstairs speaker,joinSpeaker,en,,,,
jeg vil bede dig om at sætte på pause,pause,da,,,,
i want to pause right now,pause,en,,,,
sænk lydstyrken med 30 nu,volumeDown,da,,30,,
nu skru op med 25,volumeUp,da,,25,,
go ahead and play Miles Davis,playNamed,en,,,,Miles Davis
be quiet right away,mute,en,,,,
good night now,unknown,en,,,,
real quick that's not right,cancel,en,,,,
louder by 5 real quick,volumeUp,en,,5,,
tilføj terrassen,joinSpeaker,da,,,,
kan du venligst spille videre,resume,da,,,,
vil du spille favorit et,playFavoriteByNumber,da,,,1,
vil du afspille favorit nummer syv,playFavoriteByNumber,da,,,7,
sænk lydstyrken med 5,volumeDown,da,,5,,
kan du venligst afspille The Beatles,playNamed,da,,,,
værsgo med det samme,confirm,da,,,,
kan du venligst gruppere med køkkenet,joinSpeaker,da,,,,
resume the track,resume,en,,,,
freeze playback right now,pause,en,,,,
would you mind to stop playing,stop,en,,,,
må jeg bede dig om at spille favorit 2,playFavoriteByNumber,da,,,2,
just lift the mute,unmute,en,,,,
throw on some tunes,playDefault,en,,,,
real quick i want you to start playing,playDefault,en,,,,
fjern mig fra gruppen,leaveSpeaker,da,,,,
jeg vil gerne have at du skrue ned,volumeDown,da,,,,
would you mind to put on some music,playDefault,en,,,,
i need you to mute the speaker,mute,en,,,,
resume playback,resume,en,,,,
back out of that real quick,cancel,en,,,,
ville du pause,pause,da,,,,
ja lad os nu,confirm,da,,,,
kindly kill the music,stop,en,,,,
i want sound real quick,unmute,en,,,,
would you play number six,playFavoriteByNumber,en,,,6,
hold the song,pause,en,,,,
jeg vil bede dig om at stoppe afspilningen,stop,da,,,,
play Coldplay,playNamed,en,,,,Coldplay
nu forlad højttalerne,leaveSpeaker,da,,,,
i'd like you to keep playing real quick,resume,en,,,,
lydstyrken på femoghalvfjerds,setVolume,da,75,,,
ikke mere afspilning hurtigt,stop,da,,,,
sænk lydstyrken med femogtyve med det samme,volumeDown,da,,25,,
venligst skru op 15,volumeUp,da,,15,,
just sound on,unmute,en,,,,
venligst glem alt om det,cancel,da,,,,
stop den,stop,da,,,,
venligst sæt den på pause,pause,da,,,,
just i'd like you to play music,playDefault,en,,,,
kan du venligst stoppe afspilningen,stop,da,,,,
i want volume 90,setVolume,en,90,,,
cancel that,cancel,en,,,,
volume up twenty,volumeUp,en,,20,,
just abort that,cancel,en,,,,
would you mind to stop,stop,en,,,,
real quick hold on,pause,en,,,,
med det samme vent et øjeblik,pause,da,,,,
annuller det,cancel,da,,,,
nope right now,cancel,en,,,,
venligst giv mig lyden tilbage,unmute,da,,,,
would you set volume to 0,setVolume,en,0,,,
can you pause the music,pause,en,,,,
quickly go ahead and resume the music,resume,en,,,,
play music now,playDefault,en,,,,
would you unpause,resume,en,,,,
can you play number 8,playFavoriteByNumber,en,,,8,
med det samme start musikken,playDefault,da,,,,
hurtigt fjern dæmpningen,unmute,da,,,,
quickly keep the music going,resume,en,,,,
sing a song right away,unknown,en,,,,
vil du venligst tilslutte soveværelset,joinSpeaker,da,,,,
resume right away,resume,en,,,,
må jeg bede dig om at spille noget,playDefault,da,,,,
back to playing,resume,en,,,,
link with the hallway,joinSpeaker,en,,,,
venligst i orden,confirm,da,,,,
quickly go ahead and stop playing,stop,en,,,,
could you play number 4,playFavoriteByNumber,en,,,4,
just great,confirm,en,,,,
bare fjern pause,resume,da,,,,
afspil favorit to,playFavoriteByNumber,da,,,2,
right away nah,cancel,en,,,,
venligst skru op med 30,volumeUp,da,,30,,
cut the audio,mute,en,,,,
disconnect now,leaveSpeaker,en,,,,
volume to 55,setVolume,en,55,,,
join the group with the office,joinSpeaker,en,,,,
carry on playing now,resume,en,,,,
what's on the favorites list,listFavorites,en,,,,
giv mig lyden tilbage med det samme,unmute,da,,,,
please play favorite 3,playFavoriteByNumber,en,,,3,
ville du spille favorit fire,playFavoriteByNumber,da,,,4,
volume up thirty right now,volumeUp,en,,30,,
right away stop the song,stop,en,,,,
just start playing again,resume,en,,,,
can you please group with the garden,joinSpeaker,en,,,,
vær så venlig at holde pause med det samme,pause,da,,,,
i want you to pause the music,pause,en,,,,
lige ophæv gruppen,leaveSpeaker,da,,,,
vil du venligst ændre lydstyrken til halvtreds,setVolume,da,50,,,
put the volume at 15,setVolume,en,15,,,
bare jeg vil pause,pause,da,,,,
træk tilbage med det samme,cancel,da,,,,
no,cancel,en,,,,
indeed,confirm,en,,,,
now quieter by twenty,volumeDown,en,,20,,
quickly i confirm,confirm,en,,,,
skru op 20 hurtigt,volumeUp,da,,20,,
jeg vil gerne have at du spille med ovenpå,joinSpeaker,da,,,,
skru op 30,volumeUp,da,,30,,
go ahead and join the hallway,joinSpeaker,en,,,,
lyd til med det samme,unmute,da,,,,
real quick shut up,mute,en,,,,
right now lower the volume by 20,volumeDown,en,,20,,
frakobl,leaveSpeaker,da,,,,
nu stop det der,cancel,da,,,,
quickly i want you to play music,playDefault,en,,,,
connect with the kitchen,joinSpeaker,en,,,,
vær så venlig at starte musikken,playDefault,da,,,,
vil du venligst hæve lydstyrken,volumeUp,da,,,,
spil igen,resume,da,,,,
jeg vil bede dig om at afspille musik,playDefault,da,,,,
kan du pause afspilningen,pause,da,,,,
vær så venlig at fortsætte musikken,resume,da,,,,
frakobl fra gruppen hurtigt,leaveSpeaker,da,,,,
bare stop synkronisering,leaveSpeaker,da,,,,
jeg vil gerne have at du spille favorit ti,playFavoriteByNumber,da,,,10,
i need you to put the volume at seventy,setVolume,en,70,,,
turn it up by 20,volumeUp,en,,20,,
not this time now,cancel,en,,,,
list favorites right now,listFavorites,en,,,,
kan du afspille ambient music,playNamed,da,,,,
skru op med tyve hurtigt,volumeUp,da,,20,,
do you sleep,unknown,en,,,,
would you please end the music,stop,en,,,,
would you mind to resume,resume,en,,,,
i would like you to play with the dining room,joinSpeaker,en,,,,
vær venlig at afspille favorit nummer tre,playFavoriteByNumber,da,,,3,
lige mindre volumen,volumeDown,da,,,,
a bit quieter now,volumeDown,en,,,,
lad os tage en pause,pause,da,,,,
what's on my favorites list,listFavorites,en,,,,
bare fjern dæmpningen,unmute,da,,,,
of course,confirm,en,,,,
med det samme tænd lyden,unmute,da,,,,
kunne du spille The Daily,playNamed,da,,,,
kindly play number eight,playFavoriteByNumber,en,,,8,
indstil termostaten til toogtyve grader hurtigt,unknown,da,,,,
vær så venlig at tænde lyden igen,unmute,da,,,,
kan du venligst spille med terrassen,joinSpeaker,da,,,,
link to the basement,joinSpeaker,en,,,,
would you please play number three,playFavoriteByNumber,en,,,3,
just separate the speaker,leaveSpeaker,en,,,,
i would like you to play number 8,playFavoriteByNumber,en,,,8,
would you please lower the volume,volumeDown,en,,,,
med det samme fortsæt musikken,resume,da,,,,
nu lyder godt,confirm,da,,,,
can you mute,mute,en,,,,
afbryd kort,pause,da,,,,
let's play chess real quick,unknown,en,,,,
just play the usual,playDefault,en,,,,
set a timer for ten minutes,unknown,en,,,,
just cancel it,cancel,en,,,,
play anything right now,playDefault,en,,,,
lige mere lydstyrke,volumeUp,da,,,,
halt it now,pause,en,,,,
bare fjern lyden,mute,da,,,,
hurtigt skru op med ti,volumeUp,da,,10,,
ville du venligst afspille study music,playNamed,da,,,,
har jeg nogen nye beskeder,unknown,da,,,,
stop med det samme hurtigt,stop,da,,,,
kunne du venligst spille favorit fem,playFavoriteByNumber,da,,,5,
afbryd forbindelsen hurtigt,leaveSpeaker,da,,,,
slå på lydløs nu,mute,da,,,,
change volume to 50,setVolume,en,50,,,
name my favorites,listFavorites,en,,,,
ville du sætte P8 Jazz på,playNamed,da,,,,
sluk afspilningen hurtigt,stop,da,,,,
vil du ophæve pausen,resume,da,,,,
right now do you sleep,unknown,en,,,,
could you kindly unpause,resume,en,,,,
lige sluk lydløs,unmute,da,,,,
right away i want you to disconnect,leaveSpeaker,en,,,,
ville du venligst sætte lydstyrken til 75,setVolume,da,75,,,
could you please play number four,playFavoriteByNumber,en,,,4,
quickly pick it back up,resume,en,,,,
bare nok musik,stop,da,,,,
skru ned 15,volumeDown,da,,15,,
jeg vil bede dig om at fortsætte musikken,resume,da,,,,
put on the Radio 24syv,playNamed,en,,,,Radio 24syv
må jeg bede dig om at spille med kontoret,joinSpeaker,da,,,,
turn off the music now,stop,en,,,,
hurtigt skru ned 10,volumeDown,da,,10,,
bekræftet,confirm,da,,,,
skru op for musikken,volumeUp,da,,,,
list favorites now,listFavorites,en,,,,
kindly continue,resume,en,,,,
play in the hallway too,joinSpeaker,en,,,,
venligst jeg vil have lyden tilbage,unmute,da,,,,
real quick turn up the volume,volumeUp,en,,,,
bare tænd for lyden,unmute,da,,,,
kunne du venligst mute,mute,da,,,,
i would like you to put on rolig musik,playNamed,en,,,,rolig musik
now go alone,leaveSpeaker,en,,,,
i would like you to put the volume at seventy,setVolume,en,70,,,
venligst lavere,volumeDown,da,,,,
i need you to make it louder,volumeUp,en,,,,
hurtigt gør det lidt lavere,volumeDown,da,,,,
which favorites are saved,listFavorites,en,,,,
nu ja gør det,confirm,da,,,,
could you mute,mute,en,,,,
would you please freeze the music,pause,en,,,,
could you make it louder,volumeUp,en,,,,
tak nu,unknown,da,,,,
now no thank you,cancel,en,,,,
just let it play,resume,en,,,,
that's enough,stop,en,,,,
can you play Pop FM,playNamed,en,,,,Pop FM
hurtigt luk for musikken,mute,da,,,,
fjern dæmpning hurtigt,unmute,da,,,,
vær venlig at adskille højttaleren,leaveSpeaker,da,,,,
right away volume up 30,volumeUp,en,,30,,
right now play my usual,playDefault,en,,,,
i would like you to change the volume to forty,setVolume,en,40,,,
kunne du spille The Beatles,playNamed,da,,,,
stop sharing,leaveSpeaker,en,,,,
now restore the audio,unmute,en,,,,
could you restore the sound,unmute,en,,,,
right away i need you to resume,resume,en,,,,
ville du sætte lydstyrken til 15,setVolume,da,15,,,
sæt højttaleren på lydløs nu,mute,da,,,,
vil du venligst gruppere med soveværelset,joinSpeaker,da,,,,
lige tavs,mute,da,,,,
play favorite nine,playFavoriteByNumber,en,,,9,
could you please play This American Life,playNamed,en,,,,This American Life
fortsæt sangen,resume,da,,,,
real quick cease the music,stop,en,,,,
annuller det hurtigt,cancel,da,,,,
shut it down right now,stop,en,,,,
nu spil noget musik,playDefault,da,,,,
kunne du ændre lydstyrken til 10,setVolume,da,10,,,
lige absolut,confirm,da,,,,
volume down twenty now,volumeDown,en,,20,,
right now volume up 25,volumeUp,en,,25,,
could you kindly play number seven,playFavoriteByNumber,en,,,7,
nu vær så venlig at skrue ned,volumeDown,da,,,,
synkroniser til entréen,joinSpeaker,da,,,,
can you play favorite six,playFavoriteByNumber,en,,,6,
i need you to play with the upstairs speaker,joinSpeaker,en,,,,
go ahead and play with the dining room,joinSpeaker,en,,,,
kunne du stoppe afspilningen,stop,da,,,,
kindly increase the volume,volumeUp,en,,,,
now a bit lower,volumeDown,en,,,,
vil du venligst afspille study music,playNamed,da,,,,
read the favorites right away,listFavorites,en,,,,
can you please group with the bedroom,joinSpeaker,en,,,,
quickly play whatever was on,playDefault,en,,,,
real quick put on music,playDefault,en,,,,
continue the music real quick,resume,en,,,,
del fra gruppen nu,leaveSpeaker,da,,,,
med det samme perfekt,confirm,da,,,,
vær så venlig at skrue ned,volumeDown,da,,,,
exactly right,confirm,en,,,,
kan du venligst sætte lydstyrken til 30,setVolume,da,30,,,
less volume real quick,volumeDown,en,,,,
tilbage til musikken nu,resume,da,,,,
could you please change the volume to 35,setVolume,en,35,,,
vær venlig at spille pop,playNamed,da,,,,
hurtigt adskil højttaleren,leaveSpeaker,da,,,,
fjern lyden med det samme,mute,da,,,,
venligst min favoritliste,listFavorites,da,,,,
turn off the audio real quick,stop,en,,,,
i need a pause,pause,en,,,,
quickly show my favourites,listFavorites,en,,,,
bare godt,confirm,da,,,,
med det samme skru lidt ned,volumeDown,da,,,,
right now how did the lakers do,unknown,en,,,,
i'd like you to pause right now,pause,en,,,,
favorit syv,playFavoriteByNumber,da,,,7,
ville du gøre det højere,volumeUp,da,,,,
right now remove from group,leaveSpeaker,en,,,,
real quick turn it up by 30,volumeUp,en,,30,,
preset 8,playFavoriteByNumber,en,,,8,
right away play music,playDefault,en,,,,
real quick i want you to unpause,resume,en,,,,
real quick wait a second,pause,en,,,,
audio off,mute,en,,,,
lavere med fem,volumeDown,da,,5,,
kunne du venligst gruppere med soveværelset,joinSpeaker,da,,,,
real quick get back to it,resume,en,,,,
put the volume at sixty,setVolume,en,60,,,
forlad gruppen,leaveSpeaker,da,,,,
hurtigt hvad er hovedstaden i frankrig,unknown,da,,,,
would you please set volume to 65,setVolume,en,65,,,
afbryd fra gruppen,leaveSpeaker,da,,,,
yeah sure real quick,confirm,en,,,,
sync to the office,joinSpeaker,en,,,,
kan du venligst ophæve pausen,resume,da,,,,
vil du spille jazz,playNamed,da,,,,
vil du sætte lydstyrken til fyrre,setVolume,da,40,,,
join with the bedroom,joinSpeaker,en,,,,
could you please put the volume at 65,setVolume,en,65,,,
med det samme fint,confirm,da,,,,
vær venlig at indstille lydstyrken til tres,setVolume,da,60,,,
leave the group right away,leaveSpeaker,en,,,,
ya real quick,confirm,en,,,,
vil du venligst spille musik,playDefault,da,,,,
freeze it real quick,pause,en,,,,
turn it down by fifteen real quick,volumeDown,en,,15,,
disconnect right now,leaveSpeaker,en,,,,
vil du ændre lydstyrken til halvfems,setVolume,da,90,,,
bestil pizza,unknown,da,,,,
må jeg bede dig om at afspille favorit nummer syv,playFavoriteByNumber,da,,,7,
kan du venligst afspille favorit nummer 5,playFavoriteByNumber,da,,,5,
kunne du venligst sætte The Voice på,playNamed,da,,,,
turn the music off,stop,en,,,,
bare regner det i morgen,unknown,da,,,,
right now what stations are saved,listFavorites,en,,,,
hurtigt hvordan har du det,unknown,da,,,,
volume level 70,setVolume,en,70,,,
kan du venligst spille med haven,joinSpeaker,da,,,,
absolutely yes,confirm,en,,,,
hvem vandt i går,unknown,da,,,,
vil du venligst fortælle mig mine favoritter,listFavorites,da,,,,
tell me what's in favorites,listFavorites,en,,,,
give me the sound back right now,unmute,en,,,,
venligst forlad,leaveSpeaker,da,,,,
lige stands sangen,stop,da,,,,
turn off the heating real quick,unknown,en,,,,
nu højere med 15,volumeUp,da,,15,,
would you please kill the sound,mute,en,,,,
would you please silence it,mute,en,,,,
play favorite three,playFavoriteByNumber,en,,,3,
raise the volume by 5,volumeUp,en,,5,,
kindly put on a song,playDefault,en,,,,
kunne du venligst vise mine favoritter,listFavorites,da,,,,
skru op med femten,volumeUp,da,,15,,
jeg elsker dig,unknown,da,,,,
i want you to unmute real quick,unmute,en,,,,
normal lyd igen,unmute,da,,,,
lydstyrke 40,setVolume,da,40,,,
tilslut med soveværelset,joinSpeaker,da,,,,
turn it down by 5 right away,volumeDown,en,,5,,
real quick halt playback,pause,en,,,,
kindly stop the music,stop,en,,,,
play some music,playDefault,en,,,,
kan du sætte BBC Radio 1 på,playNamed,da,,,,
quickly never mind,cancel,en,,,,
convert ten dollars to euros,unknown,en,,,,
now no that's wrong,cancel,en,,,,
kunne du venligst spille noget,playDefault,da,,,,
nu mere lyd,volumeUp,da,,,,
lavere med 30 med det samme,volumeDown,da,,30,,
can you please put on a song,playDefault,en,,,,
vær tavs nu,mute,da,,,,
real quick mute everything,mute,en,,,,
med det samme afslut sangen,stop,da,,,,
med det samme hvad er nyhederne,unknown,da,,,,
right now take a break,pause,en,,,,
vær venlig at spille favorit fire,playFavoriteByNumber,da,,,4,
ville du indstille lydstyrken til 75,setVolume,da,75,,,
vil du venligst starte musikken,playDefault,da,,,,
vil du gruppere med entréen,joinSpeaker,da,,,,
right away i want silence,mute,en,,,,
venligst list mine presets,listFavorites,da,,,,
quickly i want you to stop,stop,en,,,,
would you please play favorite three,playFavoriteByNumber,en,,,3,
hvor er mine nøgler,unknown,da,,,,
right away volume down twenty-five,volumeDown,en,,25,,
kunne du venligst tænde for lyden,unmute,da,,,,
go ahead and continue,resume,en,,,,
jeg vil bede dig om at stoppe musikken,stop,da,,,,
spil kun her,leaveSpeaker,da,,,,
more volume right now,volumeUp,en,,,,
ok tak,confirm,da,,,,
vent et sekund nu,pause,da,,,,
hurtigt ophæv mute,unmute,da,,,,
afspil favorit nummer et,playFavoriteByNumber,da,,,1,
would you mind to set volume to thirty,setVolume,en,30,,,
bare fjern fra gruppen,leaveSpeaker,da,,,,
kan du venligst adskille højttaleren,leaveSpeaker,da,,,,
real quick i confirm,confirm,en,,,,
skru ned med 15 nu,volumeDown,da,,15,,
ikke alligevel med det samme,cancel,da,,,,
i need you to resume now,resume,en,,,,
right now i want sound back,unmute,en,,,,
nu lavere med 10,volumeDown,da,,10,,
lad os gøre det hurtigt,confirm,da,,,,
now when is sunset,unknown,en,,,,
vil du venligst spille Lukas Graham,playNamed,da,,,,
can you disconnect,leaveSpeaker,en,,,,
send en sms til min kone,unknown,da,,,,
kunne du venligst afspille hip hop,playNamed,da,,,,
perfect,confirm,en,,,,
turn the audio back on,unmute,en,,,,
jeg vil gerne have at du afspille favorit nummer 10,playFavoriteByNumber,da,,,10,
venligst højere med tredive,volumeUp,da,,30,,
just turn it down by twenty,volumeDown,en,,20,,
bare ja sikkert,confirm,da,,,,
i want silence,stop,en,,,,
lad musikken køre videre,resume,da,,,,
preset ten,playFavoriteByNumber,en,,,10,
right away roll a dice,unknown,en,,,,
jeg vil bede dig om at indstille lydstyrken til 75,setVolume,da,75,,,
order pizza right now,unknown,en,,,,
would you mind to unpause,resume,en,,,,
real quick forget it,cancel,en,,,,
louder by 10 right away,volumeUp,en,,10,,
real quick tell me a story,unknown,en,,,,
hvilke favoritter er gemt hurtigt,listFavorites,da,,,,
right now turn off the speaker,stop,en,,,,
bare spil bare her,leaveSpeaker,da,,,,
now continue,resume,en,,,,
play favourite four,playFavoriteByNumber,en,,,4,
lige højere med femogtyve,volumeUp,da,,25,,
ville du venligst fortsætte musikken,resume,da,,,,
just quieter by 10,volumeDown,en,,10,,
kunne du ændre lydstyrken til fyrre,setVolume,da,40,,,
kommer der sne i weekenden,unknown,da,,,,
go ahead and unpause,resume,en,,,,
favorit nummer otte,playFavoriteByNumber,da,,,8,
play preset 2,playFavoriteByNumber,en,,,2,
quickly restore audio,unmute,en,,,,
sluk afspilningen,stop,da,,,,
real quick fine yes,confirm,en,,,,
just lower the volume,volumeDown,en,,,,
play whatever you want,playDefault,en,,,,
play music,playDefault,en,,,,
please read out my favorites,listFavorites,en,,,,
kindly play rock,playNamed,en,,,,rock
i would like you to change the volume to 65,setVolume,en,65,,,
would you mind to resume the music,resume,en,,,,
lige vær så venlig at sænke lydstyrken,volumeDown,da,,,,
can you please play number seven,playFavoriteByNumber,en,,,7,
kunne du venligst slukke for musikken,stop,da,,,,
hurtigt vær så venlig at pause afspilningen,pause,da,,,,
can you put on Daft Punk,playNamed,en,,,,Daft Punk
jeg vil gerne have at du spille videre,resume,da,,,,
genoptag nummeret,resume,da,,,,
bare fortryd det,cancel,da,,,,
restore the audio right away,unmute,en,,,,
kan du ophæve grupperingen,leaveSpeaker,da,,,,
stop lydløs nu,unmute,da,,,,
that's correct right now,confirm,en,,,,
jeg vil bede dig om at tilslutte spisestuen,joinSpeaker,da,,,,
med det samme jeg vil have musikken tilbage,resume,da,,,,
just begin the music,playDefault,en,,,,
kan du afspille NPR,playNamed,da,,,,
just volume down 15,volumeDown,en,,15,,
fine by me,confirm,en,,,,
kunne du venligst spille videre,resume,da,,,,
lige vær så venlig at frakoble,leaveSpeaker,da,,,,
drop the sound real quick,mute,en,,,,
genoptag nummeret med det samme,resume,da,,,,
få mig til at grine nu,unknown,da,,,,
kan du indstille lydstyrken til 65,setVolume,da,65,,,
kan du sætte klassisk musik på,playNamed,da,,,,
kunne du afspille favorit nummer 5,playFavoriteByNumber,da,,,5,
right away unpause it,resume,en,,,,
med det samme stop musikken,stop,da,,,,
spille med stuen,joinSpeaker,da,,,,
real quick forget about it,cancel,en,,,,
kunne du afspille P4,playNamed,da,,,,
what are my favourites real quick,listFavorites,en,,,,
a bit louder,volumeUp,en,,,,
start musikken med det samme,playDefault,da,,,,
i want to hear the Miles Davis,playNamed,en,,,,Miles Davis
hurtigt nej tak,cancel,da,,,,
venligst tag tråden op igen,resume,da,,,,
could you kindly play favorite 2,playFavoriteByNumber,en,,,2,
nej tak hurtigt,cancel,da,,,,
adskil dig,leaveSpeaker,da,,,,
real quick play again,resume,en,,,,
bare lavere med tredive,volumeDown,da,,30,,
favourite six,playFavoriteByNumber,en,,,6,
vil du sætte lydstyrken til hundrede,setVolume,da,100,,,
kan du venligst ændre lydstyrken til 55,setVolume,da,55,,,
can you turn it down,volumeDown,en,,,,
vær venlig at spille med ovenpå,joinSpeaker,da,,,,
med det samme skru op med tredive,volumeUp,da,,30,,
now do that,confirm,en,,,,
restore audio right now,unmute,en,,,,
nu sænk lydstyrken med tyve,volumeDown,da,,20,,
bump the volume,volumeUp,en,,,,
put on favorite 8,playFavoriteByNumber,en,,,8,
faktisk nej,cancel,da,,,,
unmute the speaker,unmute,en,,,,
could you bring back the sound,unmute,en,,,,
kunne du venligst spille favorit 5,playFavoriteByNumber,da,,,5,
ville du sænke lydstyrken,volumeDown,da,,,,
lige hvad har jeg gemt,listFavorites,da,,,,
jeg vil bede dig om at spille favorit 3,playFavoriteByNumber,da,,,3,
hvad er tolv gange otte,unknown,da,,,,
hæv lydstyrken med fem nu,volumeUp,da,,5,,
right now i love you,unknown,en,,,,
vær så venlig at tilslutte stuen,joinSpeaker,da,,,,
fortsæt med musikken med det samme,playDefault,da,,,,
lige nej det er forkert,cancel,da,,,,
split from the group right away,leaveSpeaker,en,,,,
just no more playing,stop,en,,,,
real quick go ahead and pause it,pause,en,,,,
i want you to play something real quick,playDefault,en,,,,
spil This American Life for mig,playNamed,da,,,,This American Life for mig
now i need you to stop,stop,en,,,,
lige luk for musikken,mute,da,,,,
nu ja tak,confirm,da,,,,
ville du indstille lydstyrken til nul,setVolume,da,0,,,
i'd like you to set volume to 5,setVolume,en,5,,,
kunne du spille favorit 9,playFavoriteByNumber,da,,,9,
please turn it up,volumeUp,en,,,,
right away i'd like you to carry on,resume,en,,,,
directions to the airport,unknown,en,,,,
turn down the volume right away,volumeDown,en,,,,
vær venlig at fjerne dæmpningen,unmute,da,,,,
bestil pizza hurtigt,unknown,da,,,,
would you please change the volume to ninety,setVolume,en,90,,,
må jeg bede dig om at afspille klassisk musik,playNamed,da,,,,
right now i want silence,stop,en,,,,
vil du mute,mute,da,,,,
quickly are you a robot,unknown,en,,,,
højere med femten,volumeUp,da,,15,,
now start the music,playDefault,en,,,,
right now disconnect,leaveSpeaker,en,,,,
continue playing,resume,en,,,,
just turn it up by fifteen,volumeUp,en,,15,,
continue right away,resume,en,,,,
yes please,confirm,en,,,,
lige vent et øjeblik,pause,da,,,,
vær så venlig at spille classical,playNamed,da,,,,
med det samme genoptag,resume,da,,,,
hold pause nu,pause,da,,,,
i need you to pause it right now,pause,en,,,,
godmorgen,unknown,da,,,,
åbn garageporten,unknown,da,,,,
kan du afspille Kim Larsen,playNamed,da,,,,
play my usual right now,playDefault,en,,,,
hvor langt er der til københavn med det samme,unknown,da,,,,
læs favoritterne op,listFavorites,da,,,,
i would like you to pause real quick,pause,en,,,,
pause,pause,both,,,,
vil du ændre lydstyrken til 70,setVolume,da,70,,,
right away leave the group,leaveSpeaker,en,,,,
play solo right away,leaveSpeaker,en,,,,
begin the music,playDefault,en,,,,
could you kindly freeze the music,pause,en,,,,
go independent,leaveSpeaker,en,,,,
what does bonjour mean real quick,unknown,en,,,,
tilføj æg til min indkøbsliste,unknown,da,,,,
play in the patio too,joinSpeaker,en,,,,
venligst afslut lydløs,unmute,da,,,,
find a restaurant nearby,unknown,en,,,,
right now go ahead and restore the sound,unmute,en,,,,
ikke alligevel nu,cancel,da,,,,
could you please tell me my favorites,listFavorites,en,,,,
right now i would like you to mute,mute,en,,,,
kunne du sætte lydstyrken til tredive,setVolume,da,30,,,
ville du afspille Miles Davis,playNamed,da,,,,
afsynkroniser,leaveSpeaker,da,,,,
kunne du venligst gøre det højere,volumeUp,da,,,,
would you mind to play with the office,joinSpeaker,en,,,,
må jeg bede dig om at tænde for lyden,unmute,da,,,,
lige skru op for det,volumeUp,da,,,,
sounds great,confirm,en,,,,
jeg vil gerne have at du indstille lydstyrken til fem,setVolume,da,5,,,
would you resume the music,resume,en,,,,
kindly play with the hallway,joinSpeaker,en,,,,
kan du venligst hæve lydstyrken,volumeUp,da,,,,
quickly raise the volume by 30,volumeUp,en,,30,,
now go ahead and make it louder,volumeUp,en,,,,
kunne du venligst ændre lydstyrken til 40,setVolume,da,40,,,
kan du venligst afspille favorit nummer 7,playFavoriteByNumber,da,,,7,
right now list favorites,listFavorites,en,,,,
would you mind to pause it,pause,en,,,,
afslut musikken med det samme,stop,da,,,,
kan du spille study music,playNamed,da,,,,
i would like you to set volume to 15,setVolume,en,15,,,
vær så venlig at fjerne lydløs,unmute,da,,,,
bare lidt højere,volumeUp,da,,,,
i want you to play jazz,playNamed,en,,,,jazz
afbryd forbindelsen til gruppen,leaveSpeaker,da,,,,
jeg vil bede dig om at spille favorit 1,playFavoriteByNumber,da,,,1,
play my 1 favorite,playFavoriteByNumber,en,,,1,
spil noget nu,playDefault,da,,,,
not now,cancel,en,,,,
gør det med det samme,confirm,da,,,,
nu lyder rigtigt,confirm,da,,,,
play right away,playDefault,en,,,,
yes now,confirm,en,,,,
hvor er min telefon,unknown,da,,,,
quickly separate this speaker,leaveSpeaker,en,,,,
skru lidt ned med det samme,volumeDown,da,,,,
lige enig,confirm,da,,,,
who made you,unknown,en,,,,
hurtigt jow,confirm,da,,,,
now increase the volume,volumeUp,en,,,,
give me sound back,unmute,en,,,,
lige midlertidig stop,pause,da,,,,
quickly volume down 30,volumeDown,en,,30,,
kindly play The Beatles,playNamed,en,,,,Beatles
jeg vil bede dig om at afspille favorit nummer 6,playFavoriteByNumber,da,,,6,
sover du,unknown,da,,,,
i need you to carry on,resume,en,,,,
can you play something,playDefault,en,,,,
real quick do not do that,cancel,en,,,,
that is correct,confirm,en,,,,
turn the volume down,volumeDown,en,,,,
hold the music right now,pause,en,,,,
right away proceed,confirm,en,,,,
now lower the volume by 5,volumeDown,en,,5,,
restore the sound,unmute,en,,,,
resume all,resumeAll,en,,,,
i need you to up the volume all,volumeUpAll,en,,,,
i need you to make everywhere stop,stopAll,en,,,,
hey freeze everything,pauseAll,en,,,,
now raise the volume everywhere,volumeUpAll,en,,,,
vær venlig at øg volumen alt,volumeUpAll,da,,,,
hurtigt øg lydstyrken alting,volumeUpAll,da,,,,
hey pause all speakers,pauseAll,en,,,,
i need you to decrease the volume everything,volumeDownAll,en,,,,
i want you to kill audio all,stopAll,en,,,,
skru ned alting 5,volumeDownAll,da,,5,,
now bring it down everywhere,volumeDownAll,en,,,,
vær venlig at skru op overalt,volumeUpAll,da,,,,
go ahead and stop all the music,stopAll,en,,,,
quickly up the volume everywhere,volumeUpAll,en,,,,
slå lyden til overalt,unmuteAll,da,,,,
hurtigt afslut alt,stopAll,da,,,,
gå og luk ned alting,stopAll,da,,,,
go ahead and lower all,volumeDownAll,en,,,,
jeg vil have at du slå alle til,unmuteAll,da,,,,
nu skru op 25 alle,volumeUpAll,da,,25,,
vær venlig at sluk for alt,stopAll,da,,,,
skru op overalt 25,volumeUpAll,da,,25,,
right now continue everything,resumeAll,en,,,,
quickly crank it up everything,volumeUpAll,en,,,,
nu skru ned overalt 25,volumeDownAll,da,,25,,
quickly turn audio back on everything,unmuteAll,en,,,,
i want you to get all playing again,resumeAll,en,,,,
slå overalt fra,muteAll,da,,,,
hey increase volume everywhere,volumeUpAll,en,,,,
go ahead and lower volume all 5,volumeDownAll,en,,5,,
restore audio all,unmuteAll,en,,,,
go ahead and silence everywhere,stopAll,en,,,,
bare skru ned 10 alle,volumeDownAll,da,,10,,
just make everything audible again,unmuteAll,en,,,,
right now start all again,resumeAll,en,,,,
i need you to raise volume all 30,volumeUpAll,en,,30,,
play on everything,resumeAll,en,,,,
skru ned 5 alle,volumeDownAll,da,,5,,
jeg vil have at du lydfri alt,muteAll,da,,,,
sænk lydstyrken alt med 20,volumeDownAll,da,,20,,
i need you to make it louder all,volumeUpAll,en,,,,
i need you to carry on all,resumeAll,en,,,,
fortsæt alting,resumeAll,da,,,,
go ahead and continue playing everything,resumeAll,en,,,,
quickly carry on all,resumeAll,en,,,,
bare gør alle stille,muteAll,da,,,,
pause all tracks,pauseAll,en,,,,
go ahead and bring music back all,unmuteAll,en,,,,
i want you to resume all speakers,resumeAll,en,,,,
please let it play all,resumeAll,en,,,,
quickly volume down everywhere by 20,volumeDownAll,en,,20,,
i want you to quieter by 10 everything,volumeDownAll,en,,10,,
nu sæt alt på pause,pauseAll,da,,,,
quickly hush everything,muteAll,en,,,,
raise volume everything 10,volumeUpAll,en,,10,,
vær venlig at giv lyden tilbage alt,unmuteAll,da,,,,
just go silent everywhere,muteAll,en,,,,
go ahead and pause all the music,pauseAll,en,,,,
hey unpause all,resumeAll,en,,,,
right now end everything,stopAll,en,,,,
quickly up the volume everything 5,volumeUpAll,en,,5,,
please everywhere unmute,unmuteAll,en,,,,
hey stop everything,stopAll,en,,,,
nu lad alt spille,resumeAll,da,,,,
i want you to shut up everywhere,muteAll,en,,,,
i want you to boost volume everywhere,volumeUpAll,en,,,,
please volume up everywhere by 15,volumeUpAll,en,,15,,
right now louder all,volumeUpAll,en,,,,
vær venlig at stop alle højttalerne,stopAll,da,,,,
venligst lydløs overalt,muteAll,da,,,,
i need you to unmute all,unmuteAll,en,,,,
right now kill all,stopAll,en,,,,
right now un-mute everything,unmuteAll,en,,,,
bring music back everything,unmuteAll,en,,,,
now i need you to pause all,pauseAll,en,,,,
øg lydstyrken alt med 10,volumeUpAll,da,,10,,
i want you to continue playing everywhere,resumeAll,en,,,,
skru op for alting med 15,volumeUpAll,da,,15,,
lyd igen alt,unmuteAll,da,,,,
go ahead and switch off everywhere,stopAll,en,,,,
i want you to up the volume all 20,volumeUpAll,en,,20,,
genoptag musikken alt,resumeAll,da,,,,
bare deaktiver lyd alting,muteAll,da,,,,
hey restore audio everywhere,unmuteAll,en,,,,
pause musikken alting,pauseAll,da,,,,
hold pause alle,pauseAll,da,,,,
jeg vil have at du skru ned 10 alt,volumeDownAll,da,,10,,
vær venlig at roligere alting,volumeDownAll,da,,,,
jeg vil have at du videre alt,resumeAll,da,,,,
just lower volume all 30,volumeDownAll,en,,30,,
lower volume everywhere 10,volumeDownAll,en,,10,,
vær venlig at kill lyden alting,stopAll,da,,,,
vær venlig at alle tavs,muteAll,da,,,,
i want you to make everything silent,muteAll,en,,,,
bare tænd for lyden alt,unmuteAll,da,,,,
now lower volume everything 15,volumeDownAll,en,,15,,
just pause the music everywhere,pauseAll,en,,,,
kan du afspil alle højttalerne,resumeAll,da,,,,
hurtigt sluk overalt,stopAll,da,,,,
gå og tænd for lyden alle,unmuteAll,da,,,,
frys alt,pauseAll,da,,,,
luk overalt,stopAll,da,,,,
hold all,pauseAll,en,,,,
vær venlig at hold overalt,pauseAll,da,,,,
please unpause everywhere,resumeAll,en,,,,
quickly bring back the sound everywhere,unmuteAll,en,,,,
hey turn it down everything 20,volumeDownAll,en,,20,,
bare slå lyden fra alt,muteAll,da,,,,
skru ned 25 overalt,volumeDownAll,da,,25,,
gør alle stille,muteAll,da,,,,
go ahead and stop playing everywhere,stopAll,en,,,,
nu afslut al afspilning,stopAll,da,,,,
just continue playing everything,resumeAll,en,,,,
skru højere alting,volumeUpAll,da,,,,
now go silent all,muteAll,en,,,,
bare overalt tavs,muteAll,da,,,,
nu stop alt sammen,stopAll,da,,,,
go ahead and more volume everywhere,volumeUpAll,en,,,,
kan du gør det højere overalt,volumeUpAll,da,,,,
jeg vil have at du stop for alt,stopAll,da,,,,
gør lydstyrken højere alle,volumeUpAll,da,,,,
i want you to raise volume all,volumeUpAll,en,,,,
jeg vil have at du fortsæt overalt,resumeAll,da,,,,
hurtigt slå alt fra,muteAll,da,,,,
bare hold alt,pauseAll,da,,,,
hurtigt skru ned for alle med 10,volumeDownAll,da,,10,,
right now audio on everywhere,unmuteAll,en,,,,
kan du sænk lydstyrken overalt med 10,volumeDownAll,da,,10,,
i need you to freeze all,pauseAll,en,,,,
stille alting,muteAll,da,,,,
quickly make everywhere silent,muteAll,en,,,,
can you all volume up,volumeUpAll,en,,,,
bare tavs for overalt,muteAll,da,,,,
jeg vil have at du skru op for alting med 30,volumeUpAll,da,,30,,
go ahead and halt everywhere,stopAll,en,,,,
jeg vil have at du skru op 25 alt,volumeUpAll,da,,25,,
nu lyd på alting,unmuteAll,da,,,,
hurtigt pause alt samen,pauseAll,da,,,,
quickly everything play,resumeAll,en,,,,
right now pause every speaker,pauseAll,en,,,,
bare lydfri alting,muteAll,da,,,,
go ahead and raise volume all 25,volumeUpAll,en,,25,,
venligst højere alting med 30,volumeUpAll,da,,30,,
kan du sæt al afspilning på pause,pauseAll,da,,,,
sluk lyden alt,muteAll,da,,,,
hurtigt sæt lyden til overalt,unmuteAll,da,,,,
pause all speakers,pauseAll,en,,,,
vær venlig at øg lydstyrken alt med 15,volumeUpAll,da,,15,,
just everywhere stop,stopAll,en,,,,
gå og sluk for alle,stopAll,da,,,,
hurtigt tavs for alting,muteAll,da,,,,
deaktiver lyd alt,muteAll,da,,,,
now crank it up all,volumeUpAll,en,,,,
stille alle,muteAll,da,,,,
can you turn the sound back on everything,unmuteAll,en,,,,
i want you to stop all of them,stopAll,en,,,,
go quiet all,muteAll,en,,,,
nu højere alt,volumeUpAll,da,,,,
now no audio all,muteAll,en,,,,
gå og kill lyden alting,stopAll,da,,,,
go ahead and stop the music all,stopAll,en,,,,
please down the volume all 5,volumeDownAll,en,,5,,
just start everywhere again,resumeAll,en,,,,
vær venlig at pause musikken alt,pauseAll,da,,,,
go ahead and louder by 25 all,volumeUpAll,en,,25,,
now hush all,muteAll,en,,,,
can you put everything on hold,pauseAll,en,,,,
gå og øg lydstyrken alt,volumeUpAll,da,,,,
venligst sluk lyden overalt,muteAll,da,,,,
go ahead and make all stop,stopAll,en,,,,
please go quiet everything,muteAll,en,,,,
go ahead and quiet everywhere,muteAll,en,,,,
hurtigt lydløs overalt,muteAll,da,,,,
hey louder by 30 everything,volumeUpAll,en,,30,,
quickly volume down everywhere by 15,volumeDownAll,en,,15,,
i want you to boost volume everything,volumeUpAll,en,,,,
afspil alt,resumeAll,da,,,,
nu skru ned for alle med 15,volumeDownAll,da,,15,,
lower volume everything 5,volumeDownAll,en,,5,,
vær venlig at alle lyd til,unmuteAll,da,,,,
bare skru ned alt,volumeDownAll,da,,,,
skru ned alle 10,volumeDownAll,da,,10,,
roligere alting,volumeDownAll,da,,,,
sæt alt på pause,pauseAll,da,,,,
slå lyden fra overalt,muteAll,da,,,,
nu stop musikken alt,stopAll,da,,,,
lyd til alt,unmuteAll,da,,,,
go ahead and bring back the sound everywhere,unmuteAll,en,,,,
hey kill the music everywhere,stopAll,en,,,,
gå og skru højere alting,volumeUpAll,da,,,,
hurtigt roligere alt,volumeDownAll,da,,,,
vær venlig at gør lydstyrken højere alting,volumeUpAll,da,,,,
start afspilning overalt,resumeAll,da,,,,
right now hit pause on everything,pauseAll,en,,,,
quickly mute everything playing,muteAll,en,,,,
i want you to unsilence everywhere,unmuteAll,en,,,,
gå og lyd igen alting,unmuteAll,da,,,,
nu højere alt med 10,volumeUpAll,da,,10,,
quiet everything,muteAll,en,,,,
volume down all 10,volumeDownAll,en,,10,,
i want you to press pause all,pauseAll,en,,,,
venligst sluk alt,stopAll,da,,,,
quickly press pause all,pauseAll,en,,,,
bare alle pause,pauseAll,da,,,,
stands al musik,stopAll,da,,,,
go ahead and put it all on pause,pauseAll,en,,,,
now raise volume everything 5,volumeUpAll,en,,5,,
go ahead and everything unmute,unmuteAll,en,,,,
go ahead and stop the whole lot,stopAll,en,,,,
nu lydfri alle,muteAll,da,,,,
louder everything by 15,volumeUpAll,en,,15,,
hurtigt lyd på alle,unmuteAll,da,,,,
sænk lydstyrken alting med 10,volumeDownAll,da,,10,,
please louder everywhere,volumeUpAll,en,,,,
jeg vil have at du genoptag musikken alting,resumeAll,da,,,,
kan du pause alle afspillere,pauseAll,da,,,,
jeg vil have at du højere overalt med 5,volumeUpAll,da,,5,,
kan du alt højere,volumeUpAll,da,,,,
venligst lyd op overalt,unmuteAll,da,,,,
right now stop all,stopAll,en,,,,
i need you to hush everywhere,muteAll,en,,,,
quickly resume all playback,resumeAll,en,,,,
just audio on all,unmuteAll,en,,,,
can you stop every device,stopAll,en,,,,
sound on everything,unmuteAll,en,,,,
venligst skru højere alting,volumeUpAll,da,,,,
up the volume everything 10,volumeUpAll,en,,10,,
quickly resume sound everywhere,unmuteAll,en,,,,
sæt alle på pause,pauseAll,da,,,,
stop afspilningen overalt,stopAll,da,,,,
gå og afspil alting,resumeAll,da,,,,
vær venlig at sænk lydstyrken alle med 15,volumeDownAll,da,,15,,
just everything resume,resumeAll,en,,,,
skru ned overalt 30,volumeDownAll,da,,30,,
kan du alting lavere,volumeDownAll,da,,,,
quickly make all silent,muteAll,en,,,,
louder by 5 everything,volumeUpAll,en,,5,,
quickly let it play everywhere,resumeAll,en,,,,
sæt lyden til overalt,unmuteAll,da,,,,
quickly turn down the volume everywhere,volumeDownAll,en,,,,
spil alting,resumeAll,da,,,,
quickly stop every device,stopAll,en,,,,
bare kill lyden alle,stopAll,da,,,,
can you stop the whole lot,stopAll,en,,,,
slå al lyd til,unmuteAll,da,,,,
quieter by 5 everything,volumeDownAll,en,,5,,
gør lydstyrken lavere alle,volumeDownAll,da,,,,
jeg vil have at du stop alt sammen,stopAll,da,,,,
please reduce volume all,volumeDownAll,en,,,,
now louder all,volumeUpAll,en,,,,
go ahead and all mute,muteAll,en,,,,
tavs alt,muteAll,da,,,,
quickly shut up everything,muteAll,en,,,,
i need you to make everywhere audible again,unmuteAll,en,,,,
please hold everything,pauseAll,en,,,,
hurtigt lavere alt med 15,volumeDownAll,da,,15,,
i want you to no audio everything,muteAll,en,,,,
hey sound on all,unmuteAll,en,,,,
i want you to i need you to pause all,pauseAll,en,,,,
right now stop playing everywhere,stopAll,en,,,,
venligst sæt alt i gang igen,resumeAll,da,,,,
kan du lavere alle,volumeDownAll,da,,,,
hurtigt genoptag afspilning overalt,resumeAll,da,,,,
quickly sound on everywhere,unmuteAll,en,,,,
i want you to raise volume all 5,volumeUpAll,en,,5,,
tænd for lyden alting,unmuteAll,da,,,,
i need you to mute all of them,muteAll,en,,,,
vær venlig at tænd for lyd alt,unmuteAll,da,,,,
bare skru højere overalt,volumeUpAll,da,,,,
just pause right now everywhere,pauseAll,en,,,,
pick up everywhere,resumeAll,en,,,,
just end all music,stopAll,en,,,,
make all silent,muteAll,en,,,,
hurtigt lyd igen overalt,unmuteAll,da,,,,
i want you to louder everywhere by 20,volumeUpAll,en,,20,,
vær venlig at øg lydstyrken alt med 5,volumeUpAll,da,,5,,
right now turn it up everywhere 5,volumeUpAll,en,,5,,
afspil alle,resumeAll,da,,,,
nu giv lyden tilbage alt,unmuteAll,da,,,,
quickly volume up all 30,volumeUpAll,en,,30,,
nu skru ned for lyden alting,volumeDownAll,da,,,,
skru ned 5 overalt,volumeDownAll,da,,5,,
go ahead and stop all speakers,stopAll,en,,,,
vær venlig at skru ned 25 alle,volumeDownAll,da,,25,,
slå lyden fra for alting,muteAll,da,,,,
more volume all,volumeUpAll,en,,,,
sæt lyden til alting,unmuteAll,da,,,,
just quiet everywhere,muteAll,en,,,,
mute everywhere,muteAll,en,,,,
bare skru op overalt 30,volumeUpAll,da,,30,,
jeg vil have at du skru ned for alting med 5,volumeDownAll,da,,5,,
now kill all,stopAll,en,,,,
quickly turn it up everything 10,volumeUpAll,en,,10,,
skru ned 5 alt,volumeDownAll,da,,5,,
can you enable sound everything,unmuteAll,en,,,,
now pick up all,resumeAll,en,,,,
lydstyrke op overalt,volumeUpAll,da,,,,
halt everywhere,stopAll,en,,,,
gå og stop alt sammen,stopAll,da,,,,
sæt lyden til alt,unmuteAll,da,,,,
tænd for lyd alle,unmuteAll,da,,,,
reduce volume all,volumeDownAll,en,,,,
vær venlig at sænk volumen overalt,volumeDownAll,da,,,,
start alting igen,resumeAll,da,,,,
genoptag alt,resumeAll,da,,,,
gå og afspil alt musik,resumeAll,da,,,,
fra for alle,muteAll,da,,,,
i need you to all volume down,volumeDownAll,en,,,,
bare skru op alt 25,volumeUpAll,da,,25,,
stands musikken alting,stopAll,da,,,,
go ahead and quieter by 15 everything,volumeDownAll,en,,15,,
skru højere overalt,volumeUpAll,da,,,,
start afspilning alting,resumeAll,da,,,,
hurtigt skru ned for alt,volumeDownAll,da,,,,
hey stop every speaker,stopAll,en,,,,
i want you to bring music back everything,unmuteAll,en,,,,
vær venlig at skru op alt,volumeUpAll,da,,,,
nu sænk volumen alt,volumeDownAll,da,,,,
switch off everywhere,stopAll,en,,,,
nu giv al lyd tilbage,unmuteAll,da,,,,
hey put everything on pause,pauseAll,en,,,,
kan du pause alt musik,pauseAll,da,,,,
venligst slå lyden til alting,unmuteAll,da,,,,
please quieter everything by 5,volumeDownAll,en,,5,,
right now decrease volume everything,volumeDownAll,en,,,,
nu genoptag musikken alting,resumeAll,da,,,,
lyd op alt,unmuteAll,da,,,,
go ahead and continue all music,resumeAll,en,,,,
i need you to switch off all,stopAll,en,,,,
kan du skru ned for alt med 10,volumeDownAll,da,,10,,
freeze everywhere,pauseAll,en,,,,
skru ned for lyden overalt,volumeDownAll,da,,,,
skru ned for alle,volumeDownAll,da,,,,
lower volume everywhere,volumeDownAll,en,,,,
volume up everything by 30,volumeUpAll,en,,30,,
genoptag musikken alle,resumeAll,da,,,,
venligst tænd lyden alt,unmuteAll,da,,,,
just cut the sound all,stopAll,en,,,,
now pause the whole thing,pauseAll,en,,,,
i need you to stop the whole lot,stopAll,en,,,,
can you restart music everything,resumeAll,en,,,,
go ahead and lower volume everywhere 20,volumeDownAll,en,,20,,
vær venlig at slå alt fra,muteAll,da,,,,
go ahead and start everything again,resumeAll,en,,,,
fortsæt alle,resumeAll,da,,,,
bare sæt lyden til alting,unmuteAll,da,,,,
gå og sluk for al musik,stopAll,da,,,,
slå lyden fra alle,muteAll,da,,,,
skru ned for overalt med 15,volumeDownAll,da,,15,,
kan du højere overalt med 25,volumeUpAll,da,,25,,
just quieter by 10 everything,volumeDownAll,en,,10,,
vær venlig at øg lydstyrken alting med 15,volumeUpAll,da,,15,,
hey everywhere louder,volumeUpAll,en,,,,
now get everything playing again,resumeAll,en,,,,
unpause all,resumeAll,en,,,,
i want you to stop all speakers,stopAll,en,,,,
can you louder by 30 everywhere,volumeUpAll,en,,30,,
go ahead and pause right now all,pauseAll,en,,,,
bare øg lydstyrken alt med 25,volumeUpAll,da,,25,,
just turn off sound all,muteAll,en,,,,
can you restore sound all,unmuteAll,en,,,,
quickly pause all tracks,pauseAll,en,,,,
nu mindre lyd overalt,volumeDownAll,da,,,,
just lower volume everywhere,volumeDownAll,en,,,,
nu genoptag musikken overalt,resumeAll,da,,,,
bare stop kortvarigt alting,pauseAll,da,,,,
hurtigt spil videre alting,resumeAll,da,,,,
vær venlig at skru ned alle,volumeDownAll,da,,,,
can you turn up the volume everywhere,volumeUpAll,en,,,,
right now go silent everything,muteAll,en,,,,
right now quieter all by 10,volumeDownAll,en,,10,,
hey turn it up everywhere,volumeUpAll,en,,,,
jeg vil have at du slå alt fra,muteAll,da,,,,
please quieter by 25 everything,volumeDownAll,en,,25,,
nu gør lydstyrken højere alt,volumeUpAll,da,,,,
please get the sound back everything,unmuteAll,en,,,,
tænd for lyden alt,unmuteAll,da,,,,
vær venlig at alting tavs,muteAll,da,,,,
quickly volume down everything 10,volumeDownAll,en,,10,,
i want everything to stop,stopAll,en,,,,
just stop every device,stopAll,en,,,,
right now higher volume everywhere,volumeUpAll,en,,,,
can you higher volume everywhere,volumeUpAll,en,,,,
sænk lydstyrken alle med 20,volumeDownAll,da,,20,,
i need you to turn it down everywhere 25,volumeDownAll,en,,25,,
nu mere lyd alt,volumeUpAll,da,,,,
just lower volume all 5,volumeDownAll,en,,5,,
hey volume down all,volumeDownAll,en,,,,
volume up everything by 5,volumeUpAll,en,,5,,
nu slå alt til,unmuteAll,da,,,,
skru op alt 15,volumeUpAll,da,,15,,
vær venlig at skru ned overalt 30,volumeDownAll,da,,30,,
right now stop all tracks,stopAll,en,,,,
please all quiet everything,muteAll,en,,,,
right now turn audio back on all,unmuteAll,en,,,,
nu pause alle enheder,pauseAll,da,,,,
can you quieter all by 15,volumeDownAll,en,,15,,
i want you to volume up everywhere by 20,volumeUpAll,en,,20,,
now restore audio everywhere,unmuteAll,en,,,,
vær venlig at start afspilning alting,resumeAll,da,,,,
now put everywhere on pause,pauseAll,en,,,,
i want you to bring music back all,unmuteAll,en,,,,
bare sluk for alle højttalerne,stopAll,da,,,,
kan du pause alle højttalerne,pauseAll,da,,,,
get the sound back all,unmuteAll,en,,,,
lyd op alting,volumeUpAll,da,,,,
hurtigt lyd op alle,volumeUpAll,da,,,,
hurtigt skru ned alt,volumeDownAll,da,,,,
right now stop all playback,stopAll,en,,,,
right now quieter everywhere by 30,volumeDownAll,en,,30,,
stands musikken alle,stopAll,da,,,,
i need you to cut the audio everything,stopAll,en,,,,
can you volume down all 5,volumeDownAll,en,,5,,
i want you to up the volume all 25,volumeUpAll,en,,25,,
stop right now all,stopAll,en,,,,
hurtigt til for alle,unmuteAll,da,,,,
hey hold everything,pauseAll,en,,,,
jeg vil have at du slå al lyd til,unmuteAll,da,,,,
volume down everything 10,volumeDownAll,en,,10,,
quickly lower volume everything 30,volumeDownAll,en,,30,,
i want you to stop right now all,stopAll,en,,,,
can you make everywhere stop,stopAll,en,,,,
quickly reduce volume everywhere,volumeDownAll,en,,,,
nu alt lyd til,unmuteAll,da,,,,
just pause all tracks,pauseAll,en,,,,
jeg vil have at du tænd for lyden alting,unmuteAll,da,,,,
i need you to un-mute everywhere,unmuteAll,en,,,,
nu slå lyden til alt,unmuteAll,da,,,,
bare lyd op alle,unmuteAll,da,,,,
hurtigt stop overalt,stopAll,da,,,,
vær venlig at skru op alting 15,volumeUpAll,da,,15,,
sluk alt,stopAll,da,,,,
gå og sluk for lyden alt,muteAll,da,,,,
vær venlig at deaktiver lyd alting,muteAll,da,,,,
now un-mute all,unmuteAll,en,,,,
afslut alle,stopAll,da,,,,
mute everything playing,muteAll,en,,,,
tænd lyden alt,unmuteAll,da,,,,
quickly end all music,stopAll,en,,,,
vær venlig at lyd til alle,unmuteAll,da,,,,
bare stop musikken alt,stopAll,da,,,,
hey everything quieter,volumeDownAll,en,,,,
please raise the volume everything,volumeUpAll,en,,,,
hurtigt kill lyden alle,stopAll,da,,,,
increase volume everything,volumeUpAll,en,,,,
lyd til alting,unmuteAll,da,,,,
venligst slå alt til,unmuteAll,da,,,,
lyd til overalt,unmuteAll,da,,,,
now cut the sound everywhere,muteAll,en,,,,
go ahead and volume up everywhere by 10,volumeUpAll,en,,10,,
i want you to audio on everything,unmuteAll,en,,,,
please stop briefly everywhere,pauseAll,en,,,,
gå og sæt lyden til alle,unmuteAll,da,,,,
kan du lyd igen alt,unmuteAll,da,,,,
gør lydstyrken højere alting,volumeUpAll,da,,,,
jeg vil have at du sæt al afspilning på pause,pauseAll,da,,,,
gør det højere alt,volumeUpAll,da,,,,
quickly quieter all by 15,volumeDownAll,en,,15,,
right now turn off sound everything,muteAll,en,,,,
volume up everything 15,volumeUpAll,en,,15,,
venligst øg volumen alt,volumeUpAll,da,,,,
quickly turn up the volume everywhere,volumeUpAll,en,,,,
øg volumen alle,volumeUpAll,da,,,,
stop afspilningen alting,stopAll,da,,,,
hurtigt lavere alting,volumeDownAll,da,,,,
i want you to up the volume everything,volumeUpAll,en,,,,
just louder everything by 10,volumeUpAll,en,,10,,
hurtigt stille alting,muteAll,da,,,,
now disable sound everything,muteAll,en,,,,
stands alle,stopAll,da,,,,
resume sound all,unmuteAll,en,,,,
softer everywhere,volumeDownAll,en,,,,
now up the volume everywhere 10,volumeUpAll,en,,10,,
bare skru op 20 alt,volumeUpAll,da,,20,,
kan du gør alting stille,muteAll,da,,,,
vær venlig at sluk alt,stopAll,da,,,,
i want you to stop all the music,stopAll,en,,,,
nu tavs overalt,muteAll,da,,,,
just abort everywhere,stopAll,en,,,,
kan du tænd lyden alt,unmuteAll,da,,,,
hurtigt start afspilning alting,resumeAll,da,,,,
go ahead and start everywhere again,resumeAll,en,,,,
just raise volume all 5,volumeUpAll,en,,5,,
stop the music everything,stopAll,en,,,,
now all quiet everywhere,muteAll,en,,,,
shut up all,muteAll,en,,,,
spil videre alle,resumeAll,da,,,,
please sound on everything,unmuteAll,en,,,,
skru op 10 alt,volumeUpAll,da,,10,,
vær venlig at skru ned 30 alting,volumeDownAll,da,,30,,
quickly lower volume everywhere 30,volumeDownAll,en,,30,,
hurtigt skru op alt,volumeUpAll,da,,,,
now unmute all speakers,unmuteAll,en,,,,
please bring back the sound everywhere,unmuteAll,en,,,,
can you more volume everywhere,volumeUpAll,en,,,,
hurtigt skru op alting 5,volumeUpAll,da,,5,,
can you turn audio back on everything,unmuteAll,en,,,,
now mute all speakers,muteAll,en,,,,
nu skru ned 30 alt,volumeDownAll,da,,30,,
lad alle spille,resumeAll,da,,,,
gå og skru ned 30 alting,volumeDownAll,da,,30,,
i want you to volume up everything by 25,volumeUpAll,en,,25,,
nu aktiver lyd alting,unmuteAll,da,,,,
kan du sæt det hele i gang igen,resumeAll,da,,,,
kill the sound everywhere,muteAll,en,,,,
just volume down everything 20,volumeDownAll,en,,20,,
nu pause musikken alt,pauseAll,da,,,,
venligst ingen lyd alle,muteAll,da,,,,
quieter by 5 everywhere,volumeDownAll,en,,5,,
start everything again,resumeAll,en,,,,
bare sænk lydstyrken alt med 5,volumeDownAll,da,,5,,
go ahead and press pause everywhere,pauseAll,en,,,,
hurtigt slå alting fra,muteAll,da,,,,
i need you to louder everything,volumeUpAll,en,,,,
right now pause the whole thing,pauseAll,en,,,,
venligst sæt lyden til alting,unmuteAll,da,,,,
gå og sæt det hele i gang igen,resumeAll,da,,,,
skru op alt 10,volumeUpAll,da,,10,,
sænk volumen alt,volumeDownAll,da,,,,
jeg vil have at du lydløs alle,muteAll,da,,,,
i want you to unmute all speakers,unmuteAll,en,,,,
vær venlig at sæt alt i gang igen,resumeAll,da,,,,
quickly volume up everywhere 5,volumeUpAll,en,,5,,
now no audio everywhere,muteAll,en,,,,
bare gør det højere alt,volumeUpAll,da,,,,
jeg vil have at du stop afspilningen alle,stopAll,da,,,,
stop playing all,stopAll,en,,,,
quickly louder by 5 all,volumeUpAll,en,,5,,
nu alting lyd til,unmuteAll,da,,,,
lavere alt med 5,volumeDownAll,da,,5,,
bare skru op for alle med 20,volumeUpAll,da,,20,,
nu alle stop,stopAll,da,,,,
right now volume up all 5,volumeUpAll,en,,5,,
please carry on everywhere,resumeAll,en,,,,
hurtigt spil alle,resumeAll,da,,,,
please raise volume all,volumeUpAll,en,,,,
hurtigt alt højere,volumeUpAll,da,,,,
i need you to quieter by 30 all,volumeDownAll,en,,30,,
right now turn up the volume everything,volumeUpAll,en,,,,
kan du lydstyrke op alle,volumeUpAll,da,,,,
quickly pause all devices,pauseAll,en,,,,
i want you to halt all,stopAll,en,,,,
i need you to up the volume everything,volumeUpAll,en,,,,
kan du sænk lydstyrken alting med 30,volumeDownAll,da,,30,,
just stop the whole lot,stopAll,en,,,,
hurtigt lad alting spille,resumeAll,da,,,,
venligst tavs overalt,muteAll,da,,,,
crank it up everything,volumeUpAll,en,,,,
resume all music,resumeAll,en,,,,
hurtigt afspil alt igen,resumeAll,da,,,,
jeg vil have at du slå lyden til for alt,unmuteAll,da,,,,
gør alt stille,muteAll,da,,,,
stop every speaker,stopAll,en,,,,
kan du tænd for lyden alting,unmuteAll,da,,,,
nu stop musikken overalt,stopAll,da,,,,
bare tænd lyden alle,unmuteAll,da,,,,
down the volume everywhere,volumeDownAll,en,,,,
down the volume everything,volumeDownAll,en,,,,
go ahead and hit pause on all,pauseAll,en,,,,
jeg vil have at du lavere alle med 20,volumeDownAll,da,,20,,
nu skru op for overalt med 15,volumeUpAll,da,,15,,
make it quieter all,volumeDownAll,en,,,,
kan du alle højere,volumeUpAll,da,,,,
i want you to volume up everything by 20,volumeUpAll,en,,20,,
go ahead and end all music,stopAll,en,,,,
please kill the music everything,stopAll,en,,,,
gå og giv al lyd tilbage,unmuteAll,da,,,,
i want you to stop everywhere,stopAll,en,,,,
højere alt med 30,volumeUpAll,da,,30,,
venligst pause musikken alle,pauseAll,da,,,,
vær venlig at sænk lydstyrken alt med 10,volumeDownAll,da,,10,,
can you turn down the volume everything,volumeDownAll,en,,,,
now no sound all,muteAll,en,,,,
just louder everywhere by 30,volumeUpAll,en,,30,,
bare lyd op overalt,unmuteAll,da,,,,
right now hold everything,pauseAll,en,,,,
just end everywhere,stopAll,en,,,,
højere alle med 15,volumeUpAll,da,,15,,
hurtigt aktiver lyd overalt,unmuteAll,da,,,,
venligst sluk al lyd,muteAll,da,,,,
kan du lyd op overalt,volumeUpAll,da,,,,
quickly lower volume all 25,volumeDownAll,en,,25,,
hurtigt lydfri overalt,muteAll,da,,,,
i want you to stop every speaker,stopAll,en,,,,
go ahead and turn it up everywhere 10,volumeUpAll,en,,10,,
hey enable sound everything,unmuteAll,en,,,,
quickly stop all speakers,stopAll,en,,,,
i want you to cut the sound everything,stopAll,en,,,,
everything play,resumeAll,en,,,,
louder by 30 all,volumeUpAll,en,,30,,
right now resume all playback,resumeAll,en,,,,
i need you to turn audio back on everything,unmuteAll,en,,,,
go ahead and everything volume down,volumeDownAll,en,,,,
lyd på alting,unmuteAll,da,,,,
i want you to mute all devices,muteAll,en,,,,
jeg vil have at du stop musikken alting,stopAll,da,,,,
i need you to switch off everything,stopAll,en,,,,
right now silence all,stopAll,en,,,,
can you play again everywhere,resumeAll,en,,,,
just put it all on pause,pauseAll,en,,,,
nu højere alting med 10,volumeUpAll,da,,10,,
skru ned for alt,volumeDownAll,da,,,,
quickly quiet everything,muteAll,en,,,,
just resume everything,resumeAll,en,,,,
hurtigt stands musikken alting,stopAll,da,,,,
volume down everywhere 30,volumeDownAll,en,,30,,
hey turn the sound back on all,unmuteAll,en,,,,
tænd lyden alle,unmuteAll,da,,,,
can you make all silent,muteAll,en,,,,
bare ingen lyd alt,muteAll,da,,,,
pause all the music,pauseAll,en,,,,
vær venlig at sluk for overalt,stopAll,da,,,,
hey turn it up all 5,volumeUpAll,en,,5,,
just turn off sound everything,muteAll,en,,,,
nu tænd for lyd overalt,unmuteAll,da,,,,
jeg vil have at du sænk lydstyrken alle med 30,volumeDownAll,da,,30,,
nu stop alle højttalerne,stopAll,da,,,,
nu slå lyden til for alt,unmuteAll,da,,,,
can you resume all of them,resumeAll,en,,,,
jeg vil have at du giv al lyd tilbage,unmuteAll,da,,,,
venligst lydfri alle,muteAll,da,,,,
vær venlig at roligere overalt,volumeDownAll,da,,,,
lydfri alting,muteAll,da,,,,
volume down everywhere 20,volumeDownAll,en,,20,,
quickly stop right now everything,stopAll,en,,,,
gå og lydfri alting,muteAll,da,,,,
quickly suspend all,pauseAll,en,,,,
vær venlig at alt stille,muteAll,da,,,,
bare mindre lyd overalt,volumeDownAll,da,,,,
kill the sound everything,muteAll,en,,,,
gør alting stille,muteAll,da,,,,
please pause all devices,pauseAll,en,,,,
please start everywhere again,resumeAll,en,,,,
please hush all,muteAll,en,,,,
hurtigt sluk al lyd,muteAll,da,,,,
please suspend everything,pauseAll,en,,,,
jeg vil have at du spil videre alting,resumeAll,da,,,,
now play all,resumeAll,en,,,,
please pause all,pauseAll,en,,,,
jeg vil have at du pause alle afspillere,pauseAll,da,,,,
hush everywhere,muteAll,en,,,,
shut off everything,stopAll,en,,,,
hey restore audio all,unmuteAll,en,,,,
skru ned for alt med 5,volumeDownAll,da,,5,,
i want you to no audio everywhere,muteAll,en,,,,
hey hold everywhere,pauseAll,en,,,,
please less volume everywhere,volumeDownAll,en,,,,
nu skru op 20 alting,volumeUpAll,da,,20,,
stop right now everywhere,stopAll,en,,,,
just cut the audio everywhere,stopAll,en,,,,
hurtigt gør lydstyrken lavere alt,volumeDownAll,da,,,,
i want you to put everywhere on pause,pauseAll,en,,,,
right now kill the sound everything,muteAll,en,,,,
kan du fra for alt,muteAll,da,,,,
just pause the music all,pauseAll,en,,,,
hey unmute everything,unmuteAll,en,,,,
gå og stille alt,muteAll,da,,,,
i need you to put all on pause,pauseAll,en,,,,
jeg vil have at du hold al musik,pauseAll,da,,,,
vær venlig at skru ned alt 10,volumeDownAll,da,,10,,
gå og frys alting,pauseAll,da,,,,
hey all quiet everything,muteAll,en,,,,
quickly restart music all,resumeAll,en,,,,
vær venlig at sæt alting i gang igen,resumeAll,da,,,,
now mute all devices,muteAll,en,,,,
volume up all 25,volumeUpAll,en,,25,,
just stop music everywhere,stopAll,en,,,,
kan du lydfri alting,muteAll,da,,,,
kan du lydløs alting,muteAll,da,,,,
nu skru op 5 overalt,volumeUpAll,da,,5,,
bare sæt det hele på pause,pauseAll,da,,,,
venligst hold alt,pauseAll,da,,,,
stop all,stopAll,en,,,,
now cut the sound everything,stopAll,en,,,,
everywhere stop,stopAll,en,,,,
skru op alting 10,volumeUpAll,da,,10,,
quickly stop the music everything,stopAll,en,,,,
skru ned for alting,volumeDownAll,da,,,,
bare højere overalt med 10,volumeUpAll,da,,10,,
hurtigt pause alle højttalerne,pauseAll,da,,,,
gå og afspil alle højttalerne,resumeAll,da,,,,
hurtigt alting lyd til,unmuteAll,da,,,,
lydløs alting,muteAll,da,,,,
sluk alle,stopAll,da,,,,
bare afspil alt musik,resumeAll,da,,,,
quickly make everything audible again,unmuteAll,en,,,,
can you volume up everything by 15,volumeUpAll,en,,15,,
now put everything on pause,pauseAll,en,,,,
can you disable sound everywhere,muteAll,en,,,,
gå og sluk lyden alt,muteAll,da,,,,
please everywhere play,resumeAll,en,,,,
kan du gør det lavere alt,volumeDownAll,da,,,,
i want you to restore audio everything,unmuteAll,en,,,,
sound on everywhere,unmuteAll,en,,,,
quickly play all,resumeAll,en,,,,
nu mere lyd alting,volumeUpAll,da,,,,
jeg vil have at du skru ned 5 alting,volumeDownAll,da,,5,,
go ahead and louder by 15 everything,volumeUpAll,en,,15,,
go ahead and increase volume everything,volumeUpAll,en,,,,
jeg vil have at du videre alle,resumeAll,da,,,,
skru op for alting med 20,volumeUpAll,da,,20,,
jeg vil have at du skru op for overalt,volumeUpAll,da,,,,
just turn it up all 10,volumeUpAll,en,,10,,
vær venlig at skru højere alle,volumeUpAll,da,,,,
go ahead and continue playing everywhere,resumeAll,en,,,,
please halt all,stopAll,en,,,,
louder all by 15,volumeUpAll,en,,15,,
venligst sluk overalt,stopAll,da,,,,
now unsilence everywhere,unmuteAll,en,,,,
vær venlig at skru op alting 30,volumeUpAll,da,,30,,
go ahead and up the volume everywhere 5,volumeUpAll,en,,5,,
hurtigt alle lyd til,unmuteAll,da,,,,
vær venlig at stop kortvarigt alle,pauseAll,da,,,,
right now volume up all by 5,volumeUpAll,en,,5,,
giv al lyd tilbage,unmuteAll,da,,,,
hurtigt øg lydstyrken alle,volumeUpAll,da,,,,
end all music,stopAll,en,,,,
go ahead and resume all playback,resumeAll,en,,,,
vær venlig at lad alle spille,resumeAll,da,,,,
go ahead and stop all playback,stopAll,en,,,,
jeg vil have at du sluk alt,stopAll,da,,,,
lad overalt spille,resumeAll,da,,,,
now turn off all,stopAll,en,,,,
venligst sænk lydstyrken alting med 20,volumeDownAll,da,,20,,
go ahead and mute all of them,muteAll,en,,,,
vær venlig at hold pause alting,pauseAll,da,,,,
please volume up everywhere by 20,volumeUpAll,en,,20,,
just play everything,resumeAll,en,,,,
jeg vil have at du alt højere,volumeUpAll,da,,,,
stop the whole lot,stopAll,en,,,,
gå og gør lydstyrken lavere alt,volumeDownAll,da,,,,
hurtigt skru ned 20 overalt,volumeDownAll,da,,20,,
go ahead and turn the sound back on everything,unmuteAll,en,,,,
bare alting højere,volumeUpAll,da,,,,
go ahead and unsilence everything,unmuteAll,en,,,,
go ahead and un-mute everywhere,unmuteAll,en,,,,
i want you to unmute all of them,unmuteAll,en,,,,
restore sound all,unmuteAll,en,,,,
quickly volume down all 25,volumeDownAll,en,,25,,
pause al musik,pauseAll,da,,,,
up the volume everywhere 10,volumeUpAll,en,,10,,
right now play again everything,resumeAll,en,,,,
can you resume everywhere,resumeAll,en,,,,
jeg vil have at du kør alting,resumeAll,da,,,,
gør overalt stille,muteAll,da,,,,
i need you to hush everything,muteAll,en,,,,
start playing everywhere,resumeAll,en,,,,
venligst genoptag al musik,resumeAll,da,,,,
now all stop,stopAll,en,,,,
go ahead and i need you to pause everywhere,pauseAll,en,,,,
volume down everything by 25,volumeDownAll,en,,25,,
afspil alt musik,resumeAll,da,,,,
please suspend everywhere,pauseAll,en,,,,
hey silence everywhere,muteAll,en,,,,
right now mute everything,muteAll,en,,,,
pause all playback,pauseAll,en,,,,
i want you to resume everything,resumeAll,en,,,,
skru ned for alt med 25,volumeDownAll,da,,25,,
hurtigt skru ned for alle,volumeDownAll,da,,,,
jeg vil have at du roligere alle,volumeDownAll,da,,,,
kan du slå al lyd til,unmuteAll,da,,,,
resume sound everything,unmuteAll,en,,,,
can you keep playing everywhere,resumeAll,en,,,,
jeg vil have at du tavs for overalt,muteAll,da,,,,
can you cut the sound all,muteAll,en,,,,
right now start playing everything,resumeAll,en,,,,
hey continue all music,resumeAll,en,,,,
gå og lydstyrke op alle,volumeUpAll,da,,,,
skru op for alting med 25,volumeUpAll,da,,25,,
nu skru op alle 10,volumeUpAll,da,,10,,
right now volume up all by 20,volumeUpAll,en,,20,,
kan du slå alting til,unmuteAll,da,,,,
nu pause alt,pauseAll,da,,,,
hurtigt afspil alle,resumeAll,da,,,,
venligst roligere alt,volumeDownAll,da,,,,
go ahead and more volume all,volumeUpAll,en,,,,
vær venlig at overalt lyd til,unmuteAll,da,,,,
hey unmute all,unmuteAll,en,,,,
right now bring back the sound all,unmuteAll,en,,,,
gå og kør alle,resumeAll,da,,,,
jeg vil have at du genoptag al musik,resumeAll,da,,,,
just turn up the volume everywhere,volumeUpAll,en,,,,
quickly shut off everything,stopAll,en,,,,
lydfri overalt,muteAll,da,,,,
vær venlig at slå alt til,unmuteAll,da,,,,
just volume up everything 5,volumeUpAll,en,,5,,
make everything stop,stopAll,en,,,,
i need you to pause every speaker,pauseAll,en,,,,
crank it up everywhere,volumeUpAll,en,,,,
kan du lydstyrke op overalt,volumeUpAll,da,,,,
skru ned alt 25,volumeDownAll,da,,25,,
sluk lyden overalt,muteAll,da,,,,
stop overalt,stopAll,da,,,,
hold alting,pauseAll,da,,,,
just abort all,stopAll,en,,,,
hurtigt fra for alting,muteAll,da,,,,
can you turn up the volume everything,volumeUpAll,en,,,,
gå og afspil overalt,resumeAll,da,,,,
jeg vil have at du afspil alle højttalerne,resumeAll,da,,,,
start overalt igen,resumeAll,da,,,,
vær venlig at fortsæt alt,resumeAll,da,,,,
venligst slå alt fra,muteAll,da,,,,
roligere alle,volumeDownAll,da,,,,
stop alle enheder,stopAll,da,,,,
just bring music back all,unmuteAll,en,,,,
just restore sound all,unmuteAll,en,,,,
please volume up everything by 10,volumeUpAll,en,,10,,
nu tænd al lyd,unmuteAll,da,,,,
i need you to pause all playback,pauseAll,en,,,,
can you turn off everywhere,stopAll,en,,,,
skru ned for alting med 25,volumeDownAll,da,,25,,
can you silence everything,stopAll,en,,,,
go ahead and up the volume everything 15,volumeUpAll,en,,15,,
lavere alle med 25,volumeDownAll,da,,25,,
jeg vil have at du aktiver lyd alle,unmuteAll,da,,,,
just raise volume everywhere,volumeUpAll,en,,,,
bare slå lyden fra overalt,muteAll,da,,,,
jeg vil have at du øg lydstyrken alt med 5,volumeUpAll,da,,5,,
pause overalt,pauseAll,da,,,,
bare pause alle afspillere,pauseAll,da,,,,
go ahead and kill the music all,stopAll,en,,,,
can you pause right now everything,pauseAll,en,,,,
vær venlig at sæt alle på pause,pauseAll,da,,,,
hey turn audio back on everywhere,unmuteAll,en,,,,
now kill audio everything,stopAll,en,,,,
hurtigt stands al musik,stopAll,da,,,,
øg volumen alting,volumeUpAll,da,,,,
nu genoptag alle,resumeAll,da,,,,
quickly everything volume down,volumeDownAll,en,,,,
go ahead and unpause all,resumeAll,en,,,,
hurtigt giv lyden tilbage alle,unmuteAll,da,,,,
jeg vil have at du lyd til alt,unmuteAll,da,,,,
pause all devices,pauseAll,en,,,,
venligst deaktiver lyd overalt,muteAll,da,,,,
just suspend everywhere,pauseAll,en,,,,
right now turn it up everything 20,volumeUpAll,en,,20,,
bare hold overalt,pauseAll,da,,,,
can you unmute all,unmuteAll,en,,,,
venligst skru op 20 alle,volumeUpAll,da,,20,,
nu skru højere overalt,volumeUpAll,da,,,,
now raise volume everything 25,volumeUpAll,en,,25,,
louder everywhere,volumeUpAll,en,,,,
go quiet everywhere,muteAll,en,,,,
vær venlig at lydstyrke op alt,volumeUpAll,da,,,,
right now restart music everywhere,resumeAll,en,,,,
shut up everywhere,muteAll,en,,,,
just pause every speaker,pauseAll,en,,,,
down the volume everywhere 15,volumeDownAll,en,,15,,
venligst deaktiver lyd alt,muteAll,da,,,,
øg lydstyrken alle med 5,volumeUpAll,da,,5,,
i need you to hold everywhere,pauseAll,en,,,,
lydstyrke ned alle,volumeDownAll,da,,,,
hurtigt stands overalt,stopAll,da,,,,
go ahead and turn off everything,stopAll,en,,,,
nu lyd op overalt,unmuteAll,da,,,,
stop all playback,stopAll,en,,,,
quickly quieter everything by 30,volumeDownAll,en,,30,,
quickly stop briefly everywhere,pauseAll,en,,,,
can you cut the sound everywhere,stopAll,en,,,,
bare slå overalt fra,muteAll,da,,,,
jeg vil have at du tavs overalt,muteAll,da,,,,
go ahead and louder by 10 everything,volumeUpAll,en,,10,,
can you play everything,resumeAll,en,,,,
lower volume everything,volumeDownAll,en,,,,
pause the whole thing,pauseAll,en,,,,
hey quieter all by 25,volumeDownAll,en,,25,,
restart music everything,resumeAll,en,,,,
please unmute everything,unmuteAll,en,,,,
venligst lad alle spille,resumeAll,da,,,,
kan du afspil alt igen,resumeAll,da,,,,
can you volume up everything 20,volumeUpAll,en,,20,,
tænd lyden overalt,unmuteAll,da,,,,
just volume down everywhere by 25,volumeDownAll,en,,25,,
jeg vil have at du øg lydstyrken alle med 15,volumeUpAll,da,,15,,
kan du tavs alle,muteAll,da,,,,
can you stop playing everything,stopAll,en,,,,
nu slå lyden til for overalt,unmuteAll,da,,,,
right now volume up all by 15,volumeUpAll,en,,15,,
jeg vil have at du skru op for alle med 30,volumeUpAll,da,,30,,
tænd al lyd,unmuteAll,da,,,,
just unmute all of them,unmuteAll,en,,,,
gå og tavs alt,muteAll,da,,,,
right now mute everything playing,muteAll,en,,,,
can you turn it down all,volumeDownAll,en,,,,
kan du spil alting,resumeAll,da,,,,
go ahead and stop all devices,stopAll,en,,,,
bare sænk volumen alt,volumeDownAll,da,,,,
i want you to turn the sound back on everything,unmuteAll,en,,,,
please stop briefly everything,pauseAll,en,,,,
gå og sluk for overalt,stopAll,da,,,,
hey turn off everything,stopAll,en,,,,
tænd for lyd alt,unmuteAll,da,,,,
i want you to unpause everywhere,resumeAll,en,,,,
turn it up all 15,volumeUpAll,en,,15,,
vær venlig at sænk lydstyrken alt med 15,volumeDownAll,da,,15,,
go ahead and put all on pause,pauseAll,en,,,,
go ahead and boost volume all,volumeUpAll,en,,,,
switch off all,stopAll,en,,,,
pick up everything,resumeAll,en,,,,
quickly volume down all 20,volumeDownAll,en,,20,,
now restore audio all,unmuteAll,en,,,,
kan du øg lydstyrken overalt,volumeUpAll,da,,,,
please turn it up everything 10,volumeUpAll,en,,10,,
skru ned for overalt,volumeDownAll,da,,,,
turn it up everything,volumeUpAll,en,,,,
hurtigt slå al lyd til,unmuteAll,da,,,,
just resume sound all,unmuteAll,en,,,,
hurtigt skru op alting 20,volumeUpAll,da,,20,,
alt stop,stopAll,da,,,,
gå og lavere alting med 15,volumeDownAll,da,,15,,
venligst skru op overalt 15,volumeUpAll,da,,15,,
please down the volume all 15,volumeDownAll,en,,15,,
can you louder everywhere by 25,volumeUpAll,en,,25,,
hurtigt sænk lydstyrken alle med 25,volumeDownAll,da,,25,,
venligst sæt alt på pause,pauseAll,da,,,,
kan du tænd for lyden alle,unmuteAll,da,,,,
mute all,muteAll,en,,,,
bare alt stille,muteAll,da,,,,
kan du giv lyden tilbage alt,unmuteAll,da,,,,
nu tænd for lyden overalt,unmuteAll,da,,,,
stop all of them,stopAll,en,,,,
stop playing everything,stopAll,en,,,,
now mute everything playing,muteAll,en,,,,
jeg vil have at du skru op alting 20,volumeUpAll,da,,20,,
bare tavs for alle,muteAll,da,,,,
sluk for alt,stopAll,da,,,,
keep playing all,resumeAll,en,,,,
sæt al afspilning på pause,pauseAll,da,,,,
skru ned 30 alt,volumeDownAll,da,,30,,
press pause everything,pauseAll,en,,,,
hurtigt øg volumen overalt,volumeUpAll,da,,,,
quickly stop everything,stopAll,en,,,,
hey volume up all,volumeUpAll,en,,,,
i need you to unmute all speakers,unmuteAll,en,,,,
get the sound back everywhere,unmuteAll,en,,,,
lyd på overalt,unmuteAll,da,,,,
vær venlig at sluk for al musik,stopAll,da,,,,
go ahead and stop every speaker,stopAll,en,,,,
i need you to audio on everything,unmuteAll,en,,,,
just louder by 20 everywhere,volumeUpAll,en,,20,,
please stop every device,stopAll,en,,,,
right now louder by 10 everywhere,volumeUpAll,en,,10,,
quickly volume up everywhere 25,volumeUpAll,en,,25,,
go ahead and unmute all of them,unmuteAll,en,,,,
skru ned for lyden alle,volumeDownAll,da,,,,
nu pause al musik,pauseAll,da,,,,
volume down everything by 20,volumeDownAll,en,,20,,
hey resume all music,resumeAll,en,,,,
quieter by 20 all,volumeDownAll,en,,20,,
skru op for overalt med 20,volumeUpAll,da,,20,,
hurtigt øg lydstyrken alt med 20,volumeUpAll,da,,20,,
sæt lyden til alle,unmuteAll,da,,,,
gå og sluk alting,stopAll,da,,,,
bare skru ned for alting med 30,volumeDownAll,da,,30,,
quickly lower everything,volumeDownAll,en,,,,
please raise volume everything,volumeUpAll,en,,,,
just shut off everywhere,stopAll,en,,,,
skru op for lyden overalt,volumeUpAll,da,,,,
jeg vil have at du lavere overalt med 5,volumeDownAll,da,,5,,
venligst til for overalt,unmuteAll,da,,,,
i want you to switch off everything,stopAll,en,,,,
kan du øg lydstyrken alting med 30,volumeUpAll,da,,30,,
quickly start playing everything,resumeAll,en,,,,
vær venlig at tænd for lyd alle,unmuteAll,da,,,,
jeg vil have at du stands al musik,stopAll,da,,,,
just pause the whole thing,pauseAll,en,,,,
jeg vil have at du lavere alting,volumeDownAll,da,,,,
quickly audio on everything,unmuteAll,en,,,,
sluk alting,stopAll,da,,,,
venligst sæt det hele i gang igen,resumeAll,da,,,,
hurtigt højere overalt med 20,volumeUpAll,da,,20,,
kan du genoptag musikken overalt,resumeAll,da,,,,
sæt det hele på pause,pauseAll,da,,,,
bare højere alting med 5,volumeUpAll,da,,5,,
quickly all quiet everywhere,muteAll,en,,,,
gå og pause alle højttalerne,pauseAll,da,,,,
quieter everything,volumeDownAll,en,,,,
bare kør alt,resumeAll,da,,,,
hurtigt genoptag musikken alting,resumeAll,da,,,,
tavs alle,muteAll,da,,,,
hey lower volume all 25,volumeDownAll,en,,25,,
vær venlig at sænk lydstyrken overalt med 30,volumeDownAll,da,,30,,
i need you to cut the sound everywhere,stopAll,en,,,,
please pause right now all,pauseAll,en,,,,
quickly up the volume all 30,volumeUpAll,en,,30,,
gå og tænd lyden alle,unmuteAll,da,,,,
gå og skru op overalt 5,volumeUpAll,da,,5,,
just kill the music everything,stopAll,en,,,,
venligst giv lyden tilbage alting,unmuteAll,da,,,,
go ahead and disable sound everything,muteAll,en,,,,
hurtigt slå lyden til alle,unmuteAll,da,,,,
bare slå alt til,unmuteAll,da,,,,
bare sæt overalt i gang igen,resumeAll,da,,,,
nu sluk for lyden alting,muteAll,da,,,,
slå lyden til for alle,unmuteAll,da,,,,
venligst sæt lyden til overalt,unmuteAll,da,,,,
can you shut up everything,muteAll,en,,,,
can you everything louder,volumeUpAll,en,,,,
bare lyd igen alle,unmuteAll,da,,,,
can you quieter by 5 everywhere,volumeDownAll,en,,5,,
vær venlig at overalt lavere,volumeDownAll,da,,,,
bare skru op for alting,volumeUpAll,da,,,,
nu lydløs alt,muteAll,da,,,,
øg lydstyrken alt med 15,volumeUpAll,da,,15,,
turn it down everywhere,volumeDownAll,en,,,,
i want you to resume all of them,resumeAll,en,,,,
please no audio all,muteAll,en,,,,
højere alt med 15,volumeUpAll,da,,15,,
right now carry on everywhere,resumeAll,en,,,,
bare slå alle til,unmuteAll,da,,,,
right now continue all music,resumeAll,en,,,,
now everything pause,pauseAll,en,,,,
just start playing all,resumeAll,en,,,,
up the volume everywhere 25,volumeUpAll,en,,25,,
stop for alt,stopAll,da,,,,
turn it down everywhere 10,volumeDownAll,en,,10,,
jeg vil have at du pause al musik,pauseAll,da,,,,
please everything stop,stopAll,en,,,,
volume up everything 10,volumeUpAll,en,,10,,
nu skru op for overalt med 10,volumeUpAll,da,,10,,
can you mute all,muteAll,en,,,,
kill everywhere,stopAll,en,,,,
bare sluk al lyd,muteAll,da,,,,
hurtigt skru ned 5 overalt,volumeDownAll,da,,5,,
skru op for alt med 30,volumeUpAll,da,,30,,
afslut al afspilning,stopAll,da,,,,
gå og luk alting,stopAll,da,,,,
bare alting pause,pauseAll,da,,,,
now continue all,resumeAll,en,,,,
can you mute all speakers,muteAll,en,,,,
can you volume down everywhere,volumeDownAll,en,,,,
please quieter everywhere by 15,volumeDownAll,en,,15,,
please stop all of them,stopAll,en,,,,
kan du slå alt til,unmuteAll,da,,,,
stop alle,stopAll,da,,,,
vær venlig at videre alting,resumeAll,da,,,,
venligst pause alt musik,pauseAll,da,,,,
lydløs alle,muteAll,da,,,,
just turn audio back on all,unmuteAll,en,,,,
venligst gør lydstyrken lavere alt,volumeDownAll,da,,,,
right now freeze all,pauseAll,en,,,,
lyd på alle,unmuteAll,da,,,,
lower all,volumeDownAll,en,,,,
vær venlig at gør lydstyrken højere overalt,volumeUpAll,da,,,,
gør det lavere alting,volumeDownAll,da,,,,
quickly unmute everything,unmuteAll,en,,,,
vær venlig at stands musikken alt,stopAll,da,,,,
kan du afspil alt musik,resumeAll,da,,,,
i want you to pause all audio,pauseAll,en,,,,
quickly stop playing all,stopAll,en,,,,
just pause all the music,pauseAll,en,,,,
jeg vil have at du alle tavs,muteAll,da,,,,
venligst lavere alt med 25,volumeDownAll,da,,25,,
now volume up everything 25,volumeUpAll,en,,25,,
jeg vil have at du skru ned for overalt med 10,volumeDownAll,da,,10,,
now kill the sound everywhere,muteAll,en,,,,
kan du skru op overalt,volumeUpAll,da,,,,
hurtigt stop al musik,stopAll,da,,,,
jeg vil have at du slå lyden fra alle,muteAll,da,,,,
now audio on all,unmuteAll,en,,,,
nu pause musikken alle,pauseAll,da,,,,
bare kill lyden alt,stopAll,da,,,,
pause musikken alt,pauseAll,da,,,,
just down the volume everything 25,volumeDownAll,en,,25,,
bare skru ned overalt 5,volumeDownAll,da,,5,,
hey play on everywhere,resumeAll,en,,,,
hurtigt gør det højere alt,volumeUpAll,da,,,,
i need you to turn off sound all,muteAll,en,,,,
hurtigt fortsæt alting,resumeAll,da,,,,
nu stands alt,stopAll,da,,,,
sænk volumen alting,volumeDownAll,da,,,,
now pause everywhere,pauseAll,en,,,,
now everything resume,resumeAll,en,,,,
jeg vil have at du slå lyden fra alt,muteAll,da,,,,
please pause all the music,pauseAll,en,,,,
everywhere unmute,unmuteAll,en,,,,
skru ned for alle med 30,volumeDownAll,da,,30,,
hurtigt sænk lydstyrken alting,volumeDownAll,da,,,,
quickly volume down everything 15,volumeDownAll,en,,15,,
hurtigt skru op alt 15,volumeUpAll,da,,15,,
hurtigt skru op for lyden alle,volumeUpAll,da,,,,
jeg vil have at du deaktiver lyd alle,muteAll,da,,,,
bare øg lydstyrken overalt med 30,volumeUpAll,da,,30,,
sænk lydstyrken overalt,volumeDownAll,da,,,,
i need you to disable sound all,muteAll,en,,,,
hey all resume,resumeAll,en,,,,
jeg vil have at du slå lyden fra for overalt,muteAll,da,,,,
jeg vil have at du slå overalt til,unmuteAll,da,,,,
please unmute all of them,unmuteAll,en,,,,
kan du stop for overalt,stopAll,da,,,,
ingen lyd alting,muteAll,da,,,,
stop music everything,stopAll,en,,,,
kan du aktiver lyd alle,unmuteAll,da,,,,
pause every speaker,pauseAll,en,,,,
just stop playing everywhere,stopAll,en,,,,
gå og gør det lavere alting,volumeDownAll,da,,,,
carry on everything,resumeAll,en,,,,
venligst aktiver lyd alt,unmuteAll,da,,,,
bare stille alle,muteAll,da,,,,
jeg vil have at du hold alle,pauseAll,da,,,,
please mute all speakers,muteAll,en,,,,
gå og øg lydstyrken overalt med 20,volumeUpAll,da,,20,,
vær venlig at lavere alting med 20,volumeDownAll,da,,20,,
vær venlig at lavere overalt med 30,volumeDownAll,da,,30,,
please volume up everywhere 5,volumeUpAll,en,,5,,
now turn off everything,stopAll,en,,,,
hurtigt stands alt,stopAll,da,,,,
stop alting,stopAll,da,,,,
gå og genoptag overalt,resumeAll,da,,,,
i need you to down the volume everywhere 15,volumeDownAll,en,,15,,
please keep playing everything,resumeAll,en,,,,
quickly volume down everywhere 30,volumeDownAll,en,,30,,
now up the volume all,volumeUpAll,en,,,,
gå og stop alt,stopAll,da,,,,
just unmute all speakers,unmuteAll,en,,,,
hit pause on everywhere,pauseAll,en,,,,
just increase volume everything,volumeUpAll,en,,,,
stop det hele,stopAll,da,,,,
please freeze everything,pauseAll,en,,,,
kan du til for overalt,unmuteAll,da,,,,
right now mute all speakers,muteAll,en,,,,
quickly resume all speakers,resumeAll,en,,,,
bare skru op overalt 5,volumeUpAll,da,,5,,
please turn it up all,volumeUpAll,en,,,,
volume up everything by 10,volumeUpAll,en,,10,,
venligst skru ned for alting med 25,volumeDownAll,da,,25,,
stille alt,muteAll,da,,,,
vær venlig at lavere alt med 20,volumeDownAll,da,,20,,
lavere overalt med 25,volumeDownAll,da,,25,,
i want you to mute all of them,muteAll,en,,,,
turn it up everything 15,volumeUpAll,en,,15,,
kan du lyd på alle,unmuteAll,da,,,,
silence all,stopAll,en,,,,
gå og stands overalt,stopAll,da,,,,
hey unsilence everywhere,unmuteAll,en,,,,
vær venlig at sænk volumen alting,volumeDownAll,da,,,,
gå og pause alt musik,pauseAll,da,,,,
go ahead and make all audible again,unmuteAll,en,,,,
now stop all of them,stopAll,en,,,,
quickly resume all music,resumeAll,en,,,,
hurtigt frys alt,pauseAll,da,,,,
i want you to turn it up all,volumeUpAll,en,,,,
hurtigt stop alt,stopAll,da,,,,
can you end everything,stopAll,en,,,,
venligst gør lydstyrken højere overalt,volumeUpAll,da,,,,
nu fortsæt alt,resumeAll,da,,,,
højere overalt med 10,volumeUpAll,da,,10,,
make everywhere silent,muteAll,en,,,,
end all,stopAll,en,,,,
gå og stop afspilningen overalt,stopAll,da,,,,
right now quieter all by 30,volumeDownAll,en,,30,,
gå og lavere alt med 25,volumeDownAll,da,,25,,
jeg vil have at du sluk for lyden alle,muteAll,da,,,,
bare giv lyden tilbage alle,unmuteAll,da,,,,
kan du giv lyden tilbage alle,unmuteAll,da,,,,
volume down all by 20,volumeDownAll,en,,20,,
kan du til for alle,unmuteAll,da,,,,
gå og skru op 10 alting,volumeUpAll,da,,10,,
please start playing all,resumeAll,en,,,,
please volume down everywhere 5,volumeDownAll,en,,5,,
venligst højere alt med 5,volumeUpAll,da,,5,,
now all play,resumeAll,en,,,,
stop everywhere,stopAll,en,,,,
i need you to play on everywhere,resumeAll,en,,,,
hurtigt gør lydstyrken lavere alle,volumeDownAll,da,,,,
volume down everywhere by 30,volumeDownAll,en,,30,,
jeg vil have at du sluk for overalt,stopAll,da,,,,
jeg vil have at du skru op 10 alting,volumeUpAll,da,,10,,
play everything again,resumeAll,en,,,,
vær venlig at sluk lyden alting,muteAll,da,,,,
i need you to less volume everywhere,volumeDownAll,en,,,,
nu stop det hele,stopAll,da,,,,
now cut the sound all,stopAll,en,,,,
hey unmute everywhere,unmuteAll,en,,,,
overalt tavs,muteAll,da,,,,
hurtigt slå lyden til overalt,unmuteAll,da,,,,
bare ingen lyd overalt,muteAll,da,,,,
resume everything,resumeAll,en,,,,
gå og pause alting,pauseAll,da,,,,
nu stands musikken overalt,stopAll,da,,,,
kan du sæt lyden til alting,unmuteAll,da,,,,
bare skru op for alt med 30,volumeUpAll,da,,30,,
go ahead and freeze all,pauseAll,en,,,,
right now stop the music everywhere,stopAll,en,,,,
quickly decrease the volume everything,volumeDownAll,en,,,,
louder by 15 everywhere,volumeUpAll,en,,15,,
i want you to pick up everything,resumeAll,en,,,,
bare gør lydstyrken lavere alle,volumeDownAll,da,,,,
please turn audio back on everywhere,unmuteAll,en,,,,
can you i want everything to stop,stopAll,en,,,,
bare tænd for lyd overalt,unmuteAll,da,,,,
nu spil overalt,resumeAll,da,,,,
kan du sluk al lyd,muteAll,da,,,,
gå og slå alt fra,muteAll,da,,,,
nu slå alle fra,muteAll,da,,,,
kan du genoptag musikken alt,resumeAll,da,,,,
jeg vil have at du aktiver lyd alt,unmuteAll,da,,,,
jeg vil have at du skru lavere alt,volumeDownAll,da,,,,
kan du hold al musik,pauseAll,da,,,,
hurtigt aktiver lyd alting,unmuteAll,da,,,,
increase volume all,volumeUpAll,en,,,,
lydfri alt,muteAll,da,,,,
giv lyden tilbage alt,unmuteAll,da,,,,
bare slå lyden fra for overalt,muteAll,da,,,,
gå og deaktiver lyd alle,muteAll,da,,,,
gå og mindre lyd alle,volumeDownAll,da,,,,
jeg vil have at du spil videre overalt,resumeAll,da,,,,
vær venlig at ingen lyd alting,muteAll,da,,,,
can you disable sound all,muteAll,en,,,,
jeg vil have at du lavere overalt med 20,volumeDownAll,da,,20,,
hey silence everything,muteAll,en,,,,
i need you to pause all audio,pauseAll,en,,,,
hey mute all of them,muteAll,en,,,,
right now kill audio everything,stopAll,en,,,,
can you let it play everything,resumeAll,en,,,,
vær venlig at sluk for alle,stopAll,da,,,,
venligst stop al musik,stopAll,da,,,,
nu sluk al lyd,muteAll,da,,,,
jeg vil have at du gør alt stille,muteAll,da,,,,
gå og fortsæt alle,resumeAll,da,,,,
i need you to play everything again,resumeAll,en,,,,
stille overalt,muteAll,da,,,,
hurtigt sænk lydstyrken alt med 20,volumeDownAll,da,,20,,
please restore audio everywhere,unmuteAll,en,,,,
quickly volume up all by 25,volumeUpAll,en,,25,,
kan du stop musikken alt,stopAll,da,,,,
please raise volume everywhere 25,volumeUpAll,en,,25,,
hey up the volume everywhere 30,volumeUpAll,en,,30,,
i need you to pause right now all,pauseAll,en,,,,
skru op for alt med 20,volumeUpAll,da,,20,,
i want you to abort everywhere,stopAll,en,,,,
bare overalt pause,pauseAll,da,,,,
kan du kør alt,resumeAll,da,,,,
now quieter by 30 everywhere,volumeDownAll,en,,30,,
vær venlig at kør alting,resumeAll,da,,,,
play all,resumeAll,en,,,,
gå og højere alle med 30,volumeUpAll,da,,30,,
i want you to halt everything,stopAll,en,,,,
bare luk ned overalt,stopAll,da,,,,
hey volume up all by 10,volumeUpAll,en,,10,,
lydstyrke op alting,volumeUpAll,da,,,,
can you lower volume everything 25,volumeDownAll,en,,25,,
tænd for lyden overalt,unmuteAll,da,,,,
kan du skru op 25 overalt,volumeUpAll,da,,25,,
quickly halt all,stopAll,en,,,,
lavere alle,volumeDownAll,da,,,,
genoptag al musik,resumeAll,da,,,,
i want you to volume down all 10,volumeDownAll,en,,10,,
nu fortsæt overalt,resumeAll,da,,,,
hurtigt alt stille,muteAll,da,,,,
kan du skru op for alting med 20,volumeUpAll,da,,20,,
vær venlig at skru ned 10 alt,volumeDownAll,da,,10,,
kan du skru ned alt 30,volumeDownAll,da,,30,,
please pause all playback,pauseAll,en,,,,
nu skru op for alting med 30,volumeUpAll,da,,30,,
just resume everywhere,resumeAll,en,,,,
silence everything,stopAll,en,,,,
right now down the volume all 25,volumeDownAll,en,,25,,
please shut off everything,stopAll,en,,,,
please unsilence everything,unmuteAll,en,,,,
venligst afspil alt musik,resumeAll,da,,,,
venligst sænk lydstyrken alting med 30,volumeDownAll,da,,30,,
everywhere louder,volumeUpAll,en,,,,
right now stop playing all,stopAll,en,,,,
go ahead and get the sound back everywhere,unmuteAll,en,,,,
please bring back the sound all,unmuteAll,en,,,,
lyd igen overalt,unmuteAll,da,,,,
jeg vil have at du stop alle højttalerne,stopAll,da,,,,
cut the sound all,muteAll,en,,,,
vær venlig at kør overalt,resumeAll,da,,,,
i want you to louder everywhere by 15,volumeUpAll,en,,15,,
quickly down the volume everywhere 25,volumeDownAll,en,,25,,
i need you to stop every speaker,stopAll,en,,,,
now play everything again,resumeAll,en,,,,
kan du afslut overalt,stopAll,da,,,,
venligst videre overalt,resumeAll,da,,,,
gå og alting højere,volumeUpAll,da,,,,
hey get the sound back everywhere,unmuteAll,en,,,,
volume down all 30,volumeDownAll,en,,30,,
hey stop briefly everything,pauseAll,en,,,,
now enable sound everything,unmuteAll,en,,,,
hey get everywhere playing again,resumeAll,en,,,,
can you turn up the volume all,volumeUpAll,en,,,,
venligst lyd igen overalt,unmuteAll,da,,,,
go ahead and quieter everywhere by 5,volumeDownAll,en,,5,,
now decrease the volume everywhere,volumeDownAll,en,,,,
jeg vil have at du frys alt,pauseAll,da,,,,
audio on all,unmuteAll,en,,,,
kan du sluk for lyden alt,muteAll,da,,,,
right now unmute everything,unmuteAll,en,,,,
alle tavs,muteAll,da,,,,
hurtigt skru ned alle 30,volumeDownAll,da,,30,,
gå og tænd al lyd,unmuteAll,da,,,,
just unsilence all,unmuteAll,en,,,,
gå og stille overalt,muteAll,da,,,,
nu skru op for lyden overalt,volumeUpAll,da,,,,
alt tavs,muteAll,da,,,,
let it play everything,resumeAll,en,,,,
right now resume all of them,resumeAll,en,,,,
please pause all speakers,pauseAll,en,,,,
i want you to restore sound everywhere,unmuteAll,en,,,,
carry on all,resumeAll,en,,,,
kan du start afspilning alt,resumeAll,da,,,,
go ahead and unmute all speakers,unmuteAll,en,,,,
hey pause the music everything,pauseAll,en,,,,
sænk lydstyrken alting med 5,volumeDownAll,da,,5,,
jeg vil have at du skru op for alle med 15,volumeUpAll,da,,15,,
afslut alt,stopAll,da,,,,
nu genoptag alle højttalere,resumeAll,da,,,,
go ahead and cut the sound everywhere,muteAll,en,,,,
hey raise the volume everywhere,volumeUpAll,en,,,,
spil alle,resumeAll,da,,,,
gå og lavere alle med 20,volumeDownAll,da,,20,,
volume up everywhere 30,volumeUpAll,en,,30,,
nu genoptag afspilning overalt,resumeAll,da,,,,
i need you to resume all,resumeAll,en,,,,
hey stop all speakers,stopAll,en,,,,
jeg vil have at du lavere alle med 5,volumeDownAll,da,,5,,
hurtigt lydløs alt,muteAll,da,,,,
i need you to turn it down everywhere,volumeDownAll,en,,,,
hey resume all playback,resumeAll,en,,,,
i need you to resume all music,resumeAll,en,,,,
bare øg lydstyrken alle med 25,volumeUpAll,da,,25,,
just volume down everywhere by 10,volumeDownAll,en,,10,,
fra for overalt,muteAll,da,,,,
vær venlig at skru op for overalt med 25,volumeUpAll,da,,25,,
continue all music,resumeAll,en,,,,
gå og overalt pause,pauseAll,da,,,,
quickly i need you to pause everything,pauseAll,en,,,,
i want you to turn it up everywhere 25,volumeUpAll,en,,25,,
vær venlig at start overalt igen,resumeAll,da,,,,
nu stop alle enheder,stopAll,da,,,,
just volume up everything 20,volumeUpAll,en,,20,,
gå og lad overalt spille,resumeAll,da,,,,
just i want all to stop,stopAll,en,,,,
i need you to raise volume everything 15,volumeUpAll,en,,15,,
genoptag afspilning overalt,resumeAll,da,,,,
vær venlig at sæt det hele i gang igen,resumeAll,da,,,,
aktiver lyd overalt,unmuteAll,da,,,,
please pause right now everything,pauseAll,en,,,,
hurtigt skru op for alt med 20,volumeUpAll,da,,20,,
quieter all by 10,volumeDownAll,en,,10,,
hit pause on all,pauseAll,en,,,,
volume up all by 25,volumeUpAll,en,,25,,
now stop music all,stopAll,en,,,,
hurtigt højere overalt,volumeUpAll,da,,,,
can you get the sound back everywhere,unmuteAll,en,,,,
now suspend everywhere,pauseAll,en,,,,
hurtigt sluk lyden alting,muteAll,da,,,,
i need you to reduce volume everywhere,volumeDownAll,en,,,,
volume down everywhere 25,volumeDownAll,en,,25,,
luk alle,stopAll,da,,,,
bare slå alt fra,muteAll,da,,,,
lower everywhere,volumeDownAll,en,,,,
nu øg volumen alle,volumeUpAll,da,,,,
cut the sound everything,stopAll,en,,,,
gå og højere alting med 30,volumeUpAll,da,,30,,
hey sound on everywhere,unmuteAll,en,,,,
nu lyd på alt,unmuteAll,da,,,,
gå og luk ned overalt,stopAll,da,,,,
gå og skru ned alle 30,volumeDownAll,da,,30,,
nu frys overalt,pauseAll,da,,,,
bare luk alle,stopAll,da,,,,
jeg vil have at du skru op alting 15,volumeUpAll,da,,15,,
højere alt med 10,volumeUpAll,da,,10,,
lydløs overalt,muteAll,da,,,,
kan du start alle igen,resumeAll,da,,,,
gå og alting lavere,volumeDownAll,da,,,,
can you resume sound everywhere,unmuteAll,en,,,,
bare lyd til overalt,unmuteAll,da,,,,
abort everything,stopAll,en,,,,
nu skru op for alt med 10,volumeUpAll,da,,10,,
no sound everywhere,muteAll,en,,,,
bare slå lyden til alting,unmuteAll,da,,,,
videre alt,resumeAll,da,,,,
gå og sænk volumen overalt,volumeDownAll,da,,,,
gå og stop afspilningen alt,stopAll,da,,,,
venligst kør alting,resumeAll,da,,,,
skru ned 20 alting,volumeDownAll,da,,20,,
i want you to no sound everything,muteAll,en,,,,
unmute all of them,unmuteAll,en,,,,
gå og sæt lyden til alt,unmuteAll,da,,,,
i need you to resume everywhere,resumeAll,en,,,,
bare fra for overalt,muteAll,da,,,,
bare tavs for alting,muteAll,da,,,,
start playing everything,resumeAll,en,,,,
bare afspil alt igen,resumeAll,da,,,,
hurtigt sæt lyden til alt,unmuteAll,da,,,,
gå og skru op 10 alle,volumeUpAll,da,,10,,
tænd for lyden alle,unmuteAll,da,,,,
venligst genoptag alting,resumeAll,da,,,,
can you bring music back all,unmuteAll,en,,,,
quickly restore sound everything,unmuteAll,en,,,,
skru op alle 20,volumeUpAll,da,,20,,
hey pause all playback,pauseAll,en,,,,
increase volume everywhere,volumeUpAll,en,,,,
slå overalt til,unmuteAll,da,,,,
jeg vil have at du pause overalt,pauseAll,da,,,,
abort all,stopAll,en,,,,
venligst luk ned alting,stopAll,da,,,,
nu afslut alting,stopAll,da,,,,
hurtigt højere alle med 20,volumeUpAll,da,,20,,
stop kortvarigt alle,pauseAll,da,,,,
øg lydstyrken overalt med 25,volumeUpAll,da,,25,,
nu stands al musik,stopAll,da,,,,
quickly turn it up everywhere 15,volumeUpAll,en,,15,,
venligst skru ned overalt,volumeDownAll,da,,,,
hey go quiet everywhere,muteAll,en,,,,
kan du pause alt samen,pauseAll,da,,,,
everything pause,pauseAll,en,,,,
bare genoptag alting,resumeAll,da,,,,
giv lyden tilbage overalt,unmuteAll,da,,,,
venligst skru ned alting 10,volumeDownAll,da,,10,,
pause alle enheder,pauseAll,da,,,,
vær venlig at højere alting med 10,volumeUpAll,da,,10,,
put everything on hold,pauseAll,en,,,,
vær venlig at slå alting fra,muteAll,da,,,,
hurtigt tænd for lyd overalt,unmuteAll,da,,,,
volume down all 5,volumeDownAll,en,,5,,
please louder everything by 20,volumeUpAll,en,,20,,
venligst genoptag alle højttalere,resumeAll,da,,,,
gå og tænd lyden overalt,unmuteAll,da,,,,
quickly suspend everything,pauseAll,en,,,,
keep playing everything,resumeAll,en,,,,
afspil alt igen,resumeAll,da,,,,
kan du kør overalt,resumeAll,da,,,,
quickly go silent everything,muteAll,en,,,,
just volume up everywhere 25,volumeUpAll,en,,25,,
genoptag alle højttalere,resumeAll,da,,,,
venligst pause alt samen,pauseAll,da,,,,
can you stop everywhere,stopAll,en,,,,
bare tavs for alt,muteAll,da,,,,
venligst giv lyden tilbage overalt,unmuteAll,da,,,,
start afspilning alt,resumeAll,da,,,,
please higher volume everything,volumeUpAll,en,,,,
lower volume everything 15,volumeDownAll,en,,15,,
hurtigt højere alle med 10,volumeUpAll,da,,10,,
start all again,resumeAll,en,,,,
hurtigt sænk lydstyrken alt,volumeDownAll,da,,,,
vær venlig at skru ned 10 alting,volumeDownAll,da,,10,,
kan du stands alting,stopAll,da,,,,
skru op alle 25,volumeUpAll,da,,25,,
højere alle med 25,volumeUpAll,da,,25,,
hurtigt start alle igen,resumeAll,da,,,,
go ahead and turn down the volume everything,volumeDownAll,en,,,,
venligst skru ned for alting,volumeDownAll,da,,,,
just turn the sound back on everything,unmuteAll,en,,,,
hey quiet everything,muteAll,en,,,,
kan du afspil overalt,resumeAll,da,,,,
vær venlig at skru ned alting,volumeDownAll,da,,,,
venligst tænd lyden alting,unmuteAll,da,,,,
nu slå lyden fra for alle,muteAll,da,,,,
til for overalt,unmuteAll,da,,,,
fra for alting,muteAll,da,,,,
can you everything pause,pauseAll,en,,,,
right now kill the music everything,stopAll,en,,,,
kan du alt pause,pauseAll,da,,,,
nu skru op for alle med 25,volumeUpAll,da,,25,,
vær venlig at alle lavere,volumeDownAll,da,,,,
skru op 30 alt,volumeUpAll,da,,30,,
venligst skru op for overalt med 10,volumeUpAll,da,,10,,
gå og lyd på overalt,unmuteAll,da,,,,
jeg vil have at du pause alle,pauseAll,da,,,,
now bring music back everywhere,unmuteAll,en,,,,
sluk al lyd,muteAll,da,,,,
no audio everything,muteAll,en,,,,
lavere alle med 15,volumeDownAll,da,,15,,
unmute everything,unmuteAll,en,,,,
gå og lavere overalt med 15,volumeDownAll,da,,15,,
genoptag afspilning alt,resumeAll,da,,,,
sænk lydstyrken alting,volumeDownAll,da,,,,
can you less volume all,volumeDownAll,en,,,,
stop afspilningen alt,stopAll,da,,,,
i want you to i want everywhere to stop,stopAll,en,,,,
hey i want all to stop,stopAll,en,,,,
switch off everything,stopAll,en,,,,
can you quieter by 25 everything,volumeDownAll,en,,25,,
jeg vil have at du øg lydstyrken alt,volumeUpAll,da,,,,
venligst sæt alle i gang igen,resumeAll,da,,,,
gå og skru op for lyden overalt,volumeUpAll,da,,,,
right now louder by 20 all,volumeUpAll,en,,20,,
overalt stop,stopAll,da,,,,
i want you to raise volume everywhere 10,volumeUpAll,en,,10,,
hey resume all of them,resumeAll,en,,,,
go ahead and get everywhere playing again,resumeAll,en,,,,
vær venlig at sæt al afspilning på pause,pauseAll,da,,,,
i want you to turn off sound everywhere,muteAll,en,,,,
right now unsilence everywhere,unmuteAll,en,,,,
can you i need you to pause everything,pauseAll,en,,,,
quieter by 15 everywhere,volumeDownAll,en,,15,,
now sound on everything,unmuteAll,en,,,,
restore audio everything,unmuteAll,en,,,,
spil videre alt,resumeAll,da,,,,
nu tænd lyden alting,unmuteAll,da,,,,
kan du sluk lyden alle,muteAll,da,,,,
bare slå al lyd til,unmuteAll,da,,,,
vær venlig at skru ned 10 overalt,volumeDownAll,da,,10,,
jeg vil have at du tænd lyden overalt,unmuteAll,da,,,,
venligst stands musikken overalt,stopAll,da,,,,
shut off everywhere,stopAll,en,,,,
go ahead and quieter by 20 all,volumeDownAll,en,,20,,
quickly cut the sound all,muteAll,en,,,,
skru ned for alting med 10,volumeDownAll,da,,10,,
hey louder by 5 everywhere,volumeUpAll,en,,5,,
nu tavs for alt,muteAll,da,,,,
gå og slå lyden fra alting,muteAll,da,,,,
hurtigt øg lydstyrken overalt med 20,volumeUpAll,da,,20,,
nu sæt alting på pause,pauseAll,da,,,,
i want you to i need you to pause everywhere,pauseAll,en,,,,
vær venlig at stop alle enheder,stopAll,da,,,,
now everywhere pause,pauseAll,en,,,,
pause alt,pauseAll,da,,,,
vær venlig at pause alle højttalerne,pauseAll,da,,,,
i want you to switch off everywhere,stopAll,en,,,,
jeg vil have at du lyd igen alting,unmuteAll,da,,,,
venligst start alting igen,resumeAll,da,,,,
øg lydstyrken alle med 20,volumeUpAll,da,,20,,
go ahead and all unmute,unmuteAll,en,,,,
vær venlig at lydløs alt,muteAll,da,,,,
can you carry on everything,resumeAll,en,,,,
jeg vil have at du stop kortvarigt alting,pauseAll,da,,,,
sluk for lyden alle,muteAll,da,,,,
kan du giv lyden tilbage alting,unmuteAll,da,,,,
jeg vil have at du skru ned 15 alle,volumeDownAll,da,,15,,
can you cut the audio all,stopAll,en,,,,
right now lower volume everywhere 25,volumeDownAll,en,,25,,
shut up everything,muteAll,en,,,,
hurtigt sluk alt,stopAll,da,,,,
can you unmute everything,unmuteAll,en,,,,
vær venlig at stands al musik,stopAll,da,,,,
right now make everywhere silent,muteAll,en,,,,
kan du lyd op alle,unmuteAll,da,,,,
can you turn off sound everywhere,muteAll,en,,,,
hurtigt lavere overalt med 15,volumeDownAll,da,,15,,
quickly louder everything by 25,volumeUpAll,en,,25,,
right now quieter everywhere,volumeDownAll,en,,,,
skru op for lyden alle,volumeUpAll,da,,,,
gå og start alt igen,resumeAll,da,,,,
nu sæt al afspilning på pause,pauseAll,da,,,,
now pause all playback,pauseAll,en,,,,
now down the volume everything 20,volumeDownAll,en,,20,,
i want you to hush everything,muteAll,en,,,,
i want you to pause every speaker,pauseAll,en,,,,
nu lavere alt med 10,volumeDownAll,da,,10,,
vær venlig at stop kortvarigt alting,pauseAll,da,,,,
jeg vil have at du slå lyden til for overalt,unmuteAll,da,,,,
venligst stop for alting,stopAll,da,,,,
hurtigt sæt det hele på pause,pauseAll,da,,,,
genoptag overalt,resumeAll,da,,,,
please stop all the music,stopAll,en,,,,
now restart music everywhere,resumeAll,en,,,,
bare stands alt,stopAll,da,,,,
kan du lyd på alt,unmuteAll,da,,,,
kan du slå overalt fra,muteAll,da,,,,
hush everything,muteAll,en,,,,
can you hit pause on all,pauseAll,en,,,,
raise volume everywhere 20,volumeUpAll,en,,20,,
please put it all on pause,pauseAll,en,,,,
gå og tænd lyden alt,unmuteAll,da,,,,
vær venlig at højere alting,volumeUpAll,da,,,,
venligst alt stille,muteAll,da,,,,
just volume up all by 30,volumeUpAll,en,,30,,
bare sænk lydstyrken alle,volumeDownAll,da,,,,
quickly go silent all,muteAll,en,,,,
can you all volume down,volumeDownAll,en,,,,
now up the volume everywhere,volumeUpAll,en,,,,
quickly resume everything,resumeAll,en,,,,
hurtigt stille alle,muteAll,da,,,,
alting lyd til,unmuteAll,da,,,,
turn it down everything,volumeDownAll,en,,,,
just abort everything,stopAll,en,,,,
stop briefly all,pauseAll,en,,,,
just louder everything by 5,volumeUpAll,en,,5,,
bare hold pause alting,pauseAll,da,,,,
stop al musik,stopAll,da,,,,
vær venlig at hold alting,pauseAll,da,,,,
quickly bring back the sound everything,unmuteAll,en,,,,
aktiver lyd alting,unmuteAll,da,,,,
go ahead and down the volume all 15,volumeDownAll,en,,15,,
turn the sound back on all,unmuteAll,en,,,,
please mute all devices,muteAll,en,,,,
gå og slå alt til,unmuteAll,da,,,,
venligst alting stop,stopAll,da,,,,
nu slå lyden fra alt,muteAll,da,,,,
nu slå alting til,unmuteAll,da,,,,
can you mute all devices,muteAll,en,,,,
can you resume everything,resumeAll,en,,,,
please audio on everywhere,unmuteAll,en,,,,
genoptag alle,resumeAll,da,,,,
quickly mute all speakers,muteAll,en,,,,
kan du pause al musik,pauseAll,da,,,,
mute all of them,muteAll,en,,,,
everywhere pause,pauseAll,en,,,,
please disable sound all,muteAll,en,,,,
i need you to stop all the music,stopAll,en,,,,
now end all music,stopAll,en,,,,
bring back the sound everywhere,unmuteAll,en,,,,
please volume up all 25,volumeUpAll,en,,25,,
nu øg lydstyrken alle med 30,volumeUpAll,da,,30,,
venligst pause musikken overalt,pauseAll,da,,,,
disable sound all,muteAll,en,,,,
skru op 5 alt,volumeUpAll,da,,5,,
lavere alting med 15,volumeDownAll,da,,15,,
videre alting,resumeAll,da,,,,
please play everything again,resumeAll,en,,,,
now volume up everything,volumeUpAll,en,,,,
just press pause everything,pauseAll,en,,,,
hey volume down everything 30,volumeDownAll,en,,30,,
now softer everything,volumeDownAll,en,,,,
sluk for alle højttalerne,stopAll,da,,,,
hurtigt sluk for al musik,stopAll,da,,,,
go ahead and hit pause on everywhere,pauseAll,en,,,,
venligst slå overalt fra,muteAll,da,,,,
vær venlig at skru ned alt 30,volumeDownAll,da,,30,,
kan du skru ned for lyden overalt,volumeDownAll,da,,,,
skru ned for alt med 20,volumeDownAll,da,,20,,
continue playing all,resumeAll,en,,,,
bare spil videre alting,resumeAll,da,,,,
venligst spil videre overalt,resumeAll,da,,,,
just hold everything,pauseAll,en,,,,
let it play all,resumeAll,en,,,,
jeg vil have at du højere alle med 5,volumeUpAll,da,,5,,
kill lyden alle,stopAll,da,,,,
louder all by 25,volumeUpAll,en,,25,,
volume down all by 30,volumeDownAll,en,,30,,
right now audio on everything,unmuteAll,en,,,,
volume up all by 30,volumeUpAll,en,,30,,
kill lyden alt,stopAll,da,,,,
slå lyden til for alt,unmuteAll,da,,,,
nu højere overalt med 15,volumeUpAll,da,,15,,
bare luk alt,stopAll,da,,,,
vær venlig at stop for overalt,stopAll,da,,,,
right now end all music,stopAll,en,,,,
stop afspilningen alle,stopAll,da,,,,
jeg vil have at du øg lydstyrken alting med 10,volumeUpAll,da,,10,,
bare skru lavere alting,volumeDownAll,da,,,,
gå og lavere alt med 20,volumeDownAll,da,,20,,
right now make it quieter everything,volumeDownAll,en,,,,
bare stop al musik,stopAll,da,,,,
nu lyd igen alle,unmuteAll,da,,,,
kan du lydfri overalt,muteAll,da,,,,
can you un-mute everything,unmuteAll,en,,,,
hurtigt giv al lyd tilbage,unmuteAll,da,,,,
lower volume everything 30,volumeDownAll,en,,30,,
now bring music back everything,unmuteAll,en,,,,
just bring back the sound everything,unmuteAll,en,,,,
can you all resume,resumeAll,en,,,,
nu lyd til alting,unmuteAll,da,,,,
gå og alt stille,muteAll,da,,,,
i want you to resume all playback,resumeAll,en,,,,
turn off sound everywhere,muteAll,en,,,,
hey mute all devices,muteAll,en,,,,
now volume up everything 10,volumeUpAll,en,,10,,
skru ned for overalt med 20,volumeDownAll,da,,20,,
venligst sluk for lyden alting,muteAll,da,,,,
skru ned alt 15,volumeDownAll,da,,15,,
lyd igen alting,unmuteAll,da,,,,
turn off sound all,muteAll,en,,,,
venligst tænd for lyden alt,unmuteAll,da,,,,
jeg vil have at du skru op for lyden alting,volumeUpAll,da,,,,
stop all devices,stopAll,en,,,,
kan du kør alle,resumeAll,da,,,,
venligst lyd igen alt,unmuteAll,da,,,,
bare frys alle,pauseAll,da,,,,
venligst slå alting til,unmuteAll,da,,,,
can you everything mute,muteAll,en,,,,
hurtigt sluk for lyden overalt,muteAll,da,,,,
vær venlig at øg lydstyrken alting med 30,volumeUpAll,da,,30,,
hey kill the sound everything,muteAll,en,,,,
turn down the volume all,volumeDownAll,en,,,,
just quieter everything by 5,volumeDownAll,en,,5,,
slå lyden til alle,unmuteAll,da,,,,
volume down everywhere by 20,volumeDownAll,en,,20,,
can you pause everything,pauseAll,en,,,,
alle lyd til,unmuteAll,da,,,,
can you continue all music,resumeAll,en,,,,
skru lavere overalt,volumeDownAll,da,,,,
stop music all,stopAll,en,,,,
gå og sluk alt,stopAll,da,,,,
venligst sænk lydstyrken alt med 10,volumeDownAll,da,,10,,
right now disable sound everything,muteAll,en,,,,
slå lyden fra alting,muteAll,da,,,,
now pause all the music,pauseAll,en,,,,
just all play,resumeAll,en,,,,
bare stop alt sammen,stopAll,da,,,,
vær venlig at deaktiver lyd alt,muteAll,da,,,,
now shut off all,stopAll,en,,,,
i need you to quiet all,muteAll,en,,,,
gør det højere overalt,volumeUpAll,da,,,,
please restart music everywhere,resumeAll,en,,,,
skru ned for overalt med 30,volumeDownAll,da,,30,,
right now mute everywhere,muteAll,en,,,,
venligst alt tavs,muteAll,da,,,,
carry on everywhere,resumeAll,en,,,,
quickly go quiet everything,muteAll,en,,,,
raise volume everything 15,volumeUpAll,en,,15,,
just lower everywhere,volumeDownAll,en,,,,
i need you to stop all speakers,stopAll,en,,,,
skru ned overalt 20,volumeDownAll,da,,20,,
less volume all,volumeDownAll,en,,,,
now raise volume everywhere 10,volumeUpAll,en,,10,,
hold al musik,pauseAll,da,,,,
lower volume everywhere 15,volumeDownAll,en,,15,,
gå og skru ned 30 alle,volumeDownAll,da,,30,,
right now lower all,volumeDownAll,en,,,,
all pause,pauseAll,en,,,,
gå og stop kortvarigt overalt,pauseAll,da,,,,
just resume all speakers,resumeAll,en,,,,
hey stop every device,stopAll,en,,,,
please turn audio back on all,unmuteAll,en,,,,
hurtigt tænd lyden overalt,unmuteAll,da,,,,
now no audio everything,muteAll,en,,,,
quieter everywhere,volumeDownAll,en,,,,
volume down everywhere by 25,volumeDownAll,en,,25,,
quickly up the volume everything 30,volumeUpAll,en,,30,,
can you cut the audio everywhere,stopAll,en,,,,
can you unsilence all,unmuteAll,en,,,,
right now unmute all speakers,unmuteAll,en,,,,
afspil alle højttalerne,resumeAll,da,,,,
kan du overalt lyd til,unmuteAll,da,,,,
go ahead and stop all tracks,stopAll,en,,,,
volume down everything 25,volumeDownAll,en,,25,,
unmute all speakers,unmuteAll,en,,,,
just silence everything,stopAll,en,,,,
now pause the music all,pauseAll,en,,,,
kan du pause alle,pauseAll,da,,,,
nu slå lyden til for alle,unmuteAll,da,,,,
just turn off everywhere,stopAll,en,,,,
pause alt samen,pauseAll,da,,,,
hurtigt overalt stop,stopAll,da,,,,
jeg vil have at du tavs alting,muteAll,da,,,,
i need you to louder by 15 everything,volumeUpAll,en,,15,,
hold everywhere,pauseAll,en,,,,
hurtigt højere overalt med 25,volumeUpAll,da,,25,,
stop right now everything,stopAll,en,,,,
quiet everywhere,muteAll,en,,,,
nu gør lydstyrken højere alle,volumeUpAll,da,,,,
unsilence everything,unmuteAll,en,,,,
vær venlig at stop kortvarigt overalt,pauseAll,da,,,,
stands alt,stopAll,da,,,,
kan du genoptag afspilning alle,resumeAll,da,,,,
stop all the music,stopAll,en,,,,
i want you to suspend everything,pauseAll,en,,,,
slå lyden til alt,unmuteAll,da,,,,
lyd igen alle,unmuteAll,da,,,,
venligst sæt alting i gang igen,resumeAll,da,,,,
i want you to pause all speakers,pauseAll,en,,,,
stop the music everywhere,stopAll,en,,,,
jeg vil have at du pause musikken alting,pauseAll,da,,,,
hurtigt ingen lyd alt,muteAll,da,,,,
quickly unmute everywhere,unmuteAll,en,,,,
hurtigt lydstyrke op alt,volumeUpAll,da,,,,
jeg vil have at du ingen lyd alle,muteAll,da,,,,
play again everything,resumeAll,en,,,,
gå og deaktiver lyd overalt,muteAll,da,,,,
kan du start overalt igen,resumeAll,da,,,,
right now restart music all,resumeAll,en,,,,
gå og skru ned for overalt,volumeDownAll,da,,,,
gå og sluk for alle højttalerne,stopAll,da,,,,
i want you to resume sound everywhere,unmuteAll,en,,,,
bare lydstyrke ned alt,volumeDownAll,da,,,,
hey turn it down everything 30,volumeDownAll,en,,30,,
gå og afspil alt igen,resumeAll,da,,,,
go ahead and pause all of them,pauseAll,en,,,,
sænk lydstyrken alle,volumeDownAll,da,,,,
skru ned 20 alle,volumeDownAll,da,,20,,
højere alting med 20,volumeUpAll,da,,20,,
just raise volume all 20,volumeUpAll,en,,20,,
i want you to all quiet everything,muteAll,en,,,,
right now start playing all,resumeAll,en,,,,
kan du skru ned for lyden alt,volumeDownAll,da,,,,
hey play everything again,resumeAll,en,,,,
hey volume up everything by 20,volumeUpAll,en,,20,,
hey raise the volume everything,volumeUpAll,en,,,,
i need you to pause the music everything,pauseAll,en,,,,
now make it louder everything,volumeUpAll,en,,,,
nu skru op for alt med 5,volumeUpAll,da,,5,,
quickly volume down all by 15,volumeDownAll,en,,15,,
jeg vil have at du skru op for alt,volumeUpAll,da,,,,
hey stop playing everything,stopAll,en,,,,
bare alle tavs,muteAll,da,,,,
gå og alt lavere,volumeDownAll,da,,,,
all quiet everything,muteAll,en,,,,
hey pause all audio,pauseAll,en,,,,
can you quieter by 20 everything,volumeDownAll,en,,20,,
hey raise volume everything 25,volumeUpAll,en,,25,,
skru op 15 alt,volumeUpAll,da,,15,,
sluk lyden alle,muteAll,da,,,,
venligst skru ned overalt 20,volumeDownAll,da,,20,,
right now restore sound everywhere,unmuteAll,en,,,,
venligst frys overalt,pauseAll,da,,,,
hurtigt deaktiver lyd alle,muteAll,da,,,,
i want you to volume down everywhere 10,volumeDownAll,en,,10,,
hey make everything silent,muteAll,en,,,,
vær venlig at stop alle,stopAll,da,,,,
vær venlig at sluk al lyd,muteAll,da,,,,
hush all,muteAll,en,,,,
bare stop for alt,stopAll,da,,,,
hey up the volume everything 20,volumeUpAll,en,,20,,
i want you to turn it up everywhere,volumeUpAll,en,,,,
go ahead and turn up the volume everything,volumeUpAll,en,,,,
just less volume all,volumeDownAll,en,,,,
bring back the sound all,unmuteAll,en,,,,
slå alle til,unmuteAll,da,,,,
nu gør det højere alting,volumeUpAll,da,,,,
just stop all of them,stopAll,en,,,,
skru op overalt 10,volumeUpAll,da,,10,,
please quiet everywhere,muteAll,en,,,,
jeg vil have at du skru ned overalt 10,volumeDownAll,da,,10,,
bare sænk lydstyrken alting med 20,volumeDownAll,da,,20,,
vær venlig at tavs for alle,muteAll,da,,,,
gå og hold alle,pauseAll,da,,,,
skru ned 25 alt,volumeDownAll,da,,25,,
nu slå al lyd til,unmuteAll,da,,,,
nu sæt det hele i gang igen,resumeAll,da,,,,
vær venlig at lyd op alle,volumeUpAll,da,,,,
bare skru lavere alle,volumeDownAll,da,,,,
go ahead and no audio all,muteAll,en,,,,
just stop right now everywhere,stopAll,en,,,,
put everything on pause,pauseAll,en,,,,
all volume up,volumeUpAll,en,,,,
up the volume everything 25,volumeUpAll,en,,25,,
volume up everything,volumeUpAll,en,,,,
hey make everything audible again,unmuteAll,en,,,,
bare hold pause overalt,pauseAll,da,,,,
hurtigt luk alle,stopAll,da,,,,
right now lower volume everywhere 5,volumeDownAll,en,,5,,
resume all of them,resumeAll,en,,,,
nu pause alt samen,pauseAll,da,,,,
nu slå alt fra,muteAll,da,,,,
i want you to unmute everything,unmuteAll,en,,,,
go ahead and lower volume everything 20,volumeDownAll,en,,20,,
slå alting fra,muteAll,da,,,,
skru op alt 5,volumeUpAll,da,,5,,
go ahead and quieter everywhere by 10,volumeDownAll,en,,10,,
less volume everything,volumeDownAll,en,,,,
right now everywhere mute,muteAll,en,,,,
hey stop all playback,stopAll,en,,,,
vær venlig at lad alting spille,resumeAll,da,,,,
right now volume up all by 10,volumeUpAll,en,,10,,
tavs for alting,muteAll,da,,,,
hey pause all tracks,pauseAll,en,,,,
can you up the volume everywhere 30,volumeUpAll,en,,30,,
venligst ingen lyd alt,muteAll,da,,,,
go silent all,muteAll,en,,,,
hurtigt slå lyden til for alting,unmuteAll,da,,,,
quieter by 10 all,volumeDownAll,en,,10,,
resume all playback,resumeAll,en,,,,
kan du stands al musik,stopAll,da,,,,
quickly audio on everywhere,unmuteAll,en,,,,
right now everywhere resume,resumeAll,en,,,,
luk ned overalt,stopAll,da,,,,
kan du sluk for al musik,stopAll,da,,,,
bare højere alle med 10,volumeUpAll,da,,10,,
skru ned alting,volumeDownAll,da,,,,
nu lavere alle med 5,volumeDownAll,da,,5,,
quickly turn it down everywhere 20,volumeDownAll,en,,20,,
quickly all mute,muteAll,en,,,,
genoptag afspilning alting,resumeAll,da,,,,
play on all,resumeAll,en,,,,
i need you to everywhere volume up,volumeUpAll,en,,,,
quickly lower everywhere,volumeDownAll,en,,,,
jeg vil have at du giv lyden tilbage overalt,unmuteAll,da,,,,
hey cut the sound everything,muteAll,en,,,,
stop briefly everywhere,pauseAll,en,,,,
kan du sluk alt,stopAll,da,,,,
mere lyd alle,volumeUpAll,da,,,,
hurtigt sæt det hele i gang igen,resumeAll,da,,,,
just everything volume up,volumeUpAll,en,,,,
vær venlig at skru ned alting 15,volumeDownAll,da,,15,,
gå og lyd til alle,unmuteAll,da,,,,
please mute everything playing,muteAll,en,,,,
kill lyden overalt,stopAll,da,,,,
sound on all,unmuteAll,en,,,,
go ahead and turn off everywhere,stopAll,en,,,,
jeg vil have at du skru op 10 overalt,volumeUpAll,da,,10,,
volume up everywhere by 5,volumeUpAll,en,,5,,
mindre lyd alt,volumeDownAll,da,,,,
gå og mindre lyd alting,volumeDownAll,da,,,,
nu stop musikken alting,stopAll,da,,,,
vær venlig at mere lyd alting,volumeUpAll,da,,,,
play everywhere,resumeAll,en,,,,
højere alt med 25,volumeUpAll,da,,25,,
go ahead and play again everywhere,resumeAll,en,,,,
nu øg lydstyrken alt,volumeUpAll,da,,,,
øg lydstyrken alt med 30,volumeUpAll,da,,30,,
vær venlig at sænk lydstyrken alle med 5,volumeDownAll,da,,5,,
i need you to louder everywhere by 30,volumeUpAll,en,,30,,
tænd for lyd alting,unmuteAll,da,,,,
hey stop the whole lot,stopAll,en,,,,
nu overalt højere,volumeUpAll,da,,,,
nu afslut alle,stopAll,da,,,,
bare gør det lavere overalt,volumeDownAll,da,,,,
i need you to no sound everywhere,muteAll,en,,,,
bare afspil alle højttalerne,resumeAll,da,,,,
i want you to go quiet everywhere,muteAll,en,,,,
jeg vil have at du stop musikken alle,stopAll,da,,,,
jeg vil have at du sænk lydstyrken alting med 25,volumeDownAll,da,,25,,
nu aktiver lyd alle,unmuteAll,da,,,,
afslut overalt,stopAll,da,,,,
bare gør lydstyrken højere alting,volumeUpAll,da,,,,
please decrease volume everywhere,volumeDownAll,en,,,,
vær venlig at tavs alting,muteAll,da,,,,
now put everything on hold,pauseAll,en,,,,
now louder by 10 everything,volumeUpAll,en,,10,,
bring music back everywhere,unmuteAll,en,,,,
please volume down all,volumeDownAll,en,,,,
right now pause the music all,pauseAll,en,,,,
venligst sæt overalt på pause,pauseAll,da,,,,
hurtigt skru højere alt,volumeUpAll,da,,,,
can you shut up everywhere,muteAll,en,,,,
please softer everywhere,volumeDownAll,en,,,,
nu start afspilning overalt,resumeAll,da,,,,
boost volume all,volumeUpAll,en,,,,
go ahead and all louder,volumeUpAll,en,,,,
just pause all of them,pauseAll,en,,,,
louder by 20 everything,volumeUpAll,en,,20,,
slå alle fra,muteAll,da,,,,
jeg vil have at du skru op 20 overalt,volumeUpAll,da,,20,,
sænk lydstyrken alle med 15,volumeDownAll,da,,15,,
volume down everything 5,volumeDownAll,en,,5,,
enable sound everywhere,unmuteAll,en,,,,
quickly enable sound all,unmuteAll,en,,,,
skru op 30 overalt,volumeUpAll,da,,30,,
just mute everywhere,muteAll,en,,,,
can you play everywhere,resumeAll,en,,,,
all mute,muteAll,en,,,,
please pause everything,pauseAll,en,,,,
up the volume everything 20,volumeUpAll,en,,20,,
øg lydstyrken overalt med 30,volumeUpAll,da,,30,,
kan du luk ned alt,stopAll,da,,,,
quieter by 30 all,volumeDownAll,en,,30,,
lydløs alt,muteAll,da,,,,
skru op for alle med 15,volumeUpAll,da,,15,,
nu spil videre overalt,resumeAll,da,,,,
sluk for lyden overalt,muteAll,da,,,,
alle pause,pauseAll,da,,,,
gå og kill lyden alt,stopAll,da,,,,
i need you to everything volume up,volumeUpAll,en,,,,
just raise volume all 25,volumeUpAll,en,,25,,
venligst tænd al lyd,unmuteAll,da,,,,
bare alt stop,stopAll,da,,,,
vær venlig at luk overalt,stopAll,da,,,,
vær venlig at pause musikken alle,pauseAll,da,,,,
right now unmute everywhere,unmuteAll,en,,,,
turn it down everywhere 25,volumeDownAll,en,,25,,
raise volume everything 20,volumeUpAll,en,,20,,
jeg vil have at du til for alle,unmuteAll,da,,,,
can you turn it up everything,volumeUpAll,en,,,,
skru ned alle,volumeDownAll,da,,,,
jeg vil have at du pause alle højttalerne,pauseAll,da,,,,
jeg vil have at du genoptag afspilning alting,resumeAll,da,,,,
hurtigt slå alt til,unmuteAll,da,,,,
bare skru ned alt 5,volumeDownAll,da,,5,,
vær venlig at pause alt,pauseAll,da,,,,
go ahead and louder all by 10,volumeUpAll,en,,10,,
kan du hold pause alt,pauseAll,da,,,,
now resume all music,resumeAll,en,,,,
hey mute all,muteAll,en,,,,
skru ned for overalt med 10,volumeDownAll,da,,10,,
stop every device,stopAll,en,,,,
kan du afslut al afspilning,stopAll,da,,,,
kill everything,stopAll,en,,,,
right now volume up everywhere 30,volumeUpAll,en,,30,,
i need you to press pause all,pauseAll,en,,,,
skru op alle 5,volumeUpAll,da,,5,,
skru ned overalt 15,volumeDownAll,da,,15,,
lavere alting med 25,volumeDownAll,da,,25,,
right now make it quieter all,volumeDownAll,en,,,,
please lower volume everywhere 10,volumeDownAll,en,,10,,
stop alle højttalerne,stopAll,da,,,,
can you mute everything playing,muteAll,en,,,,
resume all speakers,resumeAll,en,,,,
kan du lydstyrke ned alt,volumeDownAll,da,,,,
please reduce volume everything,volumeDownAll,en,,,,
can you down the volume everything 15,volumeDownAll,en,,15,,
play on everywhere,resumeAll,en,,,,
deaktiver lyd overalt,muteAll,da,,,,
quickly boost volume everything,volumeUpAll,en,,,,
just put everything on hold,pauseAll,en,,,,
quickly bring it down everything,volumeDownAll,en,,,,
quickly all stop,stopAll,en,,,,
gå og lyd op alle,volumeUpAll,da,,,,
go ahead and continue playing all,resumeAll,en,,,,
hurtigt afslut al afspilning,stopAll,da,,,,
just down the volume everywhere 20,volumeDownAll,en,,20,,
volume down everything by 30,volumeDownAll,en,,30,,
kan du hold pause alle,pauseAll,da,,,,
videre overalt,resumeAll,da,,,,
skru op 20 overalt,volumeUpAll,da,,20,,
nu slå lyden til overalt,unmuteAll,da,,,,
please go silent everything,muteAll,en,,,,
gå og genoptag musikken overalt,resumeAll,da,,,,
i need you to enable sound all,unmuteAll,en,,,,
hurtigt alt lyd til,unmuteAll,da,,,,
go ahead and hold everything,pauseAll,en,,,,
abort everywhere,stopAll,en,,,,
just reduce volume all,volumeDownAll,en,,,,
right now crank it up everywhere,volumeUpAll,en,,,,
venligst sluk lyden alting,muteAll,da,,,,
just turn the sound back on everywhere,unmuteAll,en,,,,
gå og pause musikken overalt,pauseAll,da,,,,
stop musikken overalt,stopAll,da,,,,
volume up everywhere 15,volumeUpAll,en,,15,,
sænk lydstyrken alt med 30,volumeDownAll,da,,30,,
down the volume everything 30,volumeDownAll,en,,30,,
turn it up everything 25,volumeUpAll,en,,25,,
can you everywhere volume down,volumeDownAll,en,,,,
can you kill audio all,stopAll,en,,,,
venligst tavs for alle,muteAll,da,,,,
kan du sænk lydstyrken alle med 30,volumeDownAll,da,,30,,
go ahead and no sound everything,muteAll,en,,,,
just louder everywhere by 10,volumeUpAll,en,,10,,
slå lyden til for alting,unmuteAll,da,,,,
cut the audio all,stopAll,en,,,,
gå og spil videre alt,resumeAll,da,,,,
i want everywhere to stop,stopAll,en,,,,
now everywhere resume,resumeAll,en,,,,
kan du højere alle med 5,volumeUpAll,da,,5,,
quickly keep playing everywhere,resumeAll,en,,,,
i need you to put it all on pause,pauseAll,en,,,,
stands alting,stopAll,da,,,,
kan du sæt det hele på pause,pauseAll,da,,,,
kill lyden alting,stopAll,da,,,,
kan du skru ned for alt,volumeDownAll,da,,,,
jeg vil have at du tavs alle,muteAll,da,,,,
start afspilning alle,resumeAll,da,,,,
quieter all,volumeDownAll,en,,,,
quickly carry on everything,resumeAll,en,,,,
lad alt spille,resumeAll,da,,,,
pause alle afspillere,pauseAll,da,,,,
just make it louder all,volumeUpAll,en,,,,
venligst tænd for lyd alting,unmuteAll,da,,,,
i need you to volume up everywhere 10,volumeUpAll,en,,10,,
bare sæt alt på pause,pauseAll,da,,,,
gå og sæt alt på pause,pauseAll,da,,,,
jeg vil have at du slå lyden til alting,unmuteAll,da,,,,
kan du stop alt sammen,stopAll,da,,,,
go ahead and shut up everywhere,muteAll,en,,,,
i need you to volume down everything by 30,volumeDownAll,en,,30,,
now enable sound everywhere,unmuteAll,en,,,,
venligst afspil alt igen,resumeAll,da,,,,
gå og sluk al lyd,muteAll,da,,,,
slå lyden fra for alle,muteAll,da,,,,
right now volume down everything by 10,volumeDownAll,en,,10,,
continue playing everything,resumeAll,en,,,,
bare stop kortvarigt alt,pauseAll,da,,,,
jeg vil have at du skru op for alt med 25,volumeUpAll,da,,25,,
bare stop for overalt,stopAll,da,,,,
i need you to no audio everywhere,muteAll,en,,,,
quiet all,muteAll,en,,,,
just stop all the music,stopAll,en,,,,
turn off all,stopAll,en,,,,
keep playing everywhere,resumeAll,en,,,,
can you turn off sound all,muteAll,en,,,,
right now turn off all,stopAll,en,,,,
quickly freeze everywhere,pauseAll,en,,,,
vær venlig at skru lavere alt,volumeDownAll,da,,,,
gå og skru op alting,volumeUpAll,da,,,,
vær venlig at gør alting stille,muteAll,da,,,,
vær venlig at slå lyden til for overalt,unmuteAll,da,,,,
quickly continue all,resumeAll,en,,,,
gå og genoptag musikken alle,resumeAll,da,,,,
pause the music everywhere,pauseAll,en,,,,
now boost volume everywhere,volumeUpAll,en,,,,
go ahead and pause everything,pauseAll,en,,,,
now all mute,muteAll,en,,,,
hurtigt hold alting,pauseAll,da,,,,
bare sluk for al musik,stopAll,da,,,,
fortsæt overalt,resumeAll,da,,,,
lyd på alt,unmuteAll,da,,,,
un-mute all,unmuteAll,en,,,,
jeg vil have at du luk ned alt,stopAll,da,,,,
go quiet everything,muteAll,en,,,,
hey resume sound everywhere,unmuteAll,en,,,,
jeg vil have at du skru ned 30 alle,volumeDownAll,da,,30,,
hurtigt skru op for alting med 25,volumeUpAll,da,,25,,
lydfri alle,muteAll,da,,,,
i want you to turn it down everywhere 5,volumeDownAll,en,,5,,
all unmute,unmuteAll,en,,,,
i need you to shut up everything,muteAll,en,,,,
bare øg lydstyrken overalt med 10,volumeUpAll,da,,10,,
quickly kill audio everything,stopAll,en,,,,
hey down the volume everywhere 5,volumeDownAll,en,,5,,
i want you to mute everything,muteAll,en,,,,
go ahead and play everything again,resumeAll,en,,,,
bare skru op alle 25,volumeUpAll,da,,25,,
nu gør alle stille,muteAll,da,,,,
can you resume all,resumeAll,en,,,,
venligst hold al musik,pauseAll,da,,,,
jeg vil have at du sluk alle,stopAll,da,,,,
sænk lydstyrken alle med 10,volumeDownAll,da,,10,,
quieter everywhere by 25,volumeDownAll,en,,25,,
turn the sound back on everywhere,unmuteAll,en,,,,
i want you to silence all,stopAll,en,,,,
i need you to mute everywhere,muteAll,en,,,,
now make everything stop,stopAll,en,,,,
sluk for lyden alting,muteAll,da,,,,
jeg vil have at du skru op for overalt med 30,volumeUpAll,da,,30,,
can you stop all tracks,stopAll,en,,,,
bare hold al musik,pauseAll,da,,,,
kan du stands musikken alle,stopAll,da,,,,
vær venlig at skru op for alt med 25,volumeUpAll,da,,25,,
vær venlig at skru ned 15 overalt,volumeDownAll,da,,15,,
hurtigt stop alt sammen,stopAll,da,,,,
nu fra for alt,muteAll,da,,,,
just quieter everywhere by 20,volumeDownAll,en,,20,,
now get everywhere playing again,resumeAll,en,,,,
kan du alle lavere,volumeDownAll,da,,,,
just everywhere quieter,volumeDownAll,en,,,,
get the sound back everything,unmuteAll,en,,,,
louder all by 30,volumeUpAll,en,,30,,
nu alle pause,pauseAll,da,,,,
bare skru ned overalt 25,volumeDownAll,da,,25,,
hurtigt slå overalt til,unmuteAll,da,,,,
i need you to turn it down everything,volumeDownAll,en,,,,
now shut up all,muteAll,en,,,,
alting pause,pauseAll,da,,,,
jeg vil have at du pause alle enheder,pauseAll,da,,,,
right now all quieter,volumeDownAll,en,,,,
nu slå lyden til for alting,unmuteAll,da,,,,
can you mute all of them,muteAll,en,,,,
turn it down all 15,volumeDownAll,en,,15,,
raise volume all 10,volumeUpAll,en,,10,,
nu slå lyden til alle,unmuteAll,da,,,,
bare skru ned alle 15,volumeDownAll,da,,15,,
can you halt everything,stopAll,en,,,,
please shut off everywhere,stopAll,en,,,,
skru op alle 30,volumeUpAll,da,,30,,
kan du pause alting,pauseAll,da,,,,
end everywhere,stopAll,en,,,,
nu skru ned alt 25,volumeDownAll,da,,25,,
jeg vil have at du spil alle,resumeAll,da,,,,
i need you to let it play everything,resumeAll,en,,,,
go ahead and louder by 10 all,volumeUpAll,en,,10,,
gå og skru op 20 alt,volumeUpAll,da,,20,,
slå alting til,unmuteAll,da,,,,
fra for alt,muteAll,da,,,,
right now all pause,pauseAll,en,,,,
hurtigt hold al musik,pauseAll,da,,,,
alt stille,muteAll,da,,,,
lavere alting med 20,volumeDownAll,da,,20,,
now louder by 5 everywhere,volumeUpAll,en,,5,,
turn it up all 5,volumeUpAll,en,,5,,
kan du øg volumen overalt,volumeUpAll,da,,,,
jeg vil have at du øg lydstyrken alle med 10,volumeUpAll,da,,10,,
øg lydstyrken alle,volumeUpAll,da,,,,
bare sæt al afspilning på pause,pauseAll,da,,,,
gå og pause al musik,pauseAll,da,,,,
bare fra for alt,muteAll,da,,,,
stop for alting,stopAll,da,,,,
i want you to louder everything by 10,volumeUpAll,en,,10,,
go ahead and turn it up everything 5,volumeUpAll,en,,5,,
can you hit pause on everything,pauseAll,en,,,,
bare pause alt musik,pauseAll,da,,,,
venligst slå lyden til for alting,unmuteAll,da,,,,
i need you to all pause,pauseAll,en,,,,
no audio everywhere,muteAll,en,,,,
nu pause overalt,pauseAll,da,,,,
sluk for alting,stopAll,da,,,,
kan du sluk for lyden alle,muteAll,da,,,,
less volume everywhere,volumeDownAll,en,,,,
now start playing everywhere,resumeAll,en,,,,
hurtigt lyd på overalt,unmuteAll,da,,,,
i want you to no sound everywhere,muteAll,en,,,,
kan du tænd lyden alle,unmuteAll,da,,,,
go ahead and restore audio everything,unmuteAll,en,,,,
gå og skru ned for alting med 20,volumeDownAll,da,,20,,
venligst stop kortvarigt alt,pauseAll,da,,,,
i want you to cut the sound everywhere,muteAll,en,,,,
right now pause all the music,pauseAll,en,,,,
quickly everywhere unmute,unmuteAll,en,,,,
quickly all quiet all,muteAll,en,,,,
gå og lyd på alting,unmuteAll,da,,,,
venligst aktiver lyd alle,unmuteAll,da,,,,
skru ned alt 20,volumeDownAll,da,,20,,
gå og skru lavere alting,volumeDownAll,da,,,,
i want you to restore audio all,unmuteAll,en,,,,
un-mute everywhere,unmuteAll,en,,,,
right now mute all devices,muteAll,en,,,,
i need you to turn it down everywhere 30,volumeDownAll,en,,30,,
jeg vil have at du slå alle fra,muteAll,da,,,,
vær venlig at øg lydstyrken alt med 20,volumeUpAll,da,,20,,
i want you to kill all,stopAll,en,,,,
bare gør alt stille,muteAll,da,,,,
genoptag afspilning alle,resumeAll,da,,,,
sænk lydstyrken overalt med 30,volumeDownAll,da,,30,,
please enable sound all,unmuteAll,en,,,,
right now unmute all of them,unmuteAll,en,,,,
jeg vil have at du sluk overalt,stopAll,da,,,,
can you stop music everything,stopAll,en,,,,
hurtigt stop alle højttalerne,stopAll,da,,,,
please quieter everywhere,volumeDownAll,en,,,,
skru ned 25 alting,volumeDownAll,da,,25,,
i need you to pause all speakers,pauseAll,en,,,,
right now stop all speakers,stopAll,en,,,,
bare skru ned alting 30,volumeDownAll,da,,30,,
højere alting,volumeUpAll,da,,,,
continue everywhere,resumeAll,en,,,,
please sound on everywhere,unmuteAll,en,,,,
kan du skru op 30 alting,volumeUpAll,da,,30,,
vær venlig at slå lyden fra for alting,muteAll,da,,,,
hurtigt spil videre alt,resumeAll,da,,,,
no audio all,muteAll,en,,,,
can you turn it up all 30,volumeUpAll,en,,30,,
can you freeze everything,pauseAll,en,,,,
right now louder all by 15,volumeUpAll,en,,15,,
gå og højere alle med 15,volumeUpAll,da,,15,,
skru højere alt,volumeUpAll,da,,,,
i need you to continue all,resumeAll,en,,,,
nu tavs for alle,muteAll,da,,,,
right now all resume,resumeAll,en,,,,
quickly volume up everything by 15,volumeUpAll,en,,15,,
bare giv al lyd tilbage,unmuteAll,da,,,,
just make all audible again,unmuteAll,en,,,,
gå og gør lydstyrken højere overalt,volumeUpAll,da,,,,
lower volume all 15,volumeDownAll,en,,15,,
hold pause overalt,pauseAll,da,,,,
i need you to restore sound all,unmuteAll,en,,,,
kan du sæt alt på pause,pauseAll,da,,,,
please make everywhere audible again,unmuteAll,en,,,,
hurtigt sluk for lyden alting,muteAll,da,,,,
kør alle,resumeAll,da,,,,
hey turn it up everywhere 25,volumeUpAll,en,,25,,
kill the music all,stopAll,en,,,,
bare pause alting,pauseAll,da,,,,
everywhere mute,muteAll,en,,,,
venligst lavere alle med 10,volumeDownAll,da,,10,,
go ahead and volume up everywhere 20,volumeUpAll,en,,20,,
can you let it play everywhere,resumeAll,en,,,,
i want you to pick up everywhere,resumeAll,en,,,,
now kill the sound all,muteAll,en,,,,
everything stop,stopAll,en,,,,
hurtigt afslut alting,stopAll,da,,,,
pause all of them,pauseAll,en,,,,
hey volume up everywhere by 30,volumeUpAll,en,,30,,
quickly kill the sound everything,muteAll,en,,,,
vær venlig at øg lydstyrken alle med 25,volumeUpAll,da,,25,,
just mute all of them,muteAll,en,,,,
kan du lyd til overalt,unmuteAll,da,,,,
jeg vil have at du afspil alt igen,resumeAll,da,,,,
i want you to turn it up everything,volumeUpAll,en,,,,
tavs alting,muteAll,da,,,,
i want you to kill the sound all,muteAll,en,,,,
go ahead and pause every speaker,pauseAll,en,,,,
vær venlig at sænk lydstyrken alt med 5,volumeDownAll,da,,5,,
i want you to all quiet all,muteAll,en,,,,
hey kill the sound all,muteAll,en,,,,
right now disable sound everywhere,muteAll,en,,,,
gå og slå al lyd til,unmuteAll,da,,,,
gør lydstyrken højere alt,volumeUpAll,da,,,,
get all playing again,resumeAll,en,,,,
quickly turn it down everything 10,volumeDownAll,en,,10,,
can you crank it up all,volumeUpAll,en,,,,
lavere alle med 10,volumeDownAll,da,,10,,
slå lyden fra for overalt,muteAll,da,,,,
right now resume all music,resumeAll,en,,,,
kan du skru ned for alt med 15,volumeDownAll,da,,15,,
go ahead and turn it down everything 15,volumeDownAll,en,,15,,
hey hit pause on everything,pauseAll,en,,,,
kan du slå lyden fra for alting,muteAll,da,,,,
jeg vil have at du højere alting med 20,volumeUpAll,da,,20,,
quickly restore sound everywhere,unmuteAll,en,,,,
venligst skru op alt 25,volumeUpAll,da,,25,,
turn it up all 25,volumeUpAll,en,,25,,
just louder everything by 20,volumeUpAll,en,,20,,
vær venlig at skru ned 25 alting,volumeDownAll,da,,25,,
hurtigt lydstyrke ned alting,volumeDownAll,da,,,,
jeg vil have at du skru op 25 overalt,volumeUpAll,da,,25,,
right now no sound all,muteAll,en,,,,
i need you to halt everything,stopAll,en,,,,
i want you to pause all the music,pauseAll,en,,,,
hurtigt deaktiver lyd overalt,muteAll,da,,,,
right now lower volume everything 20,volumeDownAll,en,,20,,
nu luk ned alle,stopAll,da,,,,
i need you to turn it down all 20,volumeDownAll,en,,20,,
quickly pause all playback,pauseAll,en,,,,
hey volume down all by 10,volumeDownAll,en,,10,,
skru op for alt,volumeUpAll,da,,,,
skru op for alle med 30,volumeUpAll,da,,30,,
jeg vil have at du luk alting,stopAll,da,,,,
hurtigt luk overalt,stopAll,da,,,,
just hush everywhere,muteAll,en,,,,
stop for alle,stopAll,da,,,,
kan du hold overalt,pauseAll,da,,,,
i want you to everything volume down,volumeDownAll,en,,,,
hey all stop,stopAll,en,,,,
mute all devices,muteAll,en,,,,
bare slå lyden fra for alle,muteAll,da,,,,
i want you to down the volume everywhere 30,volumeDownAll,en,,30,,
go ahead and quieter everything by 15,volumeDownAll,en,,15,,
right now quieter by 15 all,volumeDownAll,en,,15,,
hurtigt til for alting,unmuteAll,da,,,,
jeg vil have at du sæt det hele på pause,pauseAll,da,,,,
hurtigt genoptag alle højttalere,resumeAll,da,,,,
jeg vil have at du sænk lydstyrken alle med 20,volumeDownAll,da,,20,,
hurtigt fra for alle,muteAll,da,,,,
right now press pause everything,pauseAll,en,,,,
continue everything,resumeAll,en,,,,
i want you to turn the sound back on everywhere,unmuteAll,en,,,,
i want you to quieter all by 20,volumeDownAll,en,,20,,
kan du øg lydstyrken alting med 5,volumeUpAll,da,,5,,
now boost volume everything,volumeUpAll,en,,,,
stop everything,stopAll,en,,,,
gå og pause alle enheder,pauseAll,da,,,,
venligst alting tavs,muteAll,da,,,,
please boost volume all,volumeUpAll,en,,,,
jeg vil have at du sæt lyden til alt,unmuteAll,da,,,,
kan du skru ned 15 alt,volumeDownAll,da,,15,,
play again all,resumeAll,en,,,,
cut the audio everything,stopAll,en,,,,
gå og fra for alting,muteAll,da,,,,
venligst skru ned 15 alting,volumeDownAll,da,,15,,
jeg vil have at du genoptag alting,resumeAll,da,,,,
quickly i need you to pause everywhere,pauseAll,en,,,,
just pause right now everything,pauseAll,en,,,,
just up the volume everywhere 20,volumeUpAll,en,,20,,
please louder by 15 everywhere,volumeUpAll,en,,15,,
til for alt,unmuteAll,da,,,,
right now pause all audio,pauseAll,en,,,,
gå og skru ned for alle med 5,volumeDownAll,da,,5,,
alting tavs,muteAll,da,,,,
vær venlig at slå lyden til alle,unmuteAll,da,,,,
vær venlig at skru op for alting med 10,volumeUpAll,da,,10,,
right now i need you to pause all,pauseAll,en,,,,
venligst skru op for lyden alle,volumeUpAll,da,,,,
unpause everywhere,resumeAll,en,,,,
venligst sæt det hele på pause,pauseAll,da,,,,
pause everywhere,pauseAll,en,,,,
nu sæt overalt på pause,pauseAll,da,,,,
i want you to disable sound everything,muteAll,en,,,,
kan du afslut alting,stopAll,da,,,,
disable sound everywhere,muteAll,en,,,,
kan du sæt alting på pause,pauseAll,da,,,,
hey hit pause on everywhere,pauseAll,en,,,,
kan du hold pause overalt,pauseAll,da,,,,
just down the volume everything,volumeDownAll,en,,,,
skru ned for alt med 15,volumeDownAll,da,,15,,
nu sluk for alle højttalerne,stopAll,da,,,,
quickly put it all on pause,pauseAll,en,,,,
please mute all of them,muteAll,en,,,,
please enable sound everything,unmuteAll,en,,,,
now more volume everywhere,volumeUpAll,en,,,,
turn audio back on everywhere,unmuteAll,en,,,,
luk ned alle,stopAll,da,,,,
can you get the sound back all,unmuteAll,en,,,,
gå og skru op 25 alt,volumeUpAll,da,,25,,
now play again all,resumeAll,en,,,,
hey down the volume everything 5,volumeDownAll,en,,5,,
nu spil alt,resumeAll,da,,,,
jeg vil have at du lydfri alle,muteAll,da,,,,
quickly pause right now everywhere,pauseAll,en,,,,
everywhere play,resumeAll,en,,,,
vær venlig at tænd for lyd overalt,unmuteAll,da,,,,
everywhere quieter,volumeDownAll,en,,,,
skru højere alle,volumeUpAll,da,,,,
quickly silence everything,muteAll,en,,,,
i want you to stop all tracks,stopAll,en,,,,
go ahead and resume sound all,unmuteAll,en,,,,
go ahead and pause right now everywhere,pauseAll,en,,,,
gå og hold al musik,pauseAll,da,,,,
right now all louder,volumeUpAll,en,,,,
kan du øg lydstyrken overalt med 10,volumeUpAll,da,,10,,
please up the volume everywhere,volumeUpAll,en,,,,
please stop the whole lot,stopAll,en,,,,
kan du stands alt,stopAll,da,,,,
i need you to no sound everything,muteAll,en,,,,
go ahead and get the sound back all,unmuteAll,en,,,,
just resume sound everything,unmuteAll,en,,,,
hey all louder,volumeUpAll,en,,,,
quieter by 25 all,volumeDownAll,en,,25,,
quickly quieter everything by 25,volumeDownAll,en,,25,,
pause alle højttalerne,pauseAll,da,,,,
venligst roligere alting,volumeDownAll,da,,,,
i need you to pause all the music,pauseAll,en,,,,
gå og genoptag al musik,resumeAll,da,,,,
i need you to pause all devices,pauseAll,en,,,,
hurtigt sæt alle på pause,pauseAll,da,,,,
kan du skru ned 20 alt,volumeDownAll,da,,20,,
bare kill lyden overalt,stopAll,da,,,,
raise volume all 20,volumeUpAll,en,,20,,
sæt det hele i gang igen,resumeAll,da,,,,
sæt alting på pause,pauseAll,da,,,,
vær venlig at sænk lydstyrken alt med 25,volumeDownAll,da,,25,,
now up the volume everywhere 25,volumeUpAll,en,,25,,
venligst lydstyrke ned alle,volumeDownAll,da,,,,
nu roligere alle,volumeDownAll,da,,,,
louder by 10 all,volumeUpAll,en,,10,,
un-mute everything,unmuteAll,en,,,,
now down the volume everywhere 5,volumeDownAll,en,,5,,
everything unmute,unmuteAll,en,,,,
can you resume all speakers,resumeAll,en,,,,
go ahead and kill the sound all,muteAll,en,,,,
now continue everywhere,resumeAll,en,,,,
skru ned alt,volumeDownAll,da,,,,
i need you to volume up everywhere,volumeUpAll,en,,,,
quickly down the volume all,volumeDownAll,en,,,,
please play again everywhere,resumeAll,en,,,,
bare alting lyd til,unmuteAll,da,,,,
quickly pause all audio,pauseAll,en,,,,
kill audio everywhere,stopAll,en,,,,
can you lower volume all 20,volumeDownAll,en,,20,,
jeg vil have at du skru lavere alle,volumeDownAll,da,,,,
vær venlig at skru op for alting,volumeUpAll,da,,,,
just reduce volume everything,volumeDownAll,en,,,,
turn audio back on all,unmuteAll,en,,,,
skru ned alting 30,volumeDownAll,da,,30,,
jeg vil have at du lavere overalt med 10,volumeDownAll,da,,10,,
quickly louder all,volumeUpAll,en,,,,
shut off all,stopAll,en,,,,
all quiet all,muteAll,en,,,,
can you louder all by 20,volumeUpAll,en,,20,,
go ahead and mute everything,muteAll,en,,,,
i want you to bring music back everywhere,unmuteAll,en,,,,
quickly kill everything,stopAll,en,,,,
right now go quiet all,muteAll,en,,,,
go ahead and kill the music everywhere,stopAll,en,,,,
kan du videre overalt,resumeAll,da,,,,
quieter everywhere by 15,volumeDownAll,en,,15,,
go ahead and go silent all,muteAll,en,,,,
hey restore sound everything,unmuteAll,en,,,,
bare skru ned for alt med 10,volumeDownAll,da,,10,,
hurtigt sænk lydstyrken overalt med 15,volumeDownAll,da,,15,,
nu sænk lydstyrken overalt med 5,volumeDownAll,da,,5,,
hurtigt sluk for alle højttalerne,stopAll,da,,,,
i need you to louder by 20 everything,volumeUpAll,en,,20,,
venligst slå lyden fra overalt,muteAll,da,,,,
bare alt tavs,muteAll,da,,,,
hey down the volume all 30,volumeDownAll,en,,30,,
venligst skru ned for alle med 5,volumeDownAll,da,,5,,
gå og lavere alting med 30,volumeDownAll,da,,30,,
hold everything,pauseAll,en,,,,
vær venlig at sluk for alle højttalerne,stopAll,da,,,,
please louder by 25 all,volumeUpAll,en,,25,,
nu sluk for al musik,stopAll,da,,,,
kan du skru ned for alting med 15,volumeDownAll,da,,15,,
hurtigt tavs alting,muteAll,da,,,,
louder everything by 30,volumeUpAll,en,,30,,
gå og genoptag afspilning alle,resumeAll,da,,,,
hey continue playing everywhere,resumeAll,en,,,,
sluk for lyden alt,muteAll,da,,,,
skru ned alting 25,volumeDownAll,da,,25,,
please kill everywhere,stopAll,en,,,,
kan du skru ned alting 10,volumeDownAll,da,,10,,
vær venlig at sænk lydstyrken alting med 25,volumeDownAll,da,,25,,
vær venlig at skru ned 15 alle,volumeDownAll,da,,15,,
frys alting,pauseAll,da,,,,
nu pause alle højttalerne,pauseAll,da,,,,
go ahead and enable sound everywhere,unmuteAll,en,,,,
just cut the audio all,stopAll,en,,,,
gå og sænk lydstyrken alle,volumeDownAll,da,,,,
venligst alting lavere,volumeDownAll,da,,,,
kan du lyd på overalt,unmuteAll,da,,,,
quickly unmute all of them,unmuteAll,en,,,,
hey volume up all by 5,volumeUpAll,en,,5,,
stands overalt,stopAll,da,,,,
can you turn the sound back on all,unmuteAll,en,,,,
can you go silent everything,muteAll,en,,,,
hey restore audio everything,unmuteAll,en,,,,
go ahead and pick up all,resumeAll,en,,,,
put everywhere on pause,pauseAll,en,,,,
please decrease the volume everything,volumeDownAll,en,,,,
hurtigt afspil alt,resumeAll,da,,,,
gå og luk ned alt,stopAll,da,,,,
go ahead and play everything,resumeAll,en,,,,
vær venlig at alle stop,stopAll,da,,,,
put it all on pause,pauseAll,en,,,,
hey keep playing everything,resumeAll,en,,,,
i need you to abort all,stopAll,en,,,,
venligst overalt pause,pauseAll,da,,,,
now stop briefly all,pauseAll,en,,,,
kill the music everywhere,stopAll,en,,,,
jeg vil have at du lyd til alle,unmuteAll,da,,,,
venligst lyd op alting,unmuteAll,da,,,,
now volume up all by 20,volumeUpAll,en,,20,,
quickly raise volume everywhere 20,volumeUpAll,en,,20,,
i want you to quieter by 25 all,volumeDownAll,en,,25,,
i want you to unsilence all,unmuteAll,en,,,,
nu gør det lavere overalt,volumeDownAll,da,,,,
skru ned 15 alting,volumeDownAll,da,,15,,
hey quieter by 15 all,volumeDownAll,en,,15,,
jeg vil have at du hold pause alle,pauseAll,da,,,,
stands musikken alt,stopAll,da,,,,
right now pause all devices,pauseAll,en,,,,
nu skru ned for overalt med 25,volumeDownAll,da,,25,,
venligst slå lyden til overalt,unmuteAll,da,,,,
hey kill the music all,stopAll,en,,,,
i want you to go quiet everything,muteAll,en,,,,
venligst gør det lavere alle,volumeDownAll,da,,,,
just pause all speakers,pauseAll,en,,,,
i need you to let it play all,resumeAll,en,,,,
please restore sound everything,unmuteAll,en,,,,
hey make all stop,stopAll,en,,,,
all play,resumeAll,en,,,,
bare start alt igen,resumeAll,da,,,,
right now start everything again,resumeAll,en,,,,
skru op 20 alting,volumeUpAll,da,,20,,
skru op alting 5,volumeUpAll,da,,5,,
i need you to decrease the volume all,volumeDownAll,en,,,,
i need you to down the volume everything,volumeDownAll,en,,,,
ingen lyd overalt,muteAll,da,,,,
quickly sound on all,unmuteAll,en,,,,
up the volume everything,volumeUpAll,en,,,,
jeg vil have at du sænk lydstyrken overalt med 25,volumeDownAll,da,,25,,
jeg vil have at du sluk for alle,stopAll,da,,,,
kan du stop al musik,stopAll,da,,,,
please softer all,volumeDownAll,en,,,,
videre alle,resumeAll,da,,,,
gå og afspil alle,resumeAll,da,,,,
i need you to decrease volume all,volumeDownAll,en,,,,
pause alt musik,pauseAll,da,,,,
hurtigt luk ned alting,stopAll,da,,,,
now volume down everything by 5,volumeDownAll,en,,5,,
stop alt sammen,stopAll,da,,,,
right now turn audio back on everything,unmuteAll,en,,,,
hurtigt start afspilning alle,resumeAll,da,,,,
skru op 15 alle,volumeUpAll,da,,15,,
please continue all music,resumeAll,en,,,,
jeg vil have at du slå alt til,unmuteAll,da,,,,
gå og lavere alle med 30,volumeDownAll,da,,30,,
venligst stop det hele,stopAll,da,,,,
just quieter by 20 everywhere,volumeDownAll,en,,20,,
gør det lavere alle,volumeDownAll,da,,,,
now hush everywhere,muteAll,en,,,,
hurtigt sæt alt på pause,pauseAll,da,,,,
jeg vil have at du lyd op alle,unmuteAll,da,,,,
silence everywhere,stopAll,en,,,,
venligst stop alle enheder,stopAll,da,,,,
vær venlig at ingen lyd alle,muteAll,da,,,,
jeg vil have at du stop al musik,stopAll,da,,,,
mute all speakers,muteAll,en,,,,
turn it up everything 30,volumeUpAll,en,,30,,
i need you to volume down everywhere by 5,volumeDownAll,en,,5,,
nu alt stille,muteAll,da,,,,
hey continue playing all,resumeAll,en,,,,
bare tænd al lyd,unmuteAll,da,,,,
hurtigt tænd lyden alting,unmuteAll,da,,,,
can you bring music back everything,unmuteAll,en,,,,
nu skru op 10 alt,volumeUpAll,da,,10,,
i want you to lower volume all 15,volumeDownAll,en,,15,,
venligst afslut al afspilning,stopAll,da,,,,
skru ned overalt,volumeDownAll,da,,,,
giv lyden tilbage alting,unmuteAll,da,,,,
everything louder,volumeUpAll,en,,,,
venligst stands alt,stopAll,da,,,,
turn off sound everything,muteAll,en,,,,
kan du slå alt fra,muteAll,da,,,,
go ahead and quieter by 5 all,volumeDownAll,en,,5,,
hold pause alt,pauseAll,da,,,,
bare spil videre alle,resumeAll,da,,,,
quieter all by 20,volumeDownAll,en,,20,,
right now louder everything by 30,volumeUpAll,en,,30,,
venligst stille alting,muteAll,da,,,,
hey cut the audio everything,stopAll,en,,,,
please stop all devices,stopAll,en,,,,
venligst skru ned for overalt med 25,volumeDownAll,da,,25,,
volume down all 20,volumeDownAll,en,,20,,
kan du genoptag alle højttalere,resumeAll,da,,,,
hurtigt til for alt,unmuteAll,da,,,,
skru op for alle,volumeUpAll,da,,,,
hey quieter all by 5,volumeDownAll,en,,5,,
venligst stop for alle,stopAll,da,,,,
volume down everywhere by 10,volumeDownAll,en,,10,,
jeg vil have at du tænd al lyd,unmuteAll,da,,,,
slå lyden fra for alt,muteAll,da,,,,
hey louder everywhere by 5,volumeUpAll,en,,5,,
i need you to quieter everywhere by 30,volumeDownAll,en,,30,,
can you lower volume everywhere 25,volumeDownAll,en,,25,,
down the volume everywhere 20,volumeDownAll,en,,20,,
right now turn it down everywhere 20,volumeDownAll,en,,20,,
sæt alting i gang igen,resumeAll,da,,,,
go silent everywhere,muteAll,en,,,,
just restore sound everywhere,unmuteAll,en,,,,
can you switch off all,stopAll,en,,,,
raise volume everywhere 30,volumeUpAll,en,,30,,
gå og sæt al afspilning på pause,pauseAll,da,,,,
now unmute everything,unmuteAll,en,,,,
venligst skru op 15 alle,volumeUpAll,da,,15,,
jeg vil have at du lavere alting med 30,volumeDownAll,da,,30,,
jeg vil have at du lavere alt med 10,volumeDownAll,da,,10,,
go ahead and louder by 15 all,volumeUpAll,en,,15,,
frys overalt,pauseAll,da,,,,
gå og stop kortvarigt alt,pauseAll,da,,,,
i need you to volume up everywhere 15,volumeUpAll,en,,15,,
bare lydstyrke ned alting,volumeDownAll,da,,,,
bare skru ned for lyden overalt,volumeDownAll,da,,,,
jeg vil have at du frys alle,pauseAll,da,,,,
quickly play on all,resumeAll,en,,,,
i need you to bring music back everywhere,unmuteAll,en,,,,
bare sluk alt,stopAll,da,,,,
nu lyd igen alting,unmuteAll,da,,,,
kør overalt,resumeAll,da,,,,
venligst genoptag alt,resumeAll,da,,,,
bare sæt alle i gang igen,resumeAll,da,,,,
just softer everywhere,volumeDownAll,en,,,,
gå og stands al musik,stopAll,da,,,,
go ahead and raise volume all 15,volumeUpAll,en,,15,,
quickly restore audio everywhere,unmuteAll,en,,,,
venligst tavs for overalt,muteAll,da,,,,
right now stop all devices,stopAll,en,,,,
kan du stop afspilningen alting,stopAll,da,,,,
raise the volume all,volumeUpAll,en,,,,
vær venlig at lyd til alting,unmuteAll,da,,,,
gå og stop alle enheder,stopAll,da,,,,
get everything playing again,resumeAll,en,,,,
right now pause all tracks,pauseAll,en,,,,
right now mute all of them,muteAll,en,,,,
please volume up everything 30,volumeUpAll,en,,30,,
gå og lavere alt med 15,volumeDownAll,da,,15,,
jeg vil have at du lyd på alt,unmuteAll,da,,,,
please stop all playback,stopAll,en,,,,
nu skru op 10 alle,volumeUpAll,da,,10,,
just kill audio everywhere,stopAll,en,,,,
venligst slå al lyd til,unmuteAll,da,,,,
louder everywhere by 20,volumeUpAll,en,,20,,
nu til for alting,unmuteAll,da,,,,
go ahead and down the volume everywhere 10,volumeDownAll,en,,10,,
skru ned overalt 10,volumeDownAll,da,,10,,
quieter everything by 15,volumeDownAll,en,,15,,
jeg vil have at du stands alle,stopAll,da,,,,
stop alt,stopAll,da,,,,
press pause everywhere,pauseAll,en,,,,
venligst mere lyd overalt,volumeUpAll,da,,,,
hurtigt pause alt musik,pauseAll,da,,,,
deaktiver lyd alting,muteAll,da,,,,
nu alle højere,volumeUpAll,da,,,,
now turn it down everywhere 10,volumeDownAll,en,,10,,
go ahead and stop briefly everything,pauseAll,en,,,,
just crank it up everything,volumeUpAll,en,,,,
luk alting,stopAll,da,,,,
gå og øg volumen alt,volumeUpAll,da,,,,
quickly stop the whole lot,stopAll,en,,,,
hey volume down everywhere 15,volumeDownAll,en,,15,,
unpause everything,resumeAll,en,,,,
quickly kill audio everywhere,stopAll,en,,,,
mindre lyd alting,volumeDownAll,da,,,,
right now everything unmute,unmuteAll,en,,,,
right now everything mute,muteAll,en,,,,
now turn off sound everything,muteAll,en,,,,
quickly i want all to stop,stopAll,en,,,,
slå alt fra,muteAll,da,,,,
right now un-mute all,unmuteAll,en,,,,
venligst ingen lyd alting,muteAll,da,,,,
go ahead and no sound all,muteAll,en,,,,
jeg vil have at du skru op alting,volumeUpAll,da,,,,
bare tavs alt,muteAll,da,,,,
hold alt,pauseAll,da,,,,
gå og videre alt,resumeAll,da,,,,
quickly volume up everywhere by 10,volumeUpAll,en,,10,,
i need you to resume all speakers,resumeAll,en,,,,
jeg vil have at du sluk for al musik,stopAll,da,,,,
nu skru op 15 overalt,volumeUpAll,da,,15,,
gå og alting pause,pauseAll,da,,,,
vær venlig at pause alt musik,pauseAll,da,,,,
venligst pause alle enheder,pauseAll,da,,,,
can you turn it down everywhere 30,volumeDownAll,en,,30,,
i want you to quieter by 15 everything,volumeDownAll,en,,15,,
down the volume everything 15,volumeDownAll,en,,15,,
jeg vil have at du ingen lyd alt,muteAll,da,,,,
bare skru op alt 20,volumeUpAll,da,,20,,
sænk volumen alle,volumeDownAll,da,,,,
stop musikken alle,stopAll,da,,,,
turn it down everything 25,volumeDownAll,en,,25,,
vær venlig at sæt alt på pause,pauseAll,da,,,,
vær venlig at mindre lyd overalt,volumeDownAll,da,,,,
skru lavere alt,volumeDownAll,da,,,,
alt pause,pauseAll,da,,,,
slå alt til,unmuteAll,da,,,,
gå og overalt lavere,volumeDownAll,da,,,,
stop all tracks,stopAll,en,,,,
gå og sæt overalt i gang igen,resumeAll,da,,,,
jeg vil have at du lad alting spille,resumeAll,da,,,,
gå og stop afspilningen alting,stopAll,da,,,,
can you pause all,pauseAll,en,,,,
hurtigt spil alt,resumeAll,da,,,,
bare alle stop,stopAll,da,,,,
jeg vil have at du sænk volumen alle,volumeDownAll,da,,,,
go ahead and enable sound all,unmuteAll,en,,,,
vær venlig at lydløs alting,muteAll,da,,,,
nu pause alle afspillere,pauseAll,da,,,,
gå og skru ned overalt 5,volumeDownAll,da,,5,,
højere alle,volumeUpAll,da,,,,
now pause the music everywhere,pauseAll,en,,,,
down the volume everything 10,volumeDownAll,en,,10,,
just increase volume all,volumeUpAll,en,,,,
i need you to mute everything playing,muteAll,en,,,,
i need you to everywhere louder,volumeUpAll,en,,,,
vær venlig at slå lyden til alt,unmuteAll,da,,,,
højere alle med 30,volumeUpAll,da,,30,,
bare højere alting med 25,volumeUpAll,da,,25,,
gå og skru ned for alt med 25,volumeDownAll,da,,25,,
please turn it up everything 20,volumeUpAll,en,,20,,
gå og øg lydstyrken alt med 25,volumeUpAll,da,,25,,
go ahead and quieter all,volumeDownAll,en,,,,
vær venlig at pause alt samen,pauseAll,da,,,,
go ahead and stop the music everywhere,stopAll,en,,,,
øg lydstyrken alle med 15,volumeUpAll,da,,15,,
hold alle,pauseAll,da,,,,
quickly make all audible again,unmuteAll,en,,,,
quickly pause the whole thing,pauseAll,en,,,,
sænk lydstyrken overalt med 5,volumeDownAll,da,,5,,
quickly mute all devices,muteAll,en,,,,
gå og øg lydstyrken alting med 20,volumeUpAll,da,,20,,
venligst luk alt,stopAll,da,,,,
pause all audio,pauseAll,en,,,,
jeg vil have at du skru ned for lyden alt,volumeDownAll,da,,,,
right now louder by 5 everything,volumeUpAll,en,,5,,
go ahead and down the volume all 5,volumeDownAll,en,,5,,
jeg vil have at du skru ned for alle med 25,volumeDownAll,da,,25,,
quickly pause the music everything,pauseAll,en,,,,
right now make it louder everywhere,volumeUpAll,en,,,,
nu kør alt,resumeAll,da,,,,
just mute all devices,muteAll,en,,,,
stop all speakers,stopAll,en,,,,
gå og sluk lyden alle,muteAll,da,,,,
hey pause all,pauseAll,en,,,,
vær venlig at højere alle med 20,volumeUpAll,da,,20,,
i need you to down the volume all 25,volumeDownAll,en,,25,,
hurtigt højere alt,volumeUpAll,da,,,,
højere overalt med 5,volumeUpAll,da,,5,,
overalt lyd til,unmuteAll,da,,,,
can you no sound everything,muteAll,en,,,,
i need you to play on everything,resumeAll,en,,,,
right now stop music all,stopAll,en,,,,
jeg vil have at du sluk for alt,stopAll,da,,,,
kan du lyd til alting,unmuteAll,da,,,,
alt lyd til,unmuteAll,da,,,,
i need you to louder everything by 15,volumeUpAll,en,,15,,
hurtigt lavere overalt,volumeDownAll,da,,,,
vær venlig at afspil overalt,resumeAll,da,,,,
go ahead and raise volume everything 30,volumeUpAll,en,,30,,
slå lyden til alting,unmuteAll,da,,,,
go ahead and stop music everywhere,stopAll,en,,,,
just mute everything playing,muteAll,en,,,,
jeg vil have at du afslut alt,stopAll,da,,,,
cut the sound everywhere,stopAll,en,,,,
venligst start afspilning alle,resumeAll,da,,,,
vær venlig at lyd igen alle,unmuteAll,da,,,,
jeg vil have at du sænk lydstyrken alt,volumeDownAll,da,,,,
i want you to down the volume everything 5,volumeDownAll,en,,5,,
jeg vil have at du genoptag musikken alle,resumeAll,da,,,,
sænk lydstyrken alle med 5,volumeDownAll,da,,5,,
can you turn it up everywhere 5,volumeUpAll,en,,5,,
quickly pause every speaker,pauseAll,en,,,,
lavere alting med 10,volumeDownAll,da,,10,,
bare stop det hele,stopAll,da,,,,
kill audio all,stopAll,en,,,,
turn it down all 5,volumeDownAll,en,,5,,
just audio on everywhere,unmuteAll,en,,,,
right now go silent everywhere,muteAll,en,,,,
hey up the volume everywhere 20,volumeUpAll,en,,20,,
i want you to unpause everything,resumeAll,en,,,,
bare skru ned 30 overalt,volumeDownAll,da,,30,,
kan du tænd for lyd alle,unmuteAll,da,,,,
nu start alle igen,resumeAll,da,,,,
i need you to unmute everywhere,unmuteAll,en,,,,
øg lydstyrken overalt med 15,volumeUpAll,da,,15,,
nu stop alting,stopAll,da,,,,
hurtigt pause al musik,pauseAll,da,,,,
go ahead and lower volume everywhere 5,volumeDownAll,en,,5,,
kan du videre alting,resumeAll,da,,,,
please lower volume all,volumeDownAll,en,,,,
kan du afspil alting,resumeAll,da,,,,
skru op alt,volumeUpAll,da,,,,
bare sæt det hele i gang igen,resumeAll,da,,,,
make everywhere audible again,unmuteAll,en,,,,
spil overalt,resumeAll,da,,,,
please volume down everything,volumeDownAll,en,,,,
gå og sæt det hele på pause,pauseAll,da,,,,
vær venlig at skru ned 5 alting,volumeDownAll,da,,5,,
kan du giv al lyd tilbage,unmuteAll,da,,,,
mere lyd alting,volumeUpAll,da,,,,
skru op 5 alle,volumeUpAll,da,,5,,
sæt alt i gang igen,resumeAll,da,,,,
kan du genoptag afspilning alting,resumeAll,da,,,,
hey turn the sound back on everywhere,unmuteAll,en,,,,
please suspend all,pauseAll,en,,,,
volume down everywhere 5,volumeDownAll,en,,5,,
nu aktiver lyd alt,unmuteAll,da,,,,
just volume down everywhere 20,volumeDownAll,en,,20,,
bring it down everywhere,volumeDownAll,en,,,,
gå og tavs for alt,muteAll,da,,,,
bare alting stop,stopAll,da,,,,
i need you to put everything on hold,pauseAll,en,,,,
right now all quiet everywhere,muteAll,en,,,,
hurtigt pause alle afspillere,pauseAll,da,,,,
i need you to turn it up everywhere 30,volumeUpAll,en,,30,,
go ahead and un-mute all,unmuteAll,en,,,,
just i need you to pause everything,pauseAll,en,,,,
turn up the volume all,volumeUpAll,en,,,,
hey unmute all of them,unmuteAll,en,,,,
volume down everywhere,volumeDownAll,en,,,,
venligst giv al lyd tilbage,unmuteAll,da,,,,
hurtigt lavere alting med 10,volumeDownAll,da,,10,,
please i want everything to stop,stopAll,en,,,,
vær venlig at pause alle enheder,pauseAll,da,,,,
i need you to raise volume everything 5,volumeUpAll,en,,5,,
hurtigt sæt alle i gang igen,resumeAll,da,,,,
skru ned 20 alt,volumeDownAll,da,,20,,
right now kill everything,stopAll,en,,,,
venligst fortsæt alt,resumeAll,da,,,,
hurtigt sæt lyden til alle,unmuteAll,da,,,,
til for alting,unmuteAll,da,,,,
hurtigt tænd al lyd,unmuteAll,da,,,,
everything mute,muteAll,en,,,,
stop the music all,stopAll,en,,,,
bare stands musikken alting,stopAll,da,,,,
jeg vil have at du fortsæt alting,resumeAll,da,,,,
make everything silent,muteAll,en,,,,
go ahead and increase volume all,volumeUpAll,en,,,,
go ahead and lower volume everywhere 15,volumeDownAll,en,,15,,
go ahead and resume all of them,resumeAll,en,,,,
up the volume everywhere 15,volumeUpAll,en,,15,,
can you quieter by 5 everything,volumeDownAll,en,,5,,
bare sluk for alting,stopAll,da,,,,
now play again everything,resumeAll,en,,,,
bare skru op alle,volumeUpAll,da,,,,
i want you to turn it up everything 5,volumeUpAll,en,,5,,
just kill the sound everywhere,muteAll,en,,,,
bare tænd for lyden alle,unmuteAll,da,,,,
quickly pause all speakers,pauseAll,en,,,,
go ahead and louder everywhere by 5,volumeUpAll,en,,5,,
vær venlig at pause musikken overalt,pauseAll,da,,,,
right now turn it down all 25,volumeDownAll,en,,25,,
venligst skru ned 10 alting,volumeDownAll,da,,10,,
vær venlig at mere lyd alle,volumeUpAll,da,,,,
gør det lavere alt,volumeDownAll,da,,,,
can you all unmute,unmuteAll,en,,,,
please shut up all,muteAll,en,,,,
kan du frys alle,pauseAll,da,,,,
vær venlig at giv lyden tilbage alle,unmuteAll,da,,,,
mute everything,muteAll,en,,,,
nu afspil alle højttalerne,resumeAll,da,,,,
pause alle,pauseAll,da,,,,
jeg vil have at du sæt alt på pause,pauseAll,da,,,,
i need you to make all stop,stopAll,en,,,,
i want you to everywhere mute,muteAll,en,,,,
higher volume everything,volumeUpAll,en,,,,
just volume up all 20,volumeUpAll,en,,20,,
right now turn the sound back on all,unmuteAll,en,,,,
please resume all playback,resumeAll,en,,,,
i want you to quieter everywhere by 20,volumeDownAll,en,,20,,
bare stop overalt,stopAll,da,,,,
nu pause alt musik,pauseAll,da,,,,
go ahead and resume sound everything,unmuteAll,en,,,,
bare lavere overalt med 25,volumeDownAll,da,,25,,
til for alle,unmuteAll,da,,,,
i want you to play again all,resumeAll,en,,,,
quickly un-mute everywhere,unmuteAll,en,,,,
make all audible again,unmuteAll,en,,,,
vær venlig at luk alt,stopAll,da,,,,
venligst stop alle højttalerne,stopAll,da,,,,
kan du aktiver lyd alting,unmuteAll,da,,,,
nu skru ned 5 alt,volumeDownAll,da,,5,,
