text,label,lang,volumeValue,volumeDelta,favoriteNumber,favoriteName
nej det er forkert,cancel,da,,,,
kunne du fortælle mig mine favoritter,listFavorites,da,,,,
med det samme genoptag musikken,resume,da,,,,
right now turn it down by thirty,volumeDown,en,,30,,
never mind that right now,cancel,en,,,,
lydstyrken på femten,setVolume,da,15,,,
i would like you to put on P4,playNamed,en,,,,P4
i would like you to hold the music,pause,en,,,,
hurtigt drop det,cancel,da,,,,
can you please resume,resume,en,,,,
would you mind to set volume to 20,setVolume,en,20,,,
kunne du afslutte musikken,stop,da,,,,
kan du venligst spille Jazz FM,playNamed,da,,,,
forbind med kontoret,joinSpeaker,da,,,,
må jeg bede dig om at liste mine favoritter,listFavorites,da,,,,
kunne du mute,mute,da,,,,
bare stil et quizspørgsmål,unknown,da,,,,
jeg vil bede dig om at sætte lydstyrken til 90,setVolume,da,90,,,
okay yes right away,confirm,en,,,,
i would like you to play workout mix,playNamed,en,,,,workout mix
pause right away,pause,en,,,,
right away play my usual,playDefault,en,,,,
would you please ungroup,leaveSpeaker,en,,,,
no more music,stop,en,,,,
could you join the office,joinSpeaker,en,,,,
hurtigt ok,confirm,da,,,,
sæt favorit 5 på,playFavoriteByNumber,da,,,5,
lige giv mig en gåde,unknown,da,,,,
now turn it down by 15,volumeDown,en,,15,,
bare afslut pausen,resume,da,,,,
lavere med tyve,volumeDown,da,,20,,
lower the volume,volumeDown,en,,,,
unpair right away,leaveSpeaker,en,,,,
i want you to start playing,playDefault,en,,,,
could you kindly put on Volbeat,playNamed,en,,,,Volbeat
jeg vil bede dig om at sætte lydstyrken til fem,setVolume,da,5,,,
turn it down by 10,volumeDown,en,,10,,
quickly good night,unknown,en,,,,
ingen lyd tak,mute,da,,,,
hurtigt tilbage til normal lyd,unmute,da,,,,
stop syncing,leaveSpeaker,en,,,,
incorrect now,cancel,en,,,,
fortryd venligst,cancel,da,,,,
could you kindly play number five,playFavoriteByNumber,en,,,5,
vil du forbinde med badeværelset,joinSpeaker,da,,,,
jeg vil bede dig om at indstille lydstyrken til 20,setVolume,da,20,,,
now leave the group,leaveSpeaker,en,,,,
forbind med køkkenet,joinSpeaker,da,,,,
jeg vil bede dig om at tænde lyden igen,unmute,da,,,,
right now go ahead and stop the music,stop,en,,,,
faktisk glem det,cancel,da,,,,
med det samme skru ned med 20,volumeDown,da,,20,,
tag tråden op igen,resume,da,,,,
vil du venligst gruppere med soveværelset,joinSpeaker,da,,,,
could you please play Genstart,playNamed,en,,,,Genstart
i'd like you to play favorite 5,playFavoriteByNumber,en,,,5,
that's correct right away,confirm,en,,,,
quickly go ahead and carry on,resume,en,,,,
vil du venligst forbinde med kælderen,joinSpeaker,da,,,,
make it louder,volumeUp,en,,,,
right now remove mute,unmute,en,,,,
list favourites now,listFavorites,en,,,,
venligst tilbage til at have lyd,unmute,da,,,,
quickly bring sound back,unmute,en,,,,
nej tak nu,cancel,da,,,,
can you please play music,playDefault,en,,,,
play my favorite 4,playFavoriteByNumber,en,,,4,
nu lad være,cancel,da,,,,
sæt Taylor Swift,playNamed,da,,,,Taylor Swift
please play number 8,playFavoriteByNumber,en,,,8,
hurtigt spil alene,leaveSpeaker,da,,,,
kindly turn off the music,stop,en,,,,
afbryd handlingen,cancel,da,,,,
how old are you now,unknown,en,,,,
raise the volume,volumeUp,en,,,,
må jeg bede dig om at forbinde med terrassen,joinSpeaker,da,,,,
put on a song now,playDefault,en,,,,
skru op 20,volumeUp,da,,20,,
jeg vil pause hurtigt,pause,da,,,,
just silence the audio,mute,en,,,,
please play number six,playFavoriteByNumber,en,,,6,
volume level 85,setVolume,en,85,,,
right away unsync,leaveSpeaker,en,,,,
kunne du venligst sætte electronic på,playNamed,da,,,,
tænd for højttaleren,unmute,da,,,,
nu værsgod,confirm,da,,,,
what favorites do i have real quick,listFavorites,en,,,,
stop musikken,stop,da,,,,
now volume down 30,volumeDown,en,,30,,
sluk for det hurtigt,stop,da,,,,
nu dæmp lyden,mute,da,,,,
frakobl højttaleren nu,leaveSpeaker,da,,,,
i'd like you to join the hallway,joinSpeaker,en,,,,
jeg vil gerne have at du afspille P4,playNamed,da,,,,
when is sunset real quick,unknown,en,,,,
kan du genoptage,resume,da,,,,
bare hæv lydstyrken med tyve,volumeUp,da,,20,,
play a game now,unknown,en,,,,
real quick fire up some music,playDefault,en,,,,
right away okay yes,confirm,en,,,,
could you kindly play NPR,playNamed,en,,,,NPR
fjern lydløs,unmute,da,,,,
mind mig om at købe mælk nu,unknown,da,,,,
link to the living room,joinSpeaker,en,,,,
ville du venligst indstille lydstyrken til 35,setVolume,da,35,,,
i would like you to stop the music,stop,en,,,,
lige spil videre tak,resume,da,,,,
i want it back on,resume,en,,,,
go ahead and join the basement,joinSpeaker,en,,,,
can you please put on MØ,playNamed,en,,,,MØ
lige hvad er to plus to,unknown,da,,,,
ville du frakoble,leaveSpeaker,da,,,,
pause the audio right away,pause,en,,,,
could you please mute,mute,en,,,,
vil du starte musikken,playDefault,da,,,,
nu det er rigtigt,confirm,da,,,,
nu skru op 25,volumeUp,da,,25,,
skru lidt ned,volumeDown,da,,,,
quickly how do you spell necessary,unknown,en,,,,
venligst naturligvis,confirm,da,,,,
vil du venligst spille morning playlist,playNamed,da,,,,
right away mute the audio,mute,en,,,,
quickly i changed my mind,cancel,en,,,,
ville du venligst pause,pause,da,,,,
skru op 15,volumeUp,da,,15,,
could you change the volume to twenty-five,setVolume,en,25,,,
indstil volumen til 10,setVolume,da,10,,,
quickly what's my home temperature,unknown,en,,,,
just end the music,stop,en,,,,
hvad er tolv gange otte hurtigt,unknown,da,,,,
fine by me real quick,confirm,en,,,,
i'd like you to unpause right now,resume,en,,,,
vær så venlig at holde pause,pause,da,,,,
jeg vil have ro,stop,da,,,,
what's saved as a favorite,listFavorites,en,,,,
unpause,resume,en,,,,
i'd like you to disconnect,leaveSpeaker,en,,,,
go ahead and mute,mute,en,,,,
lower real quick,volumeDown,en,,,,
lige skru ned,volumeDown,da,,,,
venligst fint ja,confirm,da,,,,
jeg vil gerne have at du sætte Genstart på,playNamed,da,,,,
right away continue the music,resume,en,,,,
vil du venligst spille favorit fire,playFavoriteByNumber,da,,,4,
ville du venligst sætte Volbeat på,playNamed,da,,,,
silence the music,mute,en,,,,
hurtigt skru op med tyve,volumeUp,da,,20,,
med det samme fint nok,confirm,da,,,,
would you please play number 6,playFavoriteByNumber,en,,,6,
could you play number 7,playFavoriteByNumber,en,,,7,
kan du spille noget,playDefault,da,,,,
go ahead and pause it,pause,en,,,,
lavere med femogtyve,volumeDown,da,,25,,
nu gå solo,leaveSpeaker,da,,,,
would you please change the volume to 65,setVolume,en,65,,,
må jeg bede dig om at pause,pause,da,,,,
må jeg bede dig om at spille morning playlist,playNamed,da,,,,
ville du venligst sænke lydstyrken,volumeDown,da,,,,
med det samme skru op med 15,volumeUp,da,,15,,
could you please resume,resume,en,,,,
add the bedroom to the group,joinSpeaker,en,,,,
jeg vil høre electronic,playNamed,da,,,,electronic
real quick i want you to play something,playDefault,en,,,,
nu fortsæt afspilningen,resume,da,,,,
yes do it right now,confirm,en,,,,
i want you to unmute now,unmute,en,,,,
hurtigt hvad er vejret i dag,unknown,da,,,,
agreed yes,confirm,en,,,,
adskil,leaveSpeaker,da,,,,
dæmp lidt hurtigt,volumeDown,da,,,,
med det samme frakobl højttaleren,leaveSpeaker,da,,,,
play with the living room,joinSpeaker,en,,,,
nu har du følelser,unknown,da,,,,
just pause the song,pause,en,,,,
just end silent mode,unmute,en,,,,
skift til lydstyrke 99,setVolume,da,99,,,
please group with the office,joinSpeaker,en,,,,
nu vær så venlig at fortsætte,resume,da,,,,
can you play number eight,playFavoriteByNumber,en,,,8,
ville du adskille højttaleren,leaveSpeaker,da,,,,
vær så venlig at afspille favorit nummer seks,playFavoriteByNumber,da,,,6,
spil musik hurtigt,playDefault,da,,,,
stop sangen,stop,da,,,,
favorit nummer 8,playFavoriteByNumber,da,,,8,
kan du stoppe,stop,da,,,,
spil favorit nummer fem,playFavoriteByNumber,da,,,5,
quickly add eggs to my shopping list,unknown,en,,,,
hold on now,pause,en,,,,
stop the song,stop,en,,,,
skru op med ti hurtigt,volumeUp,da,,10,,
now skip that,cancel,en,,,,
det stemmer,confirm,da,,,,
vent lidt med det samme,pause,da,,,,
let it resume real quick,resume,en,,,,
play the study music,playNamed,en,,,,study music
lige spil bare her,leaveSpeaker,da,,,,
med det samme fortsæt med musikken,playDefault,da,,,,
read my latest email,unknown,en,,,,
turn on the audio real quick,unmute,en,,,,
right now go quiet,mute,en,,,,
stop already real quick,stop,en,,,,
jeg vil bede dig om at afspille Adele,playNamed,da,,,,
decrease volume by 30 right away,volumeDown,en,,30,,
would you please play something,playDefault,en,,,,
right away what's two plus two,unknown,en,,,,
kan du spille musik,playDefault,da,,,,
i changed my mind,cancel,en,,,,
just turn it down by twenty-five,volumeDown,en,,25,,
ville du slukke for musikken,stop,da,,,,
må jeg bede dig om at sætte på pause,pause,da,,,,
vil du skrue ned for lyden,volumeDown,da,,,,
quickly yes,confirm,en,,,,
lige start igen,resume,da,,,,
nu fjern pause,resume,da,,,,
right now actually never mind,cancel,en,,,,
kan du sætte lydstyrken til 55,setVolume,da,55,,,
i'd like you to stop the music,stop,en,,,,
right now what's the capital of france,unknown,en,,,,
absolutely yes right now,confirm,en,,,,
nu list mine presets,listFavorites,da,,,,
lavere,volumeDown,da,,,,
jeg vil bede dig om at tilslutte spisestuen,joinSpeaker,da,,,,
bare det stemmer,confirm,da,,,,
right now bring back the sound,unmute,en,,,,
now give me the sound back,unmute,en,,,,
sæt på pause hurtigt,pause,da,,,,
put something on right now,playDefault,en,,,,
jeg vil gerne have at du fortsætte,resume,da,,,,
i need you to stop now,stop,en,,,,
med det samme giv mig noget musik,playDefault,da,,,,
vil du venligst indstille lydstyrken til halvfjerds,setVolume,da,70,,,
bare adskil fra gruppen,leaveSpeaker,da,,,,
ville du venligst spille favorit 10,playFavoriteByNumber,da,,,10,
would you put the volume at 100,setVolume,en,100,,,
med det samme højere med femogtyve,volumeUp,da,,25,,
i would like you to unmute right away,unmute,en,,,,
vil du venligst ændre lydstyrken til fem,setVolume,da,5,,,
play my songs real quick,playDefault,en,,,,
spil favorit nummer tre,playFavoriteByNumber,da,,,3,
i want music,playDefault,en,,,,
vis listen,listFavorites,da,,,,
jeg vil gerne have at du stoppe musikken,stop,da,,,,
venligst sæt musikken på pause,pause,da,,,,
separate from group,leaveSpeaker,en,,,,
jeg vil høre noget igen med det samme,unmute,da,,,,
kunne du venligst fjerne dæmpningen,unmute,da,,,,
i need you to disconnect right now,leaveSpeaker,en,,,,
er hoveddøren låst med det samme,unknown,da,,,,
could you kindly continue,resume,en,,,,
hold the music,pause,en,,,,
lige det stemmer,confirm,da,,,,
wait a second,pause,en,,,,
right now lower the volume by 25,volumeDown,en,,25,,
kan du afspille favorit nummer fire,playFavoriteByNumber,da,,,4,
on second thought no right now,cancel,en,,,,
sæt lydstyrken til 75,setVolume,da,75,,,
how old are you,unknown,en,,,,
start playing again right away,resume,en,,,,
hurtigt kør videre,resume,da,,,,
vil du venligst tilslutte køkkenet,joinSpeaker,da,,,,
med det samme vær så venlig at spille musik,playDefault,da,,,,
sæt P4,playNamed,da,,,,P4
i would like you to set volume to twenty-five,setVolume,en,25,,,
drop det hurtigt,cancel,da,,,,
could you kindly hold the music,pause,en,,,,
could you please change the volume to zero,setVolume,en,0,,,
bekræft med det samme,confirm,da,,,,
vær venlig at slukke for lyden,mute,da,,,,
pair with the kitchen,joinSpeaker,en,,,,
spil nummer 9,playFavoriteByNumber,da,,,9,
i'd like you to show me my favorites,listFavorites,en,,,,
just go ahead and continue,resume,en,,,,
just abort,cancel,en,,,,
read me the headlines now,unknown,en,,,,
vær venlig at fortælle mig mine favoritter,listFavorites,da,,,,
hurtigt tænd lyset,unknown,da,,,,
quickly fine,confirm,en,,,,
tænd for lyden,unmute,da,,,,
nævn mine favoritter hurtigt,listFavorites,da,,,,
jeg vil gerne have at du sætte P2 på,playNamed,da,,,,
ikke denne gang nu,cancel,da,,,,
i need you to set volume to 25,setVolume,en,25,,,
right now what's today's date,unknown,en,,,,
what are my favourites now,listFavorites,en,,,,
separate from the others right away,leaveSpeaker,en,,,,
can you please stop the music,stop,en,,,,
genoptag sangen,resume,da,,,,
just stop the song,stop,en,,,,
right away definitely,confirm,en,,,,
right now i want you to start playing,playDefault,en,,,,
lige vær så venlig at adskille højttaleren,leaveSpeaker,da,,,,
i need you to join the basement,joinSpeaker,en,,,,
would you please put on The Beatles,playNamed,en,,,,Beatles
pair with the bathroom,joinSpeaker,en,,,,
må jeg bede dig om at mute,mute,da,,,,
now bump it up,volumeUp,en,,,,
jeg vil bede dig om at dæmpe lyden,mute,da,,,,
favoritlisten,listFavorites,da,,,,
mere volumen,volumeUp,da,,,,
med det samme skru op 15,volumeUp,da,,15,,
stands sangen,stop,da,,,,
right away i love you,unknown,en,,,,
med det samme spil hvad som helst,playDefault,da,,,,
venligst afbryd,cancel,da,,,,
please group with the basement,joinSpeaker,en,,,,
go ahead and disconnect,leaveSpeaker,en,,,,
vær venlig at gruppere med kælderen,joinSpeaker,da,,,,
jeg vil bede dig om at afspille favorit nummer et,playFavoriteByNumber,da,,,1,
real quick what stations do i have,listFavorites,en,,,,
jeg vil gerne have at du frakoble,leaveSpeaker,da,,,,
definitely,confirm,en,,,,
afspil nummer syv,playFavoriteByNumber,da,,,7,
fortæl mig mine favoritter,listFavorites,da,,,,
bare kom i gang,confirm,da,,,,
må jeg bede dig om at fjerne dæmpningen,unmute,da,,,,
right away unpair,leaveSpeaker,en,,,,
mute the audio,mute,en,,,,
right away i'd like you to play something,playDefault,en,,,,
could you please play number one,playFavoriteByNumber,en,,,1,
spil Nova FM for mig,playNamed,da,,,,Nova FM for mig
kindly play favorite four,playFavoriteByNumber,en,,,4,
kunne du slukke for lyden,mute,da,,,,
agreed,confirm,en,,,,
give me the jazz,playNamed,en,,,,jazz
would you mind to put the volume at 60,setVolume,en,60,,,
skru op for musikken nu,volumeUp,da,,,,
favoritlisten med det samme,listFavorites,da,,,,
vil du venligst spille videre,resume,da,,,,
tavs,mute,da,,,,
vil du spille The Beatles,playNamed,da,,,,
vil du indstille lydstyrken til hundrede,setVolume,da,100,,,
connect with the upstairs speaker,joinSpeaker,en,,,,
decrease the volume,volumeDown,en,,,,
just volume down fifteen,volumeDown,en,,15,,
hæv lydstyrken med ti,volumeUp,da,,10,,
hurtigt hvad skal jeg spise til aften,unknown,da,,,,
unmute it right now,unmute,en,,,,
right away let's not,cancel,en,,,,
i want you to keep playing,resume,en,,,,
kan du venligst starte musikken,playDefault,da,,,,
med det samme jeg vil høre musik,playDefault,da,,,,
proceed now,confirm,en,,,,
would you mind to play Adele,playNamed,en,,,,Adele
could you kindly set volume to one hundred,setVolume,en,100,,,
ville du venligst spille musik,playDefault,da,,,,
stop midlertidigt,pause,da,,,,
go ahead and play number 9,playFavoriteByNumber,en,,,9,
nu højere med 25,volumeUp,da,,25,,
må jeg bede dig om at pause afspilningen,pause,da,,,,
find a restaurant nearby,unknown,en,,,,
i would like you to set volume to 25,setVolume,en,25,,,
can you please change the volume to 80,setVolume,en,80,,,
leave the group,leaveSpeaker,en,,,,
just audio off,mute,en,,,,
quickly restore sound,unmute,en,,,,
bare pause afspilningen,pause,da,,,,
bare hvor er mine nøgler,unknown,da,,,,
back to music now,resume,en,,,,
right away sing a song,unknown,en,,,,
jeg vil bede dig om at sætte Mew på,playNamed,da,,,,
kunne du spille Kendrick Lamar,playNamed,da,,,,
now scratch that,cancel,en,,,,
bare skru op med 20,volumeUp,da,,20,,
quickly scratch that,cancel,en,,,,
bare sæt nummeret på pause,pause,da,,,,
sounds right real quick,confirm,en,,,,
ville du venligst afspille favorit nummer syv,playFavoriteByNumber,da,,,7,
med det samme har jeg nogen nye beskeder,unknown,da,,,,
venligst vær så venlig at dæmpe lyden,mute,da,,,,
leave,leaveSpeaker,en,,,,
i need you to join the dining room,joinSpeaker,en,,,,
kunne du venligst sætte på lydløs,mute,da,,,,
quickly decrease volume by 20,volumeDown,en,,20,,
spil samtidig med entréen,joinSpeaker,da,,,,
i would like you to unpause right away,resume,en,,,,
list mine presets nu,listFavorites,da,,,,
vil du venligst spille P5,playNamed,da,,,,
i need you to separate this speaker,leaveSpeaker,en,,,,
højere med 15 med det samme,volumeUp,da,,15,,
skru ned med fem,volumeDown,da,,5,,
med det samme lyd fra,mute,da,,,,
i'd like you to put on The Voice,playNamed,en,,,,Voice
unmute the audio right now,unmute,en,,,,
hurtigt mind mig om at købe mælk,unknown,da,,,,
pause musikken,pause,da,,,,
read out my favorites,listFavorites,en,,,,
nu tag pausen af,resume,da,,,,
quickly i want you to ungroup,leaveSpeaker,en,,,,
kan du ophæve dæmpningen,unmute,da,,,,
throw on some tunes right now,playDefault,en,,,,
venligst vær så venlig at stoppe,stop,da,,,,
agreed now,confirm,en,,,,
resume the track right away,resume,en,,,,
stop med det samme,stop,da,,,,
venligst lydløs,mute,da,,,,
real quick i'd like some music,playDefault,en,,,,
real quick lift mute,unmute,en,,,,
dæmp lidt med det samme,volumeDown,da,,,,
right away resume the track,resume,en,,,,
spil det sædvanlige,playDefault,da,,,,
kan du venligst ændre lydstyrken til fem,setVolume,da,5,,,
jeg vil gerne have at du fortsætte musikken,resume,da,,,,
vær så venlig at genoptage,resume,da,,,,
drop the audio real quick,mute,en,,,,
what's the news,unknown,en,,,,
right now what are my favorites,listFavorites,en,,,,
jeps,confirm,da,,,,
can you bring back the sound,unmute,en,,,,
vil du fortsætte,resume,da,,,,
disconnect from group real quick,leaveSpeaker,en,,,,
quieter by twenty-five,volumeDown,en,,25,,
what's my home temperature right now,unknown,en,,,,
fine,confirm,en,,,,
bare forlad klyngen,leaveSpeaker,da,,,,
can you please set volume to one hundred,setVolume,en,100,,,
shut off the music right away,stop,en,,,,
ja lad os,confirm,da,,,,
venligst i orden ja,confirm,da,,,,
gør det,confirm,da,,,,
afslut pausen,resume,da,,,,
afbryd forbindelsen til gruppen,leaveSpeaker,da,,,,
ville du sætte lydstyrken til 45,setVolume,da,45,,,
tænd lyden igen med det samme,unmute,da,,,,
just silence it,mute,en,,,,
nu syng en sang,unknown,da,,,,
just no sound,mute,en,,,,
please kill the music,stop,en,,,,
jeg vil gerne have at du sætte lydstyrken til 20,setVolume,da,20,,,
kindly hold the music,pause,en,,,,
vis hele listen nu,listFavorites,da,,,,
ville du venligst sætte P6 på,playNamed,da,,,,
hold op hurtigt,stop,da,,,,
i want you to restore the sound,unmute,en,,,,
kan du venligst slukke for musikken,stop,da,,,,
can you please put the volume at eighty,setVolume,en,80,,,
venligst sænk lydstyrken med 25,volumeDown,da,,25,,
quieter by 30,volumeDown,en,,30,,
hurtigt vær så venlig at fjerne lydløs,unmute,da,,,,
do that now,confirm,en,,,,
kan du afspille P3,playNamed,da,,,,
quickly cut the sound,mute,en,,,,
jeg vil gerne have at du tilslutte stuen,joinSpeaker,da,,,,
kindly separate this speaker,leaveSpeaker,en,,,,
go ahead and play number ten,playFavoriteByNumber,en,,,10,
fint ja,confirm,da,,,,
med det samme dæmp musikken,mute,da,,,,
kunne du venligst forbinde med badeværelset,joinSpeaker,da,,,,
quickly go ahead and play music,playDefault,en,,,,
afspil nummer 10,playFavoriteByNumber,da,,,10,
sæt favorit 8 på,playFavoriteByNumber,da,,,8,
right away go ahead and ungroup,leaveSpeaker,en,,,,
could you set volume to 100,setVolume,en,100,,,
tone it down,volumeDown,en,,,,
kindly play P8 Jazz,playNamed,en,,,,P8 Jazz
kill the audio right away,mute,en,,,,
med det samme forlad gruppen,leaveSpeaker,da,,,,
no right now,cancel,en,,,,
venligst skru op 30,volumeUp,da,,30,,
lige jeg vil have musikken tilbage,resume,da,,,,
nu spil videre tak,resume,da,,,,
give me some music,playDefault,en,,,,
må jeg bede dig om at spille videre,resume,da,,,,
right away pause for a moment,pause,en,,,,
ville du indstille lydstyrken til 1,setVolume,da,1,,,
favorite nine,playFavoriteByNumber,en,,,9,
forlad gruppen med det samme,leaveSpeaker,da,,,,
group with the hallway,joinSpeaker,en,,,,
nu ophæv lydløs,unmute,da,,,,
link with the bedroom,joinSpeaker,en,,,,
just show me my favorites,listFavorites,en,,,,
kindly join the bathroom,joinSpeaker,en,,,,
would you put the volume at ninety,setVolume,en,90,,,
could you kindly play favorite 5,playFavoriteByNumber,en,,,5,
kunne du venligst spille BBC Radio 4,playNamed,da,,,,
could you please turn it up,volumeUp,en,,,,
nu split højttaleren,leaveSpeaker,da,,,,
please show me my favorites,listFavorites,en,,,,
sure why not,confirm,en,,,,
please list my favorites,listFavorites,en,,,,
jeg vil gerne have at du ophæve grupperingen,leaveSpeaker,da,,,,
i need you to mute right away,mute,en,,,,
hurtigt afbryd handlingen,cancel,da,,,,
please ungroup,leaveSpeaker,en,,,,
kunne du venligst sætte BBC Radio 4 på,playNamed,da,,,,
start favorite 6,playFavoriteByNumber,en,,,6,
never mind,cancel,en,,,,
what's today's date right away,unknown,en,,,,
real quick mute it,mute,en,,,,
tilbage til at have lyd hurtigt,unmute,da,,,,
skru ned med tredive,volumeDown,da,,30,,
med det samme sæt musik på,playDefault,da,,,,
lige skru ned 20,volumeDown,da,,20,,
play the usual,playDefault,en,,,,
vær venlig at slå lyden fra,mute,da,,,,
make the volume 80,setVolume,en,80,,,
can you please put the volume at 40,setVolume,en,40,,,
hurtigt genoptag nummeret,resume,da,,,,
ok hurtigt,confirm,da,,,,
skip the action,cancel,en,,,,
ville du mute,mute,da,,,,
vil du stoppe,stop,da,,,,
vær så venlig at gøre det højere,volumeUp,da,,,,
vil du slå lyden fra,mute,da,,,,
vær venlig at afslutte musikken,stop,da,,,,
grupper med køkkenet,joinSpeaker,da,,,,
med det samme normal lyd igen,unmute,da,,,,
skift lydstyrken til 65,setVolume,da,65,,,
would you disconnect,leaveSpeaker,en,,,,
stop syncing real quick,leaveSpeaker,en,,,,
quickly changed my mind,cancel,en,,,,
just play my music,playDefault,en,,,,
nu ikke alligevel,cancel,da,,,,
vil du fortsætte musikken,resume,da,,,,
nu afbryd fra gruppen,leaveSpeaker,da,,,,
could you separate this speaker,leaveSpeaker,en,,,,
turn on the audio,unmute,en,,,,
right now who won last night,unknown,en,,,,
go ahead and separate this speaker real quick,leaveSpeaker,en,,,,
højere med fem med det samme,volumeUp,da,,5,,
luk lyden,mute,da,,,,
venligst sænk lydstyrken med 5,volumeDown,da,,5,,
stop helt hurtigt,stop,da,,,,
volume down thirty real quick,volumeDown,en,,30,,
give me sound back real quick,unmute,en,,,,
kan du venligst forbinde med soveværelset,joinSpeaker,da,,,,
right away tell me my favourites,listFavorites,en,,,,
vis mig hvad der er gemt hurtigt,listFavorites,da,,,,
vil du pause,pause,da,,,,
can you please set volume to 40,setVolume,en,40,,,
skru ned 30,volumeDown,da,,30,,
now definitely yes,confirm,en,,,,
join with the dining room,joinSpeaker,en,,,,
right away end mute,unmute,en,,,,
turn it up by 20 right now,volumeUp,en,,20,,
jeg vil gerne have at du fjerne dæmpningen,unmute,da,,,,
fjern dæmpning,unmute,da,,,,
now make the music stop,stop,en,,,,
jeg vil gerne have at du stoppe,stop,da,,,,
can you list my favorites,listFavorites,en,,,,
netop nu,confirm,da,,,,
right away turn it up by twenty-five,volumeUp,en,,25,,
afbryd det nu,cancel,da,,,,
volume up 30,volumeUp,en,,30,,
jeg vil have musikken tilbage,resume,da,,,,
would you join the kitchen,joinSpeaker,en,,,,
ville du venligst ændre lydstyrken til 85,setVolume,da,85,,,
med det samme giv mig en pause,pause,da,,,,
venligst skru op for det,volumeUp,da,,,,
lige det er ikke rigtigt,cancel,da,,,,
real quick favorites list,listFavorites,en,,,,
now perfect,confirm,en,,,,
now decrease volume by 10,volumeDown,en,,10,,
now incorrect,cancel,en,,,,
vil du venligst spille favorit ti,playFavoriteByNumber,da,,,10,
adskil nu,leaveSpeaker,da,,,,
give me the Miles Davis,playNamed,en,,,,Miles Davis
quickly go on,resume,en,,,,
let the music play,resume,en,,,,
audio back on now,unmute,en,,,,
right now go silent,mute,en,,,,
ville du spille workout mix,playNamed,da,,,,
hold the audio,pause,en,,,,
helt rigtigt,confirm,da,,,,
play This American Life for me,playNamed,en,,,,This American Life
hvad er stillingen i kampen nu,unknown,da,,,,
indstil termostaten til toogtyve grader nu,unknown,da,,,,
vær venlig at spille P6,playNamed,da,,,,
syng en sang,unknown,da,,,,
adskil højttaleren hurtigt,leaveSpeaker,da,,,,
split this speaker off now,leaveSpeaker,en,,,,
klart,confirm,da,,,,
could you group with the patio,joinSpeaker,en,,,,
louder by thirty now,volumeUp,en,,30,,
just i want sound,unmute,en,,,,
vær venlig at afspille favorit nummer seks,playFavoriteByNumber,da,,,6,
vil du genoptage,resume,da,,,,
bare hvor er det nærmeste apotek,unknown,da,,,,
nej med det samme,cancel,da,,,,
med det samme mindre lyd,volumeDown,da,,,,
forlad klyngen hurtigt,leaveSpeaker,da,,,,
jeg vil have ro hurtigt,stop,da,,,,
ikke gør det der med det samme,cancel,da,,,,
i want silence right now,stop,en,,,,
would you increase the volume,volumeUp,en,,,,
kunne du forlade gruppen,leaveSpeaker,da,,,,
right now quieter by fifteen,volumeDown,en,,15,,
right away show favourites,listFavorites,en,,,,
quickly volume down,volumeDown,en,,,,
sænk lydstyrken med tredive med det samme,volumeDown,da,,30,,
play favorite five,playFavoriteByNumber,en,,,5,
can you stop,stop,en,,,,
værsgod,confirm,da,,,,
quickly yeah sure,confirm,en,,,,
lige lad os pause,pause,da,,,,
carry on right away,resume,en,,,,
real quick ya,confirm,en,,,,
now i need you to disconnect,leaveSpeaker,en,,,,
må jeg bede dig om at spille favorit fire,playFavoriteByNumber,da,,,4,
go ahead and play something real quick,playDefault,en,,,,
kindly group with the basement,joinSpeaker,en,,,,
vent lidt,pause,da,,,,
right away put on some tunes,playDefault,en,,,,
disconnect from everyone real quick,leaveSpeaker,en,,,,
synkroniser med entréen,joinSpeaker,da,,,,
could you kindly play morgenmusik,playNamed,en,,,,morgenmusik
vær venlig at sætte på pause,pause,da,,,,
kindly play hip hop,playNamed,en,,,,hip hop
just cut the sound,mute,en,,,,
just unpair this speaker,leaveSpeaker,en,,,,
right away pause,pause,en,,,,
now quieter,volumeDown,en,,,,
decrease volume,volumeDown,en,,,,
would you mind to change the volume to seventy,setVolume,en,70,,,
hvad har jeg gemt som favoritter med det samme,listFavorites,da,,,,
bare det er nok,stop,da,,,,
kør videre,resume,da,,,,
could you kindly change the volume to 60,setVolume,en,60,,,
hvilke presets har jeg,listFavorites,da,,,,
right away pause the speaker,pause,en,,,,
det passer,confirm,da,,,,
afbryd forbindelsen med det samme,leaveSpeaker,da,,,,
kan du venligst afspille Genstart,playNamed,da,,,,
jeg vil gerne have at du afspille The Voice,playNamed,da,,,,
vil du venligst afspille Radio 100,playNamed,da,,,,
venligst jeg elsker dig,unknown,da,,,,
turn it down by 30 right now,volumeDown,en,,30,,
vær så venlig at stoppe afspilningen,stop,da,,,,
afbryd det,cancel,da,,,,
quickly when is sunset,unknown,en,,,,
ophæv pause hurtigt,resume,da,,,,
giv mig en pause med det samme,pause,da,,,,
enough already right now,stop,en,,,,
where's the closest pharmacy real quick,unknown,en,,,,
vær så venlig at spille musik,playDefault,da,,,,
venligst bekræftet,confirm,da,,,,
må jeg bede dig om at frakoble,leaveSpeaker,da,,,,
right away go ahead and turn it down,volumeDown,en,,,,
could you unpause,resume,en,,,,
kan du liste mine favoritter,listFavorites,da,,,,
just increase volume by 5,volumeUp,en,,5,,
spil videre tak nu,resume,da,,,,
would you mind to change the volume to 60,setVolume,en,60,,,
ville du venligst pause musikken,pause,da,,,,
bare tilføj æg til min indkøbsliste,unknown,da,,,,
right away definitely yes,confirm,en,,,,
med det samme hæv lydstyrken med ti,volumeUp,da,,10,,
would you please unmute,unmute,en,,,,
nu det passer,confirm,da,,,,
go ahead and put the volume at seventy,setVolume,en,70,,,
raise the volume by 10,volumeUp,en,,10,,
ville du ændre lydstyrken til 40,setVolume,da,40,,,
vær så venlig at pause hurtigt,pause,da,,,,
kan du venligst spille The Beatles,playNamed,da,,,,
nu læs favoritterne op,listFavorites,da,,,,
lift the mute,unmute,en,,,,
i'd like you to play BBC Radio 4,playNamed,en,,,,BBC Radio 4
kindly make it quieter,volumeDown,en,,,,
could you please make it quieter,volumeDown,en,,,,
kunne du venligst tilslutte spisestuen,joinSpeaker,da,,,,
fortæl mig en sjov kendsgerning,unknown,da,,,,
stop musikken med det samme,stop,da,,,,
indstil lydstyrken til 15,setVolume,da,15,,,
hvad er temperaturen hjemme nu,unknown,da,,,,
now go ahead and end the music,stop,en,,,,
fire up Coldplay,playNamed,en,,,,Coldplay
nu ring til mor,unknown,da,,,,
lås døren nu,unknown,da,,,,
i would like you to stop now,stop,en,,,,
quickly stop the music,stop,en,,,,
right away what's saved as a favorite,listFavorites,en,,,,
hvilke favoritter er gemt med det samme,listFavorites,da,,,,
right away i would like you to continue,resume,en,,,,
må jeg bede dig om at afspille Kim Larsen,playNamed,da,,,,
cut the audio now,mute,en,,,,
can you please play number 9,playFavoriteByNumber,en,,,9,
nu afspil,playDefault,da,,,,
turn it up by 10 right away,volumeUp,en,,10,,
unpause the music,resume,en,,,,
just naw,cancel,en,,,,
continue the music right away,resume,en,,,,
set a timer for ten minutes,unknown,en,,,,
just volume down 20,volumeDown,en,,20,,
hurtigt spil det igen,resume,da,,,,
hæv lydstyrken med ti med det samme,volumeUp,da,,10,,
would you mind to play music,playDefault,en,,,,
go ahead and resume the music,resume,en,,,,
i want to hear the jazz,playNamed,en,,,,jazz
start morgenmusik,playNamed,en,,,,morgenmusik
just hold playback,pause,en,,,,
jeg vil bede dig om at tænde for lyden,unmute,da,,,,
vil du venligst stoppe afspilningen,stop,da,,,,
i would like you to resume the music,resume,en,,,,
kunne du venligst forlade gruppen,leaveSpeaker,da,,,,
turn it down by five right now,volumeDown,en,,5,,
kick off some music right now,playDefault,en,,,,
let's do it right away,confirm,en,,,,
quickly enough already,stop,en,,,,
lige genoptag musikken,resume,da,,,,
spil favorit 4 tak,playFavoriteByNumber,da,,,4,
hold op med det med det samme,stop,da,,,,
would you please bring back the sound,unmute,en,,,,
set a timer for ten minutes right away,unknown,en,,,,
pause the audio right now,pause,en,,,,
med det samme spil mere,resume,da,,,,
vær så venlig at forlade gruppen,leaveSpeaker,da,,,,
nemlig,confirm,da,,,,
could you kindly put on classical,playNamed,en,,,,classical
real quick mute,mute,en,,,,
right now restore the volume,unmute,en,,,,
vil du sætte musik på,playDefault,da,,,,
lydniveau femogtyve,setVolume,da,25,,,
please change the volume to sixty,setVolume,en,60,,,
go ahead and start playing now,playDefault,en,,,,
right away unsync this,leaveSpeaker,en,,,,
nu kør noget musik,playDefault,da,,,,
lydstyrke fyrre,setVolume,da,40,,,
med det samme vær så venlig at holde pause,pause,da,,,,
quickly sounds good,confirm,en,,,,
med det samme spil mine sange,playDefault,da,,,,
just what's the news,unknown,en,,,,
åbn garageporten hurtigt,unknown,da,,,,
increase volume by 20 right away,volumeUp,en,,20,,
could you play something,playDefault,en,,,,
i want you to resume real quick,resume,en,,,,
list favoritterne,listFavorites,da,,,,
right now kick off some music,playDefault,en,,,,
tilbage til musikken,resume,da,,,,
lige hvad er tolv gange otte,unknown,da,,,,
i'd like you to put on P2,playNamed,en,,,,P2
right away lift the mute,unmute,en,,,,
lige højere med 10,volumeUp,da,,10,,
ville du sætte lydstyrken til halvfjerds,setVolume,da,70,,,
join the upstairs speaker,joinSpeaker,en,,,,
any sports updates,unknown,en,,,,
jeg vil gerne have at du indstille lydstyrken til tredive,setVolume,da,30,,,
vær venlig at spille klassisk,playNamed,da,,,,
end mute,unmute,en,,,,
what presets do i have real quick,listFavorites,en,,,,
kindly put the volume at seventy-five,setVolume,en,75,,,
would you kill the music,stop,en,,,,
i would like you to kill the sound,mute,en,,,,
decrease volume by 20 right away,volumeDown,en,,20,,
kunne du venligst afspille study music,playNamed,da,,,,
i need you to stop playing now,stop,en,,,,
i need you to mute now,mute,en,,,,
carry on now,resume,en,,,,
nu sæt noget på,playDefault,da,,,,
ville du venligst spille Classic FM,playNamed,da,,,,
would you pause it,pause,en,,,,
can you end the music,stop,en,,,,
list my favourites real quick,listFavorites,en,,,,
volume up five right away,volumeUp,en,,5,,
would you mind to bring back the sound,unmute,en,,,,
i want to hear Classic FM,playNamed,en,,,,Classic FM
nu indstil termostaten til toogtyve grader,unknown,da,,,,
exit mute,unmute,en,,,,
kan du venligst fortsætte,resume,da,,,,
nej det er forkert hurtigt,cancel,da,,,,
just volume up twenty,volumeUp,en,,20,,
just let's play chess,unknown,en,,,,
right now i need you to pause,pause,en,,,,
nu jo,confirm,da,,,,
take a break,pause,en,,,,
ville du venligst tilslutte soveværelset,joinSpeaker,da,,,,
just hold the audio,pause,en,,,,
kommer der sne i weekenden nu,unknown,da,,,,
sænk volumen,volumeDown,da,,,,
spil BBC Radio 4 for mig,playNamed,da,,,,BBC Radio 4 for mig
bare skru ned med 5,volumeDown,da,,5,,
can you put on pop,playNamed,en,,,,pop
right,confirm,en,,,,
i want you to play favorite eight,playFavoriteByNumber,en,,,8,
lige ja tak,confirm,da,,,,
disconnect from the others right now,leaveSpeaker,en,,,,
frakobl gruppen med det samme,leaveSpeaker,da,,,,
med det samme vent her,pause,da,,,,
go ahead and group with the dining room,joinSpeaker,en,,,,
sæt højttaleren på lydløs med det samme,mute,da,,,,
vil du afspille favorit nummer 2,playFavoriteByNumber,da,,,2,
right away no,cancel,en,,,,
jeg vil bede dig om at genoptage,resume,da,,,,
må jeg bede dig om at gøre det højere,volumeUp,da,,,,
nu fjern fra gruppen,leaveSpeaker,da,,,,
now put on anything,playDefault,en,,,,
nu lad os tage en pause,pause,da,,,,
kan du venligst gruppere med køkkenet,joinSpeaker,da,,,,
kan du stoppe musikken,stop,da,,,,
bare nul lyd,mute,da,,,,
real quick abort the action,cancel,en,,,,
find en kaffebar,unknown,da,,,,
tilslut til entréen,joinSpeaker,da,,,,
silence the audio,mute,en,,,,
vil du liste mine favoritter,listFavorites,da,,,,
right away shut it down,stop,en,,,,
kunne du venligst gruppere med kontoret,joinSpeaker,da,,,,
kindly put on Radio 100,playNamed,en,,,,Radio 100
quickly when does the sun rise,unknown,en,,,,
hurtigt min favoritliste,listFavorites,da,,,,
lige stille,mute,da,,,,
yep right now,confirm,en,,,,
træd tilbage,cancel,da,,,,
just show my presets,listFavorites,en,,,,
i'd like you to kill the sound,mute,en,,,,
quickly resume from where it stopped,resume,en,,,,
exactly now,confirm,en,,,,
jeg vil bede dig om at ophæve grupperingen,leaveSpeaker,da,,,,
quickly what does bonjour mean,unknown,en,,,,
jeg vil bede dig om at afspille favorit nummer 10,playFavoriteByNumber,da,,,10,
det er nok hurtigt,stop,da,,,,
turn it down by twenty real quick,volumeDown,en,,20,,
can you put on a song,playDefault,en,,,,
hold pause hurtigt,pause,da,,,,
just i'd like you to unmute,unmute,en,,,,
join stuen,joinSpeaker,da,,,,
join soveværelset,joinSpeaker,da,,,,
spil sammen med ovenpå,joinSpeaker,da,,,,
please put the volume at 80,setVolume,en,80,,,
favorit nummer to,playFavoriteByNumber,da,,,2,
would you silence it,mute,en,,,,
sluk lyden hurtigt,mute,da,,,,
sæt ambient music,playNamed,da,,,,ambient music
can you leave the group,leaveSpeaker,en,,,,
lige stands musikken,stop,da,,,,
vil du sætte lydstyrken til 70,setVolume,da,70,,,
vil du venligst afspille klassisk,playNamed,da,,,,
spil ambient music for mig,playNamed,da,,,,ambient music for mig
godnat,unknown,da,,,,
jeg vil bede dig om at læse mine favoritter op,listFavorites,da,,,,
now turn it down,volumeDown,en,,,,
right now do you sleep,unknown,en,,,,
kunne du sætte Genstart på,playNamed,da,,,,
quieter by fifteen right away,volumeDown,en,,15,,
hæv lydstyrken med fem,volumeUp,da,,5,,
volume at thirty,setVolume,en,30,,,
nu skru ned,volumeDown,da,,,,
lige sæt sangen på pause,pause,da,,,,
audio on,unmute,en,,,,
kunne du venligst holde op,stop,da,,,,
med det samme jeg vil have lyden tilbage,unmute,da,,,,
afspil noget musik,playDefault,da,,,,
stop den hurtigt,stop,da,,,,
start Mads og Monopolet,playNamed,da,,,,Mads og Monopolet
real quick all right,confirm,en,,,,
hurtigt stop helt,stop,da,,,,
i want sound back now,unmute,en,,,,
quickly are you a robot,unknown,en,,,,
spil kun her hurtigt,leaveSpeaker,da,,,,
could you please put the volume at thirty,setVolume,en,30,,,
ville du spille noget,playDefault,da,,,,
could you kindly join the kitchen,joinSpeaker,en,,,,
hurtigt sluk lyden,mute,da,,,,
ville du venligst slå lyden fra,mute,da,,,,
sæt musik på,playDefault,da,,,,
kindly put on MØ,playNamed,en,,,,MØ
ville du venligst afspille favorit nummer 2,playFavoriteByNumber,da,,,2,
right away back out,cancel,en,,,,
niveau 55,setVolume,da,55,,,
kill the audio,stop,en,,,,
venligst præcis,confirm,da,,,,
right now yes do it,confirm,en,,,,
give me the P8 Jazz,playNamed,en,,,,P8 Jazz
vil du venligst gruppere med haven,joinSpeaker,da,,,,
now more volume,volumeUp,en,,,,
i want you to continue real quick,resume,en,,,,
play what i was listening to,playDefault,en,,,,
could you please kill the music,stop,en,,,,
kan du spille P3,playNamed,da,,,,
vis mine presets,listFavorites,da,,,,
i'd like you to put the volume at 55,setVolume,en,55,,,
tilslut til køkkenet,joinSpeaker,da,,,,
now volume down five,volumeDown,en,,5,,
skru op 25 nu,volumeUp,da,,25,,
ville du venligst sætte morning playlist på,playNamed,da,,,,
tilslut gruppen,joinSpeaker,da,,,,
stop already,stop,en,,,,
med det samme hvilke favoritter er der,listFavorites,da,,,,
what's your name,unknown,en,,,,
bare luk for lyden,mute,da,,,,
fjern mute,unmute,da,,,,
kunne du venligst hæve lydstyrken,volumeUp,da,,,,
hurtigt skru ned med fem,volumeDown,da,,5,,
join the group with the upstairs speaker,joinSpeaker,en,,,,
okay now,confirm,en,,,,
vil du venligst afspille favorit nummer seks,playFavoriteByNumber,da,,,6,
favorit to,playFavoriteByNumber,da,,,2,
må jeg bede dig om at fortsætte musikken,resume,da,,,,
could you silence it,mute,en,,,,
ville du skrue op,volumeUp,da,,,,
lad os pause,pause,da,,,,
ja gør det nu,confirm,da,,,,
i want you to set volume to 30,setVolume,en,30,,,
would you group with the garden,joinSpeaker,en,,,,
yes do it real quick,confirm,en,,,,
that's wrong real quick,cancel,en,,,,
play solo real quick,leaveSpeaker,en,,,,
start musikken nu,playDefault,da,,,,
tilføj spisestuen,joinSpeaker,da,,,,
level zero,setVolume,en,0,,,
right away any new messages,unknown,en,,,,
would you make it louder,volumeUp,en,,,,
frakobl denne højttaler med det samme,leaveSpeaker,da,,,,
lige luk for lyden,mute,da,,,,
quickly stop grouping,leaveSpeaker,en,,,,
vent nej hurtigt,cancel,da,,,,
vær så venlig at afspille The Beatles,playNamed,da,,,,
real quick end silent mode,unmute,en,,,,
i need you to play number 2,playFavoriteByNumber,en,,,2,
restore the audio,unmute,en,,,,
that's right real quick,confirm,en,,,,
drop the audio,mute,en,,,,
play favorite number six,playFavoriteByNumber,en,,,6,
jeg vil gerne have at du forlade gruppen,leaveSpeaker,da,,,,
can you increase the volume,volumeUp,en,,,,
lad os pause nu,pause,da,,,,
kindly play number seven,playFavoriteByNumber,en,,,7,
kan du venligst slå lyden fra,mute,da,,,,
tænd for musikken nu,unmute,da,,,,
now actually no,cancel,en,,,,
hurtigt hvad har jeg gemt som favoritter,listFavorites,da,,,,
vis vej til lufthavnen med det samme,unknown,da,,,,
vil du pause afspilningen,pause,da,,,,
thank you,unknown,en,,,,
would you please play number nine,playFavoriteByNumber,en,,,9,
right away resume the song,resume,en,,,,
send en sms til min kone,unknown,da,,,,
hvad er datoen i dag,unknown,da,,,,
jeg vil gerne have at du stoppe afspilningen,stop,da,,,,
real quick i need you to ungroup,leaveSpeaker,en,,,,
make it so,confirm,en,,,,
nu fortsæt,resume,da,,,,
nu skru op med femogtyve,volumeUp,da,,25,,
bare helt rigtigt,confirm,da,,,,
could you resume the music,resume,en,,,,
hurtigt stop gruppering,leaveSpeaker,da,,,,
med det samme genoptag nummeret,resume,da,,,,
i confirm,confirm,en,,,,
right now i'd like you to unpause,resume,en,,,,
i'd like you to kill the music,stop,en,,,,
kindly change the volume to 95,setVolume,en,95,,,
jeg vil gerne have at du afspille musik,playDefault,da,,,,
right away go ahead,confirm,en,,,,
right away i want music,playDefault,en,,,,
real quick kill it,stop,en,,,,
cut the audio real quick,mute,en,,,,
må jeg bede dig om at fortælle mig mine favoritter,listFavorites,da,,,,
lige lavere med ti,volumeDown,da,,10,,
quieter by ten right now,volumeDown,en,,10,,
spil favorit 6 tak,playFavoriteByNumber,da,,,6,
link with the office,joinSpeaker,en,,,,
just turn it down by 20,volumeDown,en,,20,,
vil du forbinde med køkkenet,joinSpeaker,da,,,,
could you kindly play Genstart,playNamed,en,,,,Genstart
right away separate the speaker,leaveSpeaker,en,,,,
can you group with the office,joinSpeaker,en,,,,
ville du venligst stoppe musikken,stop,da,,,,
alright right away,confirm,en,,,,
kunne du venligst spille favorit 6,playFavoriteByNumber,da,,,6,
jeg vil gerne have at du pause afspilningen,pause,da,,,,
vær så venlig at indstille lydstyrken til 50,setVolume,da,50,,,
i'd like you to play number six,playFavoriteByNumber,en,,,6,
volume down 15,volumeDown,en,,15,,
nu gør det sådan,confirm,da,,,,
med det samme afbryd alt,cancel,da,,,,
bare pause nummeret,pause,da,,,,
i would like you to unmute real quick,unmute,en,,,,
calculate the tip,unknown,en,,,,
vær så venlig at gruppere med kælderen,joinSpeaker,da,,,,
vil du venligst sænke lydstyrken,volumeDown,da,,,,
vær så venlig at pause afspilningen hurtigt,pause,da,,,,
start music,playDefault,en,,,,
hvad betyder bonjour hurtigt,unknown,da,,,,
lower the volume by 25 right now,volumeDown,en,,25,,
would you please group with the upstairs speaker,joinSpeaker,en,,,,
ville du afspille musik,playDefault,da,,,,
vil du venligst forbinde med køkkenet,joinSpeaker,da,,,,
bekræftet hurtigt,confirm,da,,,,
could you kindly make it quieter,volumeDown,en,,,,
kan du adskille højttaleren,leaveSpeaker,da,,,,
kan du forlade gruppen,leaveSpeaker,da,,,,
turn it down by thirty right away,volumeDown,en,,30,,
right away be quiet,mute,en,,,,
right away i need you to pause,pause,en,,,,
spil mit sædvanlige med det samme,playDefault,da,,,,
just go ahead and mute the speaker,mute,en,,,,
spil mine sange med det samme,playDefault,da,,,,
i need you to join the hallway,joinSpeaker,en,,,,
i want you to pause now,pause,en,,,,
nu gør det ikke,cancel,da,,,,
nu klart det,confirm,da,,,,
quickly any breaking news,unknown,en,,,,
lydstyrken på fyrre,setVolume,da,40,,,
afspil favorit 2,playFavoriteByNumber,da,,,2,
just volume up fifteen,volumeUp,en,,15,,
group with the bedroom,joinSpeaker,en,,,,
vær så venlig at spille musik med det samme,playDefault,da,,,,
now leave group,leaveSpeaker,en,,,,
venligst tilbage til afspilningen,resume,da,,,,
right away begin playing,playDefault,en,,,,
list favourites,listFavorites,en,,,,
kan du gruppere med stuen,joinSpeaker,da,,,,
vær så venlig at skrue op,volumeUp,da,,,,
med det samme hæv lydstyrken med femogtyve,volumeUp,da,,25,,
now i need you to stop playing,stop,en,,,,
skru op med 15,volumeUp,da,,15,,
right now disconnect from everyone,leaveSpeaker,en,,,,
vær så venlig at spille favorit fem,playFavoriteByNumber,da,,,5,
can you show me my favorites,listFavorites,en,,,,
kan du venligst tilslutte køkkenet,joinSpeaker,da,,,,
vær så venlig at forlade gruppen nu,leaveSpeaker,da,,,,
can you play electronic,playNamed,en,,,,electronic
would you play favorite 3,playFavoriteByNumber,en,,,3,
what's the weather today,unknown,en,,,,
just volume up 5,volumeUp,en,,5,,
right now louder by 20,volumeUp,en,,20,,
now what stations do i have,listFavorites,en,,,,
would you mind to change the volume to 20,setVolume,en,20,,,
more sound right now,volumeUp,en,,,,
vær så venlig at spille Genstart,playNamed,da,,,,
go ahead and play music right now,playDefault,en,,,,
quickly confirm,confirm,en,,,,
jeg vil høre The Beatles,playNamed,da,,,,Beatles
fire up some music,playDefault,en,,,,
skønt,confirm,da,,,,
kunne du ændre lydstyrken til 75,setVolume,da,75,,,
would you mind to turn it up,volumeUp,en,,,,
right away i need silence,mute,en,,,,
kindly disconnect,leaveSpeaker,en,,,,
could you unmute,unmute,en,,,,
kunne du vise mine favoritter,listFavorites,da,,,,
faktisk nej nu,cancel,da,,,,
quickly skip that,cancel,en,,,,
now restore the sound,unmute,en,,,,
real quick i'd like you to silence it,mute,en,,,,
pick up where you left off right now,resume,en,,,,
hurtigt vær så venlig at pause,pause,da,,,,
real quick fine by me,confirm,en,,,,
right now go ahead and make it quieter,volumeDown,en,,,,
put on a song,playDefault,en,,,,
unpause it right away,resume,en,,,,
could you kindly play number two,playFavoriteByNumber,en,,,2,
quickly alright then,confirm,en,,,,
med det samme rigtigt,confirm,da,,,,
i want you to change the volume to 90,setVolume,en,90,,,
kan du venligst dæmpe lyden,mute,da,,,,
go ahead and read out my favorites,listFavorites,en,,,,
fint,confirm,da,,,,
vær venlig at stoppe,stop,da,,,,
now text my wife,unknown,en,,,,
i need silence,mute,en,,,,
play again real quick,resume,en,,,,
turn it up by five,volumeUp,en,,5,,
fortsæt med at spille hurtigt,resume,da,,,,
kindly put on Adele,playNamed,en,,,,Adele
venligst skru ned med fem,volumeDown,da,,5,,
put on Bob Dylan,playNamed,en,,,,Bob Dylan
volume down ten,volumeDown,en,,10,,
afslut sangen,stop,da,,,,
vil du venligst ophæve pausen,resume,da,,,,
play whatever was on,playDefault,en,,,,
i want you to unpause real quick,resume,en,,,,
lydniveau 90,setVolume,da,90,,,
go ahead and make it louder now,volumeUp,en,,,,
can you put on rock,playNamed,en,,,,rock
decrease volume right now,volumeDown,en,,,,
real quick ungroup,leaveSpeaker,en,,,,
quickly decrease volume by 30,volumeDown,en,,30,,
med det samme forlad,leaveSpeaker,da,,,,
naw now,cancel,en,,,,
bare afbryd forbindelsen,leaveSpeaker,da,,,,
fortsæt sangen med det samme,resume,da,,,,
quieter by thirty,volumeDown,en,,30,,
vis vej til lufthavnen nu,unknown,da,,,,
can you please read out my favorites,listFavorites,en,,,,
right away decrease volume by 30,volumeDown,en,,30,,
lige giv mig lyden igen,unmute,da,,,,
hurtigt stop midlertidigt,pause,da,,,,
vis mine presets med det samme,listFavorites,da,,,,
hurtigt hvem vandt i går,unknown,da,,,,
må jeg bede dig om at slå lyden fra,mute,da,,,,
go ahead and play number five,playFavoriteByNumber,en,,,5,
vær venlig at ændre lydstyrken til tres,setVolume,da,60,,,
i need you to set volume to 100,setVolume,en,100,,,
nu mere lydstyrke,volumeUp,da,,,,
turn it down by twenty-five real quick,volumeDown,en,,25,,
right now pause the speaker,pause,en,,,,
hurtigt ingen lyd,mute,da,,,,
volume down 25 right now,volumeDown,en,,25,,
vær så venlig at tilslutte haven,joinSpeaker,da,,,,
hurtigt stop det der,cancel,da,,,,
right away go ahead and mute the speaker,mute,en,,,,
adskil denne højttaler,leaveSpeaker,da,,,,
silence the music real quick,mute,en,,,,
hold pause,pause,da,,,,
skru ned for det,volumeDown,da,,,,
quickly go ahead and make it louder,volumeUp,en,,,,
vær venlig at sætte hip hop på,playNamed,da,,,,
hold op med at spille med det samme,stop,da,,,,
raise it,volumeUp,en,,,,
vil du afspille favorit nummer 10,playFavoriteByNumber,da,,,10,
lad os ikke nu,cancel,da,,,,
vil du sætte lydstyrken til tredive,setVolume,da,30,,,
right now keep going,resume,en,,,,
dæmp musikken med det samme,mute,da,,,,
could you kindly pause,pause,en,,,,
quickly what are my favorites,listFavorites,en,,,,
stop med det samme med det samme,stop,da,,,,
bare ophæv dæmpningen,unmute,da,,,,
kunne du indstille lydstyrken til femten,setVolume,da,15,,,
lige forlad,leaveSpeaker,da,,,,
vær venlig at spille noget,playDefault,da,,,,
volume down real quick,volumeDown,en,,,,
jeg vil bede dig om at pause afspilningen,pause,da,,,,
hurtigt skru op 20,volumeUp,da,,20,,
ville du forbinde med entréen,joinSpeaker,da,,,,
hvor er min telefon hurtigt,unknown,da,,,,
i would like you to list my favorites,listFavorites,en,,,,
hold on real quick,pause,en,,,,
kunne du venligst adskille højttaleren,leaveSpeaker,da,,,,
unmute the audio,unmute,en,,,,
vær venlig at ændre lydstyrken til femogtyve,setVolume,da,25,,,
i'd like you to play Volbeat,playNamed,en,,,,Volbeat
i would like you to pause it,pause,en,,,,
list my favourites,listFavorites,en,,,,
nu hele favoritlisten,listFavorites,da,,,,
quickly i want it muted,mute,en,,,,
tag pausen af hurtigt,resume,da,,,,
kan du tilslutte køkkenet,joinSpeaker,da,,,,
vær så venlig at spille noget,playDefault,da,,,,
can you play favorite 6,playFavoriteByNumber,en,,,6,
perfekt med det samme,confirm,da,,,,
spil for dig selv med det samme,leaveSpeaker,da,,,,
må jeg bede dig om at sætte musik på,playDefault,da,,,,
right away let it play,resume,en,,,,
i need you to stop playing,stop,en,,,,
sæt Radio 100 på,playNamed,da,,,,Radio 100
kunne du afspille favorit nummer 8,playFavoriteByNumber,da,,,8,
hurtigt skru ned med 10,volumeDown,da,,10,,
real quick kill the sound,stop,en,,,,
unmute the speaker real quick,unmute,en,,,,
now begin the music,playDefault,en,,,,
split off right now,leaveSpeaker,en,,,,
kunne du venligst pause afspilningen,pause,da,,,,
can you please turn the sound back on,unmute,en,,,,
volume up twenty-five,volumeUp,en,,25,,
tell me a story right away,unknown,en,,,,
i want you to play favorite 6,playFavoriteByNumber,en,,,6,
vær så venlig at afspille jazz,playNamed,da,,,,
kan du spille favorit syv,playFavoriteByNumber,da,,,7,
kan du venligst genoptage,resume,da,,,,
vær venlig at stoppe musikken,stop,da,,,,
quickly play some music,playDefault,en,,,,
kunne du afspille favorit nummer fem,playFavoriteByNumber,da,,,5,
just throw on some tunes,playDefault,en,,,,
vær venlig at afspille favorit nummer fem,playFavoriteByNumber,da,,,5,
bare start lidt musik,playDefault,da,,,,
skru op 15 med det samme,volumeUp,da,,15,,
just turn it up by five,volumeUp,en,,5,,
don't do that right away,cancel,en,,,,
halt it real quick,pause,en,,,,
vil du afspille klassisk,playNamed,da,,,,
i need you to play electronic,playNamed,en,,,,electronic
fortsæt musikken med det samme,resume,da,,,,
lad os ikke,cancel,da,,,,
now disconnect from group,leaveSpeaker,en,,,,
could you play favorite six,playFavoriteByNumber,en,,,6,
go ahead and unmute now,unmute,en,,,,
venligst vær så venlig at fjerne dæmpningen,unmute,da,,,,
could you turn off the music,stop,en,,,,
vis mig et kort over paris nu,unknown,da,,,,
could you carry on,resume,en,,,,
fjern pause nu,resume,da,,,,
ville du læse mine favoritter op,listFavorites,da,,,,
lige hæv lydstyrken med femten,volumeUp,da,,15,,
right away cancel it,cancel,en,,,,
wait right now,pause,en,,,,
kan du forbinde med kontoret,joinSpeaker,da,,,,
hvornår står solen op hurtigt,unknown,da,,,,
ville du tænde lyden igen,unmute,da,,,,
real quick i want you to carry on,resume,en,,,,
now halt it,pause,en,,,,
stop,stop,both,,,,
i want you to play number nine,playFavoriteByNumber,en,,,9,
make the volume 40,setVolume,en,40,,,
play my five favorite,playFavoriteByNumber,en,,,5,
bare afbryd kort,pause,da,,,,
could you please ungroup,leaveSpeaker,en,,,,
ville du afspille P2,playNamed,da,,,,
start igen,resume,da,,,,
dæmp musikken hurtigt,mute,da,,,,
can you group with the hallway,joinSpeaker,en,,,,
spil favorit to tak,playFavoriteByNumber,da,,,2,
right now turn the volume down,volumeDown,en,,,,
right now i want to listen to music,playDefault,en,,,,
real quick perfect,confirm,en,,,,
vær venlig at gøre det lavere,volumeDown,da,,,,
sig noget sjovt nu,unknown,da,,,,
real quick start music,playDefault,en,,,,
lige gør det højere,volumeUp,da,,,,
kunne du starte musikken,playDefault,da,,,,
go ahead and tell me my favorites,listFavorites,en,,,,
må jeg bede dig om at forbinde med stuen,joinSpeaker,da,,,,
kunne du sætte på lydløs,mute,da,,,,
add the patio to the group,joinSpeaker,en,,,,
sluk for lyden nu,mute,da,,,,
kan du ophæve pausen,resume,da,,,,
just turn the music off,stop,en,,,,
lige spil alene,leaveSpeaker,da,,,,
right now turn down the volume,volumeDown,en,,,,
jeg vil gerne have at du ophæve dæmpningen,unmute,da,,,,
right away stop this,stop,en,,,,
could you please play number 10,playFavoriteByNumber,en,,,10,
quickly unlink,leaveSpeaker,en,,,,
er der breaking news,unknown,da,,,,
just end mute,unmute,en,,,,
turn it up by twenty-five right away,volumeUp,en,,25,,
bare skru op med femten,volumeUp,da,,15,,
stop grouping right away,leaveSpeaker,en,,,,
who won last night real quick,unknown,en,,,,
could you please play hip hop,playNamed,en,,,,hip hop
right away which favorites are there,listFavorites,en,,,,
jeg vil gerne have at du skrue op,volumeUp,da,,,,
vil du frakoble,leaveSpeaker,da,,,,
would you join the basement,joinSpeaker,en,,,,
ville du sætte på pause,pause,da,,,,
turn on the sound,unmute,en,,,,
hvad har jeg gemt som favoritter hurtigt,listFavorites,da,,,,
lige læs min seneste email op,unknown,da,,,,
kunne du venligst skrue op for lyden,volumeUp,da,,,,
freeze it,pause,en,,,,
afspil favorit nummer to,playFavoriteByNumber,da,,,2,
vil du afspille rolig musik,playNamed,da,,,,
med det samme vis favoritter,listFavorites,da,,,,
now silence the music,mute,en,,,,
kunne du spille favorit fem,playFavoriteByNumber,da,,,5,
lige annuller det,cancel,da,,,,
vent et øjeblik,pause,da,,,,
right now put on some music,playDefault,en,,,,
i want you to start playing real quick,playDefault,en,,,,
could you please change the volume to seventy-five,setVolume,en,75,,,
ville du venligst holde op,stop,da,,,,
nu hvordan bager jeg en kage,unknown,da,,,,
who are you real quick,unknown,en,,,,
afspil favorit nummer 5,playFavoriteByNumber,da,,,5,
just ya,confirm,en,,,,
play by yourself right now,leaveSpeaker,en,,,,
i want you to stop the music,stop,en,,,,
play favorite number two,playFavoriteByNumber,en,,,2,
venligst fjern al lyd,mute,da,,,,
real quick stop the audio,stop,en,,,,
vil du afspille favorit nummer 5,playFavoriteByNumber,da,,,5,
kunne du venligst sætte Pink Floyd på,playNamed,da,,,,
quickly don't do it,cancel,en,,,,
bare faktisk glem det,cancel,da,,,,
no right away,cancel,en,,,,
would you mind to play favorite 6,playFavoriteByNumber,en,,,6,
må jeg bede dig om at gøre det lavere,volumeDown,da,,,,
could you kindly put on fest playlisten,playNamed,en,,,,fest playlisten
would you group with the hallway,joinSpeaker,en,,,,
skift til lydstyrke femoghalvfjerds,setVolume,da,75,,,
real quick go ahead and separate this speaker,leaveSpeaker,en,,,,
could you play P7,playNamed,en,,,,P7
play only here right away,leaveSpeaker,en,,,,
can you put on Pop FM,playNamed,en,,,,Pop FM
afspil jazz tak,playNamed,da,,,,jazz
right away nevermind,cancel,en,,,,
hurtigt sæt lidt musik på,playDefault,da,,,,
just when does the sun rise,unknown,en,,,,
now forget that,cancel,en,,,,
disconnect now,leaveSpeaker,en,,,,
keep going right now,resume,en,,,,
could you please stop playing,stop,en,,,,
bare sæt afspilningen på pause,pause,da,,,,
må jeg bede dig om at afspille Adele,playNamed,da,,,,
remove this speaker real quick,leaveSpeaker,en,,,,
tilslut til stuen,joinSpeaker,da,,,,
giv mig lyden tilbage,unmute,da,,,,
i would like you to set volume to 50,setVolume,en,50,,,
could you kindly start playing,playDefault,en,,,,
start playback right away,playDefault,en,,,,
i want you to start playing right now,playDefault,en,,,,
venligst skru op med fem,volumeUp,da,,5,,
right away abort that,cancel,en,,,,
right away that's right,confirm,en,,,,
vær så venlig at ændre lydstyrken til 35,setVolume,da,35,,,
join the hallway,joinSpeaker,en,,,,
tell me my favourites,listFavorites,en,,,,
nu vær så venlig at forlade gruppen,leaveSpeaker,da,,,,
now cut the audio,mute,en,,,,
kan du tilslutte terrassen,joinSpeaker,da,,,,
would you please put the volume at forty,setVolume,en,40,,,
med det samme helt rigtigt,confirm,da,,,,
vil du sætte This American Life på,playNamed,da,,,,
hurtigt forlad klyngen,leaveSpeaker,da,,,,
med det samme afbryd musikken,pause,da,,,,
jeg vil gerne have at du indstille lydstyrken til nul,setVolume,da,0,,,
med det samme lavere med 20,volumeDown,da,,20,,
please tell me my favorites,listFavorites,en,,,,
turn it up by ten real quick,volumeUp,en,,10,,
venligst afslut pausen,resume,da,,,,
vær så venlig at sætte Pop FM på,playNamed,da,,,,
play just here real quick,leaveSpeaker,en,,,,
right away make me laugh,unknown,en,,,,
play my favorite 7,playFavoriteByNumber,en,,,7,
would you mind to freeze the music,pause,en,,,,
would you mind to show me my favorites,listFavorites,en,,,,
lige lavere med femogtyve,volumeDown,da,,25,,
lige hvilke stationer har jeg,listFavorites,da,,,,
sæt ambient music på,playNamed,da,,,,ambient music
volume down 30,volumeDown,en,,30,,
kan du venligst spille favorit 9,playFavoriteByNumber,da,,,9,
vær så venlig at genoptage hurtigt,resume,da,,,,
hæv volumen,volumeUp,da,,,,
i orden ja,confirm,da,,,,
med det samme hvad skal jeg lave i dag,unknown,da,,,,
lige skru ned 5,volumeDown,da,,5,,
i'd like you to unmute,unmute,en,,,,
vær venlig at spille NPR,playNamed,da,,,,
klart ja hurtigt,confirm,da,,,,
med det samme tænd lyden igen,unmute,da,,,,
mute real quick,mute,en,,,,
afslut musikken,stop,da,,,,
do it now,confirm,en,,,,
hurtigt få musikken til at stoppe,stop,da,,,,
go ahead and make it quieter real quick,volumeDown,en,,,,
jeg vil gerne have at du sætte musik på,playDefault,da,,,,
lyd på,unmute,da,,,,
vil du venligst sætte lydstyrken til halvfjerds,setVolume,da,70,,,
hurtigt jeg vil høre noget igen,unmute,da,,,,
right away i'd like you to silence it,mute,en,,,,
kan du sætte på lydløs,mute,da,,,,
right now i want you to continue,resume,en,,,,
would you mind to turn the sound back on,unmute,en,,,,
list my presets right away,listFavorites,en,,,,
quickly kill the music,stop,en,,,,
right now increase volume by 15,volumeUp,en,,15,,
tell me a joke right away,unknown,en,,,,
må jeg bede dig om at spille favorit 4,playFavoriteByNumber,da,,,4,
would you play number nine,playFavoriteByNumber,en,,,9,
kindly start playing,playDefault,en,,,,
play favourite 7,playFavoriteByNumber,en,,,7,
hurtigt afsynkroniser,leaveSpeaker,da,,,,
play some tunes real quick,playDefault,en,,,,
tænd for lyden nu,unmute,da,,,,
i need you to restore the sound,unmute,en,,,,
quickly ok,confirm,en,,,,
sæt lydstyrken til 90,setVolume,da,90,,,
hvor langt er der til københavn hurtigt,unknown,da,,,,
all right real quick,confirm,en,,,,
i want to pause,pause,en,,,,
would you please put on a song,playDefault,en,,,,
right away kill the sound,mute,en,,,,
kan du venligst sætte hip hop på,playNamed,da,,,,
i need you to play something right away,playDefault,en,,,,
sæt Lukas Graham,playNamed,da,,,,Lukas Graham
i would like you to play favorite six,playFavoriteByNumber,en,,,6,
annuller,cancel,da,,,,
må jeg bede dig om at gruppere med terrassen,joinSpeaker,da,,,,
hvad har jeg på listen nu,listFavorites,da,,,,
level 50,setVolume,en,50,,,
real quick wrong,cancel,en,,,,
jeg vil bede dig om at afspille Bob Dylan,playNamed,da,,,,
i need you to change the volume to 25,setVolume,en,25,,,
venligst hvordan var din dag,unknown,da,,,,
stop this right away,stop,en,,,,
jeg vil gerne have at du gøre det lavere,volumeDown,da,,,,
could you play favorite 9,playFavoriteByNumber,en,,,9,
go ahead right now,confirm,en,,,,
real quick where's the nearest grocery,unknown,en,,,,
now agreed,confirm,en,,,,
hurtigt vis mine presets,listFavorites,da,,,,
start something now,playDefault,en,,,,
afbryd alt med det samme,cancel,da,,,,
kunne du fjerne lydløs,unmute,da,,,,
now proceed,confirm,en,,,,
quickly keep going,resume,en,,,,
level fifteen,setVolume,en,15,,,
i need you to show me my favorites,listFavorites,en,,,,
kunne du venligst stoppe,stop,da,,,,
luk for musikken hurtigt,mute,da,,,,
ikke denne gang,cancel,da,,,,
jeg vil gerne have at du dæmpe lyden,mute,da,,,,
real quick what's a good recipe for pasta,unknown,en,,,,
could you kindly play klassisk,playNamed,en,,,,klassisk
højere med 25 nu,volumeUp,da,,25,,
i would like you to tell me my favorites,listFavorites,en,,,,
right now no thanks,cancel,en,,,,
bare lad være,cancel,da,,,,
kunne du venligst fortsætte,resume,da,,,,
jeg vil bede dig om at holde pause,pause,da,,,,
venligst vær så venlig at fortsætte musikken,resume,da,,,,
give it a rest,pause,en,,,,
kunne du gruppere med entréen,joinSpeaker,da,,,,
could you kindly kill the music,stop,en,,,,
right now list my favourites,listFavorites,en,,,,
drop det,cancel,da,,,,
hurtigt afkobl,leaveSpeaker,da,,,,
nu skru ned 20,volumeDown,da,,20,,
jeg vil bede dig om at liste mine favoritter,listFavorites,da,,,,
kindly freeze the music,pause,en,,,,
now quieter by twenty-five,volumeDown,en,,25,,
i would like you to set volume to 100,setVolume,en,100,,,
would you please mute the speaker,mute,en,,,,
vil du venligst adskille højttaleren,leaveSpeaker,da,,,,
now forget it,cancel,en,,,,
korrekt med det samme,confirm,da,,,,
let's go,confirm,en,,,,
lower the volume by 5,volumeDown,en,,5,,
lige sæt på lydløs,mute,da,,,,
continue the song right now,resume,en,,,,
skru ned med ti,volumeDown,da,,10,,
i'd like you to play number four,playFavoriteByNumber,en,,,4,
never mind that right away,cancel,en,,,,
grupper med stuen,joinSpeaker,da,,,,
make it quieter,volumeDown,en,,,,
bare hæv volumen,volumeUp,da,,,,
lavere med 10,volumeDown,da,,10,,
just i need you to start playing,playDefault,en,,,,
quickly remove me from the group,leaveSpeaker,en,,,,
no don't right now,cancel,en,,,,
kindly group with the living room,joinSpeaker,en,,,,
venligst kast en terning,unknown,da,,,,
now go ahead and pause,pause,en,,,,
lige vær så venlig at spille videre,resume,da,,,,
quickly shut it off,stop,en,,,,
quickly give me sound back,unmute,en,,,,
now show my presets,listFavorites,en,,,,
decrease volume by 15,volumeDown,en,,15,,
kindly put on Pop FM,playNamed,en,,,,Pop FM
stop sangen nu,stop,da,,,,
jeg vil bede dig om at fortsætte,resume,da,,,,
could you play number 9,playFavoriteByNumber,en,,,9,
ville du afspille ambient music,playNamed,da,,,,
jo nu,confirm,da,,,,
ville du venligst mute,mute,da,,,,
just sure why not,confirm,en,,,,
right away thank you,unknown,en,,,,
real quick turn off the audio,stop,en,,,,
right away turn it up by thirty,volumeUp,en,,30,,
go ahead,confirm,en,,,,
would you put on Daft Punk,playNamed,en,,,,Daft Punk
indstil lydstyrken til 90,setVolume,da,90,,,
could you kindly increase the volume,volumeUp,en,,,,
let's hear the Jazz FM,playNamed,en,,,,Jazz FM
lige spil noget,playDefault,da,,,,
venligst fortsæt,resume,da,,,,
med det samme tag højttaleren ud af gruppen,leaveSpeaker,da,,,,
kunne du skrue op for lyden,volumeUp,da,,,,
kan du spille favorit 2,playFavoriteByNumber,da,,,2,
vær så venlig at tilslutte spisestuen,joinSpeaker,da,,,,
disconnect from the group,leaveSpeaker,en,,,,
can you change the volume to one hundred,setVolume,en,100,,,
restore sound,unmute,en,,,,
spil min favorit 6,playFavoriteByNumber,da,,,6,
pause den med det samme,pause,da,,,,
put the volume at 20,setVolume,en,20,,,
ville du venligst sætte afslapningsmusik på,playNamed,da,,,,
nu spil for dig selv,leaveSpeaker,da,,,,
i need you to carry on now,resume,en,,,,
jeg vil bede dig om at spille musik,playDefault,da,,,,
lav en sandwich til mig,unknown,da,,,,
i need you to put on NPR,playNamed,en,,,,NPR
grupper med soveværelset,joinSpeaker,da,,,,
hvad er mine favoritter,listFavorites,da,,,,
what stations are saved now,listFavorites,en,,,,
selvfølgelig,confirm,da,,,,
tilføj æg til min indkøbsliste,unknown,da,,,,
lyder godt nu,confirm,da,,,,
afbryd musikken med det samme,pause,da,,,,
real quick volume up five,volumeUp,en,,5,,
nemlig hurtigt,confirm,da,,,,
lavere med 20,volumeDown,da,,20,,
would you pause the music,pause,en,,,,
kan du forbinde med haven,joinSpeaker,da,,,,
would you mind to make it louder,volumeUp,en,,,,
could you pause the music,pause,en,,,,
cancel please,cancel,en,,,,
louder by 15 now,volumeUp,en,,15,,
real quick i would like you to pause,pause,en,,,,
vil du venligst spille Mew,playNamed,da,,,,
lyd til nu,unmute,da,,,,
which favourites do i have right away,listFavorites,en,,,,
skru ned nu,volumeDown,da,,,,
med det samme skru ned med 15,volumeDown,da,,15,,
jeg vil bede dig om at indstille lydstyrken til firs,setVolume,da,80,,,
vær så venlig at afspille favorit nummer 4,playFavoriteByNumber,da,,,4,
spil bare her,leaveSpeaker,da,,,,
right now read the favorites,listFavorites,en,,,,
all right,confirm,en,,,,
sæt favorit 3 på,playFavoriteByNumber,da,,,3,
i want to hear the P4,playNamed,en,,,,P4
lige afbryd forbindelsen til gruppen,leaveSpeaker,da,,,,
i want you to stop playing,stop,en,,,,
i would like you to continue right away,resume,en,,,,
med det samme pause den,pause,da,,,,
ville du venligst indstille lydstyrken til halvfems,setVolume,da,90,,,
now confirmed,confirm,en,,,,
say something funny right now,unknown,en,,,,
ville du sætte electronic på,playNamed,da,,,,
could you kindly resume the music,resume,en,,,,
skru ned med 10,volumeDown,da,,10,,
real quick volume up 20,volumeUp,en,,20,,
real quick volume up twenty,volumeUp,en,,20,,
skift lydstyrken til ti,setVolume,da,10,,,
disconnect,leaveSpeaker,en,,,,
venligst gør det lidt højere,volumeUp,da,,,,
would you mind to put on a song,playDefault,en,,,,
må jeg bede dig om at ophæve pausen,resume,da,,,,
yup,confirm,en,,,,
abort that,cancel,en,,,,
kindly play favorite ten,playFavoriteByNumber,en,,,10,
kunne du venligst tilslutte soveværelset,joinSpeaker,da,,,,
can you please pause it,pause,en,,,,
kindly put on some music,playDefault,en,,,,
sæt musikken på lydløs med det samme,mute,da,,,,
could you kindly carry on,resume,en,,,,
would you mind to put on Genstart,playNamed,en,,,,Genstart
med det samme vær så venlig at frakoble,leaveSpeaker,da,,,,
right away i want you to pause it,pause,en,,,,
skru op hurtigt,volumeUp,da,,,,
play my 9 favorite,playFavoriteByNumber,en,,,9,
sæt afslapningsmusik på,playNamed,da,,,,afslapningsmusik
jeg vil gerne have at du sætte BBC Radio 4 på,playNamed,da,,,,
højere med 15 nu,volumeUp,da,,15,,
bare skru ned med 30,volumeDown,da,,30,,
hold on,pause,en,,,,
vær så venlig at ophæve dæmpningen,unmute,da,,,,
right away pause everything,pause,en,,,,
quickly do you have feelings,unknown,en,,,,
lige hvornår er det solnedgang,unknown,da,,,,
kunne du venligst afspille musik,playDefault,da,,,,
jeg vil bede dig om at sætte Pink Floyd på,playNamed,da,,,,
i'd like you to change the volume to 10,setVolume,en,10,,,
vær venlig at spille Lukas Graham,playNamed,da,,,,
nu ophæv grupperingen,leaveSpeaker,da,,,,
vil du dæmpe lyden,mute,da,,,,
can you hold the music,pause,en,,,,
kunne du venligst fjerne lydløs,unmute,da,,,,
now yes thanks,confirm,en,,,,
i want you to set volume to 25,setVolume,en,25,,,
just stop already,stop,en,,,,
nu faktisk nej,cancel,da,,,,
med det samme hvad skal jeg spise til aften,unknown,da,,,,
just volume down thirty,volumeDown,en,,30,,
vær venlig at spille videre,resume,da,,,,
mute now,mute,en,,,,
synkroniser med terrassen,joinSpeaker,da,,,,
i need you to play number 3,playFavoriteByNumber,en,,,3,
ja gerne,confirm,da,,,,
fire up the P3,playNamed,en,,,,P3
niveau 30,setVolume,da,30,,,
venligst vær så venlig at skrue op,volumeUp,da,,,,
kunne du adskille højttaleren,leaveSpeaker,da,,,,
now split this speaker off,leaveSpeaker,en,,,,
just not anymore,cancel,en,,,,
ville du gruppere med kælderen,joinSpeaker,da,,,,
would you mind to put the volume at 0,setVolume,en,0,,,
skønt hurtigt,confirm,da,,,,
go ahead and turn off the music,stop,en,,,,
må jeg bede dig om at skrue ned,volumeDown,da,,,,
ville du starte musikken,playDefault,da,,,,
jeg bekræfter nu,confirm,da,,,,
i'd like you to resume the music,resume,en,,,,
would you mute the speaker,mute,en,,,,
quieter by twenty-five now,volumeDown,en,,25,,
sæt NPR på,playNamed,da,,,,NPR
would you play number four,playFavoriteByNumber,en,,,4,
i would like you to play study music,playNamed,en,,,,study music
hurtigt fortryd,cancel,da,,,,
vær venlig at afspille favorit nummer 10,playFavoriteByNumber,da,,,10,
i want you to put on P1,playNamed,en,,,,P1
jeg vil gerne have at du spille favorit fem,playFavoriteByNumber,da,,,5,
kill it,stop,en,,,,
kindly play Radio 100,playNamed,en,,,,Radio 100
would you please group with the kitchen,joinSpeaker,en,,,,
med det samme få mig til at grine,unknown,da,,,,
would you unmute,unmute,en,,,,
would you mind to hold the music,pause,en,,,,
nu skru op med femten,volumeUp,da,,15,,
mind mig om at købe mælk,unknown,da,,,,
keep playing,resume,en,,,,
hurtigt lav en sandwich til mig,unknown,da,,,,
bare lad os ikke,cancel,da,,,,
vær venlig at tænde lyden igen,unmute,da,,,,
go ahead and turn it down right away,volumeDown,en,,,,
hvilken dag er det,unknown,da,,,,
hurtigt det er nok,stop,da,,,,
skru ned med fem hurtigt,volumeDown,da,,5,,
ingen lyd hurtigt,mute,da,,,,
fortsæt med at spille,resume,da,,,,
med det samme højere med fem,volumeUp,da,,5,,
vis mig favoritlisten,listFavorites,da,,,,
fjern gruppering,leaveSpeaker,da,,,,
afspil nummer 9,playFavoriteByNumber,da,,,9,
med det samme skru ned 15,volumeDown,da,,15,,
ville du venligst sætte P4 på,playNamed,da,,,,
play together with the patio,joinSpeaker,en,,,,
quickly hold the song,pause,en,,,,
can you please play number 7,playFavoriteByNumber,en,,,7,
list my presets right now,listFavorites,en,,,,
now nah,cancel,en,,,,
vil du venligst sætte P8 Jazz på,playNamed,da,,,,
skru ned 30 nu,volumeDown,da,,30,,
mindre volumen,volumeDown,da,,,,
kan du afspille musik,playDefault,da,,,,
bare sænk lydstyrken med 5,volumeDown,da,,5,,
quickly sure,confirm,en,,,,
what stations are saved right now,listFavorites,en,,,,
normal lyd igen med det samme,unmute,da,,,,
i want you to play number 7,playFavoriteByNumber,en,,,7,
right away don't,cancel,en,,,,
which favorites are saved right away,listFavorites,en,,,,
jeg vil gerne have at du slukke for lyden,mute,da,,,,
må jeg bede dig om at genoptage,resume,da,,,,
hurtigt få mig til at grine,unknown,da,,,,
i want you to lower the volume,volumeDown,en,,,,
would you mind to turn it down,volumeDown,en,,,,
mere lydstyrke nu,volumeUp,da,,,,
hurtigt højere med tyve,volumeUp,da,,20,,
vær så venlig at afspille P2,playNamed,da,,,,
kan du venligst tænde lyden igen,unmute,da,,,,
real quick go ahead and increase the volume,volumeUp,en,,,,
kan du venligst afspille musik,playDefault,da,,,,
med det samme hæv lydstyrken med 25,volumeUp,da,,25,,
now let's go,confirm,en,,,,
i need you to hold the music,pause,en,,,,
bare genoptag afspilningen,resume,da,,,,
please play favorite 5,playFavoriteByNumber,en,,,5,
vær venlig at spille favorit 10,playFavoriteByNumber,da,,,10,
could you kindly turn off the music,stop,en,,,,
go ahead and make it quieter right now,volumeDown,en,,,,
nu list favoritterne,listFavorites,da,,,,
venligst slå på lydløs,mute,da,,,,
sure why not right away,confirm,en,,,,
kunne du venligst afspille favorit nummer ti,playFavoriteByNumber,da,,,10,
just freeze it,pause,en,,,,
venligst konverter ti dollar til kroner,unknown,da,,,,
pause for a moment,pause,en,,,,
right now turn it down by 10,volumeDown,en,,10,,
jeg vil bede dig om at indstille lydstyrken til femten,setVolume,da,15,,,
vil du tilslutte ovenpå,joinSpeaker,da,,,,
i need you to silence it real quick,mute,en,,,,
right now go ahead,confirm,en,,,,
sænk lydstyrken med ti,volumeDown,da,,10,,
would you please group with the garden,joinSpeaker,en,,,,
jeg vil gerne have at du spille P4,playNamed,da,,,,
can you carry on,resume,en,,,,
play my eight favorite,playFavoriteByNumber,en,,,8,
vil du spille noget,playDefault,da,,,,
hvad er temperaturen udenfor nu,unknown,da,,,,
pause the speaker right now,pause,en,,,,
nu glem den ting,cancel,da,,,,
turn it up by ten,volumeUp,en,,10,,
i'd like you to hold the music,pause,en,,,,
afsynkroniser højttaleren,leaveSpeaker,da,,,,
stop bare,stop,da,,,,
med det samme jo,confirm,da,,,,
i'd like you to put on a song,playDefault,en,,,,
no don't,cancel,en,,,,
bare lavere med fem,volumeDown,da,,5,,
now unpair this speaker,leaveSpeaker,en,,,,
please play favorite one,playFavoriteByNumber,en,,,1,
lige skift mening,cancel,da,,,,
go quiet,mute,en,,,,
jeg vil bede dig om at spille noget,playDefault,da,,,,
spil sammen med soveværelset,joinSpeaker,da,,,,
just remove this from the group,leaveSpeaker,en,,,,
bump the volume real quick,volumeUp,en,,,,
put on the morning playlist,playNamed,en,,,,morning playlist
sæt på lydløs,mute,da,,,,
real quick decrease volume by 15,volumeDown,en,,15,,
kunne du venligst liste mine favoritter,listFavorites,da,,,,
would you please join the bedroom,joinSpeaker,en,,,,
can you please restore the sound,unmute,en,,,,
venligst hvad er datoen i dag,unknown,da,,,,
venligst mere volumen,volumeUp,da,,,,
right now where's the nearest grocery,unknown,en,,,,
jeg vil gerne have at du starte musikken,playDefault,da,,,,
real quick negative,cancel,en,,,,
play my usual right away,playDefault,en,,,,
translate this to german now,unknown,en,,,,
jeg vil gerne have at du forbinde med køkkenet,joinSpeaker,da,,,,
now exactly right,confirm,en,,,,
vis favoritter med det samme,listFavorites,da,,,,
ville du spille MØ,playNamed,da,,,,
now yeah,confirm,en,,,,
kunne du afspille favorit nummer 2,playFavoriteByNumber,da,,,2,
now increase volume,volumeUp,en,,,,
real quick play some tunes,playDefault,en,,,,
would you mind to change the volume to fifteen,setVolume,en,15,,,
quickly sound back on,unmute,en,,,,
favorite one,playFavoriteByNumber,en,,,1,
list the favorites now,listFavorites,en,,,,
forklar kvantefysik,unknown,da,,,,
kunne du venligst dæmpe lyden,mute,da,,,,
queue up music real quick,playDefault,en,,,,
lyd fra,mute,da,,,,
nu naturligvis,confirm,da,,,,
klart hurtigt,confirm,da,,,,
real quick go ahead and make it quieter,volumeDown,en,,,,
fjern mig fra gruppen nu,leaveSpeaker,da,,,,
kunne du venligst ændre lydstyrken til ti,setVolume,da,10,,,
nu sænk lydstyrken med ti,volumeDown,da,,10,,
venligst lidt højere,volumeUp,da,,,,
favorit 1,playFavoriteByNumber,da,,,1,
hvad er to plus to hurtigt,unknown,da,,,,
mute this,mute,en,,,,
venligst det er forkert,cancel,da,,,,
ville du venligst afslutte musikken,stop,da,,,,
nevermind,cancel,en,,,,
i'd like you to play Daft Punk,playNamed,en,,,,Daft Punk
quickly do you sleep,unknown,en,,,,
right away cut audio,mute,en,,,,
luk lyden hurtigt,mute,da,,,,
med det samme bekræft,confirm,da,,,,
just text my wife,unknown,en,,,,
link with the basement,joinSpeaker,en,,,,
ikke denne gang hurtigt,cancel,da,,,,
kan du afspille rock,playNamed,da,,,,
bare frakobl denne højttaler,leaveSpeaker,da,,,,
wait a second real quick,pause,en,,,,
sounds good,confirm,en,,,,
skru ned med 30,volumeDown,da,,30,,
real quick make me laugh,unknown,en,,,,
bestemt,confirm,da,,,,
kunne du gruppere med kælderen,joinSpeaker,da,,,,
go ahead and play number 5,playFavoriteByNumber,en,,,5,
real quick turn on the sound,unmute,en,,,,
hurtigt skru ned med 25,volumeDown,da,,25,,
vær venlig at mute,mute,da,,,,
vær så venlig at sætte lydstyrken til femogtyve,setVolume,da,25,,,
play the The Beatles,playNamed,en,,,,The Beatles
sæt musik på med det samme,playDefault,da,,,,
now play just here,leaveSpeaker,en,,,,
midlertidig stop nu,pause,da,,,,
go ahead and set volume to 35,setVolume,en,35,,,
play solo,leaveSpeaker,en,,,,
lyder godt hurtigt,confirm,da,,,,
please set volume to zero,setVolume,en,0,,,
volume down twenty-five,volumeDown,en,,25,,
can you please show me my favorites,listFavorites,en,,,,
do that,confirm,en,,,,
må jeg bede dig om at sætte hip hop på,playNamed,da,,,,
right now play the usual,playDefault,en,,,,
set volume to twenty,setVolume,en,20,,,
pause nummeret,pause,da,,,,
now louder by fifteen,volumeUp,en,,15,,
fire up Pop FM,playNamed,en,,,,Pop FM
resume the music,resume,en,,,,
just okay sure,confirm,en,,,,
now order pizza,unknown,en,,,,
can you please play number 10,playFavoriteByNumber,en,,,10,
fjern denne højttaler fra gruppen,leaveSpeaker,da,,,,
would you please join the garden,joinSpeaker,en,,,,
hold op med det,stop,da,,,,
kan du venligst sætte lydstyrken til femoghalvfjerds,setVolume,da,75,,,
hurtigt gør det lavere,volumeDown,da,,,,
hurtigt skru ned 25,volumeDown,da,,25,,
how do i bake a cake,unknown,en,,,,
fire up the P7,playNamed,en,,,,P7
go ahead and set volume to seventy,setVolume,en,70,,,
now i'd like you to disconnect,leaveSpeaker,en,,,,
right away yup,confirm,en,,,,
would you mind to turn off the music,stop,en,,,,
now open the garage,unknown,en,,,,
resume from where it stopped right away,resume,en,,,,
må jeg bede dig om at sætte Coldplay på,playNamed,da,,,,
read out my favorites now,listFavorites,en,,,,
i'd like you to lower the volume,volumeDown,en,,,,
volume level 95,setVolume,en,95,,,
unpause it,resume,en,,,,
hurtigt gør det sådan,confirm,da,,,,
that's correct,confirm,en,,,,
could you play P3,playNamed,en,,,,P3
hjælp mig med min lektie,unknown,da,,,,
right now go ahead and play music,playDefault,en,,,,
group with the upstairs speaker,joinSpeaker,en,,,,
just i need a pause,pause,en,,,,
hurtigt vis listen,listFavorites,da,,,,
spil min favorit seks,playFavoriteByNumber,da,,,6,
gør det sådan,confirm,da,,,,
can you play favorite four,playFavoriteByNumber,en,,,4,
volume down,volumeDown,en,,,,
quickly begin playing,playDefault,en,,,,
i'd like you to join the living room,joinSpeaker,en,,,,
ville du venligst sætte MØ på,playNamed,da,,,,
now negative,cancel,en,,,,
det er ikke rigtigt,cancel,da,,,,
med det samme farvel,unknown,da,,,,
venligst læs listen op,listFavorites,da,,,,
adskil højttaleren nu,leaveSpeaker,da,,,,
now increase volume by 20,volumeUp,en,,20,,
med det samme sæt musikken på lydløs,mute,da,,,,
that's enough right now,stop,en,,,,
which favorites are there real quick,listFavorites,en,,,,
right now remove me from the group,leaveSpeaker,en,,,,
join badeværelset,joinSpeaker,da,,,,
bare absolut,confirm,da,,,,
ville du venligst spille rock,playNamed,da,,,,
abort it,cancel,en,,,,
please play favorite eight,playFavoriteByNumber,en,,,8,
let's do it real quick,confirm,en,,,,
ophæv lydløs,unmute,da,,,,
i want you to separate this speaker,leaveSpeaker,en,,,,
forlad de andre med det samme,leaveSpeaker,da,,,,
kunne du venligst spille favorit 4,playFavoriteByNumber,da,,,4,
mute that right now,mute,en,,,,
quickly on second thought no,cancel,en,,,,
start favorite nine,playFavoriteByNumber,en,,,9,
right now no more music,stop,en,,,,
volume down fifteen right away,volumeDown,en,,15,,
just fine yes,confirm,en,,,,
could you please restore the sound,unmute,en,,,,
i would like you to show me my favorites,listFavorites,en,,,,
right now pause this,pause,en,,,,
vær så venlig at skrue op med det samme,volumeUp,da,,,,
kunne du sætte musik på,playDefault,da,,,,
could you please unmute,unmute,en,,,,
vis favoritterne,listFavorites,da,,,,
sæt lydstyrken til 1,setVolume,da,1,,,
kunne du venligst tilslutte ovenpå,joinSpeaker,da,,,,
hvem vandt i går hurtigt,unknown,da,,,,
i would like you to join the basement,joinSpeaker,en,,,,
do not now,cancel,en,,,,
vær så venlig at spille favorit 1,playFavoriteByNumber,da,,,1,
right away indeed,confirm,en,,,,
mute this now,mute,en,,,,
ville du ophæve dæmpningen,unmute,da,,,,
ophæv mute hurtigt,unmute,da,,,,
ville du venligst sætte morgenmusik på,playNamed,da,,,,
bare sænk lydstyrken med fem,volumeDown,da,,5,,
text my wife now,unknown,en,,,,
ville du venligst ændre lydstyrken til 45,setVolume,da,45,,,
fjern denne højttaler fra gruppen hurtigt,leaveSpeaker,da,,,,
real quick i want you to stop,stop,en,,,,
afkobl hurtigt,leaveSpeaker,da,,,,
now decrease the volume,volumeDown,en,,,,
can you play The Voice,playNamed,en,,,,Voice
quickly absolutely,confirm,en,,,,
i would like you to lower the volume,volumeDown,en,,,,
fortsæt musikken,resume,da,,,,
afspil musik hurtigt,playDefault,da,,,,
can you please put on The Beatles,playNamed,en,,,,Beatles
jeg vil bede dig om at sætte Taylor Swift på,playNamed,da,,,,
stop syncing right away,leaveSpeaker,en,,,,
nu skru ned med ti,volumeDown,da,,10,,
quickly yeah okay,confirm,en,,,,
tænd lyden igen,unmute,da,,,,
hurtigt nul lyd,mute,da,,,,
sæt det på pause med det samme,pause,da,,,,
would you stop playing,stop,en,,,,
lad det spille videre med det samme,resume,da,,,,
don't,cancel,en,,,,
just lower the volume by 30,volumeDown,en,,30,,
real quick exit silent mode,unmute,en,,,,
right away no more music,stop,en,,,,
glem den ting,cancel,da,,,,
go ahead and lower the volume right now,volumeDown,en,,,,
put on Volbeat,playNamed,en,,,,Volbeat
just remove this speaker,leaveSpeaker,en,,,,
list my favorites now,listFavorites,en,,,,
bare hæv lydstyrken med femten,volumeUp,da,,15,,
skru ned med 15,volumeDown,da,,15,,
just bump the volume,volumeUp,en,,,,
continue the song,resume,en,,,,
could you kindly join the bathroom,joinSpeaker,en,,,,
quieter by five,volumeDown,en,,5,,
start playing,playDefault,en,,,,
i orden ja hurtigt,confirm,da,,,,
i would like you to play something,playDefault,en,,,,
please play favorite 7,playFavoriteByNumber,en,,,7,
sæt P3,playNamed,da,,,,P3
real quick agreed,confirm,en,,,,
hurtigt jeg vil have ro,stop,da,,,,
ville du venligst sætte musik på,playDefault,da,,,,
kan du venligst gruppere med badeværelset,joinSpeaker,da,,,,
would you mind to put on Radio 100,playNamed,en,,,,Radio 100
vil du venligst sætte på lydløs,mute,da,,,,
now i need you to resume,resume,en,,,,
list favoritter med det samme,listFavorites,da,,,,
just is it going to rain tomorrow,unknown,en,,,,
quickly what's the weather today,unknown,en,,,,
sync to the kitchen,joinSpeaker,en,,,,
unpause now,resume,en,,,,
sæt det til 5,setVolume,da,5,,,
fire up the study music,playNamed,en,,,,study music
raise the volume by 20 real quick,volumeUp,en,,20,,
mute the audio right away,mute,en,,,,
could you leave the group,leaveSpeaker,en,,,,
right away pause the audio,pause,en,,,,
stop det,stop,da,,,,
play again,resume,en,,,,
stop gruppering hurtigt,leaveSpeaker,da,,,,
højere med tyve,volumeUp,da,,20,,
right away stop,stop,en,,,,
genoptag afspilningen,resume,da,,,,
lige skru op med 25,volumeUp,da,,25,,
right now carry on playing,resume,en,,,,
hurtigt pause,pause,da,,,,
venligst lavere med 25,volumeDown,da,,25,,
could you kindly restore the sound,unmute,en,,,,
volume down 25,volumeDown,en,,25,,
jeg vil bede dig om at sætte lydstyrken til 100,setVolume,da,100,,,
would you put on a song,playDefault,en,,,,
put something on,playDefault,en,,,,
skru op med tredive hurtigt,volumeUp,da,,30,,
ville du venligst afspille Daft Punk,playNamed,da,,,,
just be quiet,mute,en,,,,
just what should i do today,unknown,en,,,,
can you please play favorite 3,playFavoriteByNumber,en,,,3,
could you show me my favorites,listFavorites,en,,,,
real quick i'd like you to keep playing,resume,en,,,,
just yeah okay,confirm,en,,,,
right now enough already,stop,en,,,,
kan du venligst forbinde med køkkenet,joinSpeaker,da,,,,
hurtigt sæt musik på,playDefault,da,,,,
tilslut til kontoret,joinSpeaker,da,,,,
i'd like you to turn the sound back on,unmute,en,,,,
spil det jeg hørte sidst med det samme,playDefault,da,,,,
lige vis mig favoritlisten,listFavorites,da,,,,
right away kill the audio,mute,en,,,,
må jeg bede dig om at sætte lydstyrken til 55,setVolume,da,55,,,
could you read out my favorites,listFavorites,en,,,,
i would like you to play number six,playFavoriteByNumber,en,,,6,
join haven,joinSpeaker,da,,,,
ville du venligst forbinde med badeværelset,joinSpeaker,da,,,,
kindly play favorite one,playFavoriteByNumber,en,,,1,
right now ungroup,leaveSpeaker,en,,,,
what's the score of the game,unknown,en,,,,
let's not real quick,cancel,en,,,,
kan du spille favorit 6,playFavoriteByNumber,da,,,6,
can you make it quieter,volumeDown,en,,,,
ja tak,confirm,da,,,,
venligst hæv lydstyrken med ti,volumeUp,da,,10,,
nævn mine favoritter,listFavorites,da,,,,
højere med ti nu,volumeUp,da,,10,,
could you please turn it down,volumeDown,en,,,,
could you kindly group with the basement,joinSpeaker,en,,,,
real quick affirmative,confirm,en,,,,
all right then,confirm,en,,,,
right now let it resume,resume,en,,,,
would you mind to put on P5,playNamed,en,,,,P5
spil hurtigt,playDefault,da,,,,
go ahead and play Coldplay,playNamed,en,,,,Coldplay
could you kindly silence it,mute,en,,,,
end playback now,stop,en,,,,
right away restore the audio,unmute,en,,,,
nej det vil jeg ikke nu,cancel,da,,,,
now sounds right,confirm,en,,,,
vær venlig at afspille jazz,playNamed,da,,,,
go ahead and silence it right away,mute,en,,,,
i'd like you to group with the kitchen,joinSpeaker,en,,,,
kunne du sætte lydstyrken til 45,setVolume,da,45,,,
would you mind to put on Mads og Monopolet,playNamed,en,,,,Mads og Monopolet
venligst vær så venlig at stoppe afspilningen,stop,da,,,,
get back to it,resume,en,,,,
i'd like you to keep playing,resume,en,,,,
of course yes real quick,confirm,en,,,,
ville du gøre det lavere,volumeDown,da,,,,
just how are you,unknown,en,,,,
fjern fra gruppen,leaveSpeaker,da,,,,
go ahead and group with the bedroom,joinSpeaker,en,,,,
give me Jazz FM,playNamed,en,,,,Jazz FM
volume down 5 right away,volumeDown,en,,5,,
real quick volume down ten,volumeDown,en,,10,,
vær så venlig at pause,pause,da,,,,
leave the group right now,leaveSpeaker,en,,,,
venligst annuller,cancel,da,,,,
ville du sætte P4 på,playNamed,da,,,,
now pause playback,pause,en,,,,
kør noget musik med det samme,playDefault,da,,,,
ok tak nu,confirm,da,,,,
jeg vil bede dig om at forbinde med ovenpå,joinSpeaker,da,,,,
i want it off,stop,en,,,,
nu læs overskrifterne op,unknown,da,,,,
kunne du ændre lydstyrken til tyve,setVolume,da,20,,,
now go ahead and keep playing,resume,en,,,,
vær venlig at spille favorit 4,playFavoriteByNumber,da,,,4,
yeah do it right away,confirm,en,,,,
i'd like you to leave the group,leaveSpeaker,en,,,,
i'd like you to stop,stop,en,,,,
end playback,stop,en,,,,
now i want you to pause,pause,en,,,,
would you group with the living room,joinSpeaker,en,,,,
separate now,leaveSpeaker,en,,,,
can you please turn it down,volumeDown,en,,,,
i would like you to set volume to 10,setVolume,en,10,,,
can you please resume the music,resume,en,,,,
i'd like you to stop real quick,stop,en,,,,
kan du gruppere med haven,joinSpeaker,da,,,,
sæt nummeret på pause,pause,da,,,,
præcis hurtigt,confirm,da,,,,
nu hvor er det nærmeste supermarked,unknown,da,,,,
no sound,mute,en,,,,
i would like you to end the music,stop,en,,,,
sæt lydstyrken til halvfjerds,setVolume,da,70,,,
skru ned med 10 med det samme,volumeDown,da,,10,,
sæt lidt musik på,playDefault,da,,,,
bare fjern lydløs,unmute,da,,,,
join with the bathroom,joinSpeaker,en,,,,
skru ned 15 med det samme,volumeDown,da,,15,,
go ahead and turn it down real quick,volumeDown,en,,,,
kan du ophæve grupperingen,leaveSpeaker,da,,,,
i want to hear P1,playNamed,en,,,,P1
hurtigt dæmp musikken,mute,da,,,,
right away list my presets,listFavorites,en,,,,
more sound,volumeUp,en,,,,
can you please put on Adele,playNamed,en,,,,Adele
could you start playing,playDefault,en,,,,
kindly play number 3,playFavoriteByNumber,en,,,3,
jeg vil gerne have at du skrue op for lyden,volumeUp,da,,,,
lydstyrken på 5,setVolume,da,5,,,
fire up Adele,playNamed,en,,,,Adele
i'd like some music real quick,playDefault,en,,,,
vær venlig at indstille lydstyrken til 90,setVolume,da,90,,,
real quick volume up 10,volumeUp,en,,10,,
lavere med femogtyve nu,volumeDown,da,,25,,
lavere med 25,volumeDown,da,,25,,
jeg vil gerne have at du afslutte musikken,stop,da,,,,
right now play solo,leaveSpeaker,en,,,,
could you kindly mute the speaker,mute,en,,,,
i'd like you to play Kim Larsen,playNamed,en,,,,Kim Larsen
ville du skrue ned for lyden,volumeDown,da,,,,
now i need you to carry on,resume,en,,,,
real quick drop the audio,mute,en,,,,
start music real quick,playDefault,en,,,,
put on favorite one,playFavoriteByNumber,en,,,1,
kindly stop playing,stop,en,,,,
giv mig lyden igen,unmute,da,,,,
afslut afspilningen,stop,da,,,,
play the last thing now,playDefault,en,,,,
right away shut off the music,stop,en,,,,
please put the volume at 50,setVolume,en,50,,,
right real quick,confirm,en,,,,
now volume up,volumeUp,en,,,,
i'd like to hear fest playlisten,playNamed,en,,,,fest playlisten
nu vis favoritterne,listFavorites,da,,,,
fortryd hurtigt,cancel,da,,,,
please bring back the sound,unmute,en,,,,
sluk lyden,mute,da,,,,
lige højere med ti,volumeUp,da,,10,,
let's hear some music,playDefault,en,,,,
start playing now,playDefault,en,,,,
just play more,resume,en,,,,
med det samme fjern mute,unmute,da,,,,
nu sæt en alarm til klokken syv,unknown,da,,,,
ville du venligst forlade gruppen,leaveSpeaker,da,,,,
right now play whatever was on,playDefault,en,,,,
jeg vil bede dig om at pause musikken,pause,da,,,,
vent her med det samme,pause,da,,,,
i would like you to resume now,resume,en,,,,
vil du venligst sætte musik på,playDefault,da,,,,
kunne du venligst spille favorit 3,playFavoriteByNumber,da,,,3,
kunne du venligst ændre lydstyrken til 60,setVolume,da,60,,,
med det samme favoritlisten,listFavorites,da,,,,
real quick go ahead and turn it down,volumeDown,en,,,,
go ahead and freeze the music,pause,en,,,,
i'd like you to list my favorites,listFavorites,en,,,,
med det samme afspil noget musik,playDefault,da,,,,
vil du venligst spille favorit 9,playFavoriteByNumber,da,,,9,
vil du venligst tilslutte badeværelset,joinSpeaker,da,,,,
right away favourites list,listFavorites,en,,,,
med det samme adskil fra gruppen,leaveSpeaker,da,,,,
skru ned for lyden med det samme,volumeDown,da,,,,
må jeg bede dig om at starte musikken,playDefault,da,,,,
go ahead and ungroup right away,leaveSpeaker,en,,,,
disconnect from group,leaveSpeaker,en,,,,
would you group with the basement,joinSpeaker,en,,,,
skru op med 5 hurtigt,volumeUp,da,,5,,
hurtigt hvor koldt er det,unknown,da,,,,
farvel med det samme,unknown,da,,,,
now resume my music,playDefault,en,,,,
skift til lydstyrke 90,setVolume,da,90,,,
skru op 10 nu,volumeUp,da,,10,,
what's in my favorites right now,listFavorites,en,,,,
i would like you to resume right now,resume,en,,,,
kan du læse mine favoritter op,listFavorites,da,,,,
right away raise it,volumeUp,en,,,,
please put on Nova FM,playNamed,en,,,,Nova FM
now lower the volume by 15,volumeDown,en,,15,,
i need you to put the volume at ten,setVolume,en,10,,,
venligst stop den,stop,da,,,,
skift lydstyrken til 90,setVolume,da,90,,,
afspil nummer 4,playFavoriteByNumber,da,,,4,
normal lyd igen nu,unmute,da,,,,
how far is copenhagen right now,unknown,en,,,,
hold op,stop,da,,,,
would you please leave the group,leaveSpeaker,en,,,,
would you please list my favorites,listFavorites,en,,,,
spil kun her med det samme,leaveSpeaker,da,,,,
hurtigt vær så venlig at ophæve grupperingen,leaveSpeaker,da,,,,
right now resume playing,resume,en,,,,
would you play Mads og Monopolet,playNamed,en,,,,Mads og Monopolet
just which favorites are saved,listFavorites,en,,,,
vær så venlig at gruppere med haven,joinSpeaker,da,,,,
now i want you to mute,mute,en,,,,
could you kindly play favorite four,playFavoriteByNumber,en,,,4,
please set volume to 40,setVolume,en,40,,,
put on some music now,playDefault,en,,,,
make it so real quick,confirm,en,,,,
quickly tell me what's in favorites,listFavorites,en,,,,
can you change the volume to seventy,setVolume,en,70,,,
nu sæt lidt musik på,playDefault,da,,,,
nu spil igen,resume,da,,,,
spil sammen med kælderen,joinSpeaker,da,,,,
vær venlig at tænde for lyden,unmute,da,,,,
pause for a moment right away,pause,en,,,,
just i'd like you to stop playing,stop,en,,,,
play P7,playNamed,en,,,,P7
hvad er klokken hurtigt,unknown,da,,,,
silent mode right away,mute,en,,,,
would you set volume to twenty,setVolume,en,20,,,
nu frakobl,leaveSpeaker,da,,,,
i would like you to play Kim Larsen,playNamed,en,,,,Kim Larsen
bare vis mig hvad der er gemt,listFavorites,da,,,,
ville du afspille favorit nummer 7,playFavoriteByNumber,da,,,7,
kill the music now,stop,en,,,,
quickly of course yes,confirm,en,,,,
hurtigt sæt noget på,playDefault,da,,,,
lige jeg vil gerne høre musik,playDefault,da,,,,
increase volume,volumeUp,en,,,,
spil P5 for mig,playNamed,da,,,,P5 for mig
would you mind to change the volume to twenty-five,setVolume,en,25,,,
højere med femogtyve med det samme,volumeUp,da,,25,,
could you please stop,stop,en,,,,
kindly resume the music,resume,en,,,,
right away stop the music,stop,en,,,,
play my usual,playDefault,en,,,,
kunne du gruppere med køkkenet,joinSpeaker,da,,,,
hurtigt sæt noget musik på,playDefault,da,,,,
jeg vil have lyden tilbage med det samme,unmute,da,,,,
lige hvilke favoritter har jeg,listFavorites,da,,,,
i'd like you to play number one,playFavoriteByNumber,en,,,1,
begynd at spille,playDefault,da,,,,
i need you to play music,playDefault,en,,,,
jeg vil gerne have at du afspille favorit nummer 8,playFavoriteByNumber,da,,,8,
hurtigt sluk for sangen,stop,da,,,,
lige afbryd handlingen,cancel,da,,,,
bare tilbage til lyd,unmute,da,,,,
unmute right away,unmute,en,,,,
i want you to play music,playDefault,en,,,,
could you play BBC Radio 4,playNamed,en,,,,BBC Radio 4
kan du sætte The Daily på,playNamed,da,,,,
please join the dining room,joinSpeaker,en,,,,
venligst nej det vil jeg ikke,cancel,da,,,,
bring the sound back,unmute,en,,,,
right now what favourites do i have,listFavorites,en,,,,
just decrease volume by 10,volumeDown,en,,10,,
now not this time,cancel,en,,,,
make it softer right now,volumeDown,en,,,,
play favorite number 7,playFavoriteByNumber,en,,,7,
ville du dæmpe lyden,mute,da,,,,
ville du venligst skrue ned for lyden,volumeDown,da,,,,
no more music right now,stop,en,,,,
i want you to kill the sound,mute,en,,,,
med det samme lav en sandwich til mig,unknown,da,,,,
would you set volume to 40,setVolume,en,40,,,
venligst gå alene,leaveSpeaker,da,,,,
can you restore the sound,unmute,en,,,,
right away i want you to keep playing,resume,en,,,,
list my favourites right now,listFavorites,en,,,,
can you join the basement,joinSpeaker,en,,,,
spil skak hurtigt,unknown,da,,,,
ville du tilslutte soveværelset,joinSpeaker,da,,,,
må jeg bede dig om at slukke for lyden,mute,da,,,,
i want you to turn off the music,stop,en,,,,
never mind right now,cancel,en,,,,
kan du venligst spille noget,playDefault,da,,,,
mute the song right now,mute,en,,,,
quickly unmute everything,unmute,en,,,,
real quick volume down 25,volumeDown,en,,25,,
må jeg bede dig om at ophæve dæmpningen,unmute,da,,,,
jeg vil gerne have at du holde pause,pause,da,,,,
gør det ikke nu,cancel,da,,,,
nu slå lyden fra,mute,da,,,,
er der breaking news hurtigt,unknown,da,,,,
go ahead and bring back the sound,unmute,en,,,,
now what's on the favorites list,listFavorites,en,,,,
lyd fra med det samme,mute,da,,,,
abort,cancel,en,,,,
could you put the volume at 10,setVolume,en,10,,,
actually never mind,cancel,en,,,,
would you play morgenmusik,playNamed,en,,,,morgenmusik
i want it to stop,stop,en,,,,
volume down thirty,volumeDown,en,,30,,
i would like you to play number 7,playFavoriteByNumber,en,,,7,
would you please disconnect,leaveSpeaker,en,,,,
forlad med det samme,leaveSpeaker,da,,,,
leave the cluster,leaveSpeaker,en,,,,
vil du venligst dæmpe lyden,mute,da,,,,
i'd like you to join the bathroom,joinSpeaker,en,,,,
vær venlig at vise mine favoritter,listFavorites,da,,,,
ophæv grupperingen med det samme,leaveSpeaker,da,,,,
i want you to group with the dining room,joinSpeaker,en,,,,
would you mind to put on Daft Punk,playNamed,en,,,,Daft Punk
spil favorit nummer 4,playFavoriteByNumber,da,,,4,
må jeg bede dig om at indstille lydstyrken til 45,setVolume,da,45,,,
med det samme sænk lydstyrken,volumeDown,da,,,,
må jeg bede dig om at afspille favorit nummer ni,playFavoriteByNumber,da,,,9,
kunne du venligst sætte Pop FM på,playNamed,da,,,,
please mute,mute,en,,,,
må jeg bede dig om at skrue op for lyden,volumeUp,da,,,,
i want you to join the kitchen,joinSpeaker,en,,,,
bare drop den ide,cancel,da,,,,
add me to the hallway,joinSpeaker,en,,,,
med det samme mindre volumen,volumeDown,da,,,,
okay sure,confirm,en,,,,
kom i gang,confirm,da,,,,
vær så venlig at afspille Coldplay,playNamed,da,,,,
hurtigt spil mit sædvanlige,playDefault,da,,,,
i need you to end the music,stop,en,,,,
quickly give me some music,playDefault,en,,,,
hvad skal jeg spise til aften med det samme,unknown,da,,,,
må jeg bede dig om at adskille højttaleren,leaveSpeaker,da,,,,
can you please group with the upstairs speaker,joinSpeaker,en,,,,
would you please resume,resume,en,,,,
jeg vil gerne have at du gruppere med ovenpå,joinSpeaker,da,,,,
jeg vil bede dig om at sætte lydstyrken til 60,setVolume,da,60,,,
could you please play P3,playNamed,en,,,,P3
i'd like you to bring back the sound,unmute,en,,,,
hurtigt kør på,confirm,da,,,,
med det samme glem det,cancel,da,,,,
vil du venligst holde op,stop,da,,,,
could you please set volume to 0,setVolume,en,0,,,
yeah,confirm,en,,,,
spil favorit nummer ni,playFavoriteByNumber,da,,,9,
spil det sædvanlige nu,playDefault,da,,,,
vær venlig at sætte Mew på,playNamed,da,,,,
kunne du tilslutte kælderen,joinSpeaker,da,,,,
må jeg bede dig om at spille Kendrick Lamar,playNamed,da,,,,
skru ned med 10 hurtigt,volumeDown,da,,10,,
lige vær så venlig at genoptage,resume,da,,,,
what's saved as a favorite right away,listFavorites,en,,,,
hurtigt hvor er min telefon,unknown,da,,,,
sync to the upstairs speaker,joinSpeaker,en,,,,
i'd like you to play favorite 1,playFavoriteByNumber,en,,,1,
what stations do i have real quick,listFavorites,en,,,,
lige forkert,cancel,da,,,,
how was your day real quick,unknown,en,,,,
hurtigt stop den,stop,da,,,,
right away volume down 5,volumeDown,en,,5,,
what's in my favorites real quick,listFavorites,en,,,,
kan du venligst skrue ned,volumeDown,da,,,,
would you list my favorites,listFavorites,en,,,,
gør det sådan hurtigt,confirm,da,,,,
now read my latest email,unknown,en,,,,
kunne du venligst stoppe afspilningen,stop,da,,,,
keep the music going,resume,en,,,,
kan du forbinde med køkkenet,joinSpeaker,da,,,,
kast plat eller krone hurtigt,unknown,da,,,,
what's the temperature outside now,unknown,en,,,,
pause it,pause,en,,,,
kan du venligst afspille favorit nummer 6,playFavoriteByNumber,da,,,6,
which favorites are there right away,listFavorites,en,,,,
med det samme gå alene,leaveSpeaker,da,,,,
definitely yes now,confirm,en,,,,
i need you to kill the sound,mute,en,,,,
right now hold the audio,pause,en,,,,
ophæv pause,resume,da,,,,
let it play right away,resume,en,,,,
would you mind to carry on,resume,en,,,,
stop helt nu,stop,da,,,,
hurtigt nemlig,confirm,da,,,,
turn it up by 30 real quick,volumeUp,en,,30,,
could you please play music,playDefault,en,,,,
could you kindly keep playing,resume,en,,,,
bare hvad har jeg som favoritter,listFavorites,da,,,,
go ahead and list my favorites right away,listFavorites,en,,,,
hvad er gemt som favoritter hurtigt,listFavorites,da,,,,
nu adskil højttaleren,leaveSpeaker,da,,,,
right now turn the sound back on,unmute,en,,,,
kan du slukke for musikken,stop,da,,,,
bare skru op med 10,volumeUp,da,,10,,
kan du venligst sætte på pause,pause,da,,,,
lige lyder fint,confirm,da,,,,
would you mind to keep playing,resume,en,,,,
må jeg bede dig om at stoppe afspilningen,stop,da,,,,
naturligvis,confirm,da,,,,
vær venlig at ændre lydstyrken til 70,setVolume,da,70,,,
i need you to put the volume at 1,setVolume,en,1,,,
nu gør det,confirm,da,,,,
vær venlig at liste mine favoritter,listFavorites,da,,,,
right away start playing again,resume,en,,,,
just don't do that,cancel,en,,,,
quickly unmute the speaker,unmute,en,,,,
vær venlig at sætte P1 på,playNamed,da,,,,
kunne du spille musik,playDefault,da,,,,
quickly volume down twenty-five,volumeDown,en,,25,,
right away resume from where it stopped,resume,en,,,,
volume fifty,setVolume,en,50,,,
could you please read out my favorites,listFavorites,en,,,,
can you pause it,pause,en,,,,
hurtigt skru ned 15,volumeDown,da,,15,,
synkroniser med badeværelset,joinSpeaker,da,,,,
would you please turn it up,volumeUp,en,,,,
skru ned med 25 hurtigt,volumeDown,da,,25,,
ville du venligst ændre lydstyrken til 75,setVolume,da,75,,,
i need you to put the volume at 30,setVolume,en,30,,,
vil du venligst skrue op,volumeUp,da,,,,
go on,resume,en,,,,
i need you to play NPR,playNamed,en,,,,NPR
i want you to continue right now,resume,en,,,,
hurtigt nej det er forkert,cancel,da,,,,
go ahead and mute the speaker,mute,en,,,,
would you please turn the sound back on,unmute,en,,,,
ja sikkert nu,confirm,da,,,,
sluk varmen hurtigt,unknown,da,,,,
nu jeg vil høre musik,playDefault,da,,,,
right now wait,pause,en,,,,
med det samme giv mig lyden tilbage,unmute,da,,,,
volume up 15 right away,volumeUp,en,,15,,
vil du afspille favorit nummer tre,playFavoriteByNumber,da,,,3,
kunne du forbinde med ovenpå,joinSpeaker,da,,,,
kunne du tænde lyden igen,unmute,da,,,,
jeg vil gerne have at du sætte lydstyrken til tredive,setVolume,da,30,,,
i want you to change the volume to 20,setVolume,en,20,,,
jo med det samme,confirm,da,,,,
vis mig et kort over paris,unknown,da,,,,
i want to hear Bob Dylan,playNamed,en,,,,Bob Dylan
shut up real quick,mute,en,,,,
now louder by 30,volumeUp,en,,30,,
stop det der,cancel,da,,,,
real quick continue playing,resume,en,,,,
play,playDefault,en,,,,
play what i was listening to right now,playDefault,en,,,,
right now decrease volume by 5,volumeDown,en,,5,,
nu lad musikken køre videre,resume,da,,,,
just i need you to carry on,resume,en,,,,
can you pause,pause,en,,,,
hurtigt fjern denne højttaler fra gruppen,leaveSpeaker,da,,,,
bump it up now,volumeUp,en,,,,
jeg vil bede dig om at afspille favorit nummer ni,playFavoriteByNumber,da,,,9,
selvfølgelig hurtigt,confirm,da,,,,
real quick show me a map of paris,unknown,en,,,,
real quick quieter by 5,volumeDown,en,,5,,
list the favorites,listFavorites,en,,,,
could you please change the volume to sixty,setVolume,en,60,,,
vil du venligst pause afspilningen,pause,da,,,,
real quick that is correct,confirm,en,,,,
kunne du venligst indstille lydstyrken til 30,setVolume,da,30,,,
har jeg nogen nye beskeder,unknown,da,,,,
turn the music off right now,stop,en,,,,
gør lyden lavere nu,volumeDown,da,,,,
må jeg bede dig om at indstille lydstyrken til 60,setVolume,da,60,,,
spil classical,playNamed,da,,,,classical
kan du indstille lydstyrken til ti,setVolume,da,10,,,
what's in my favorites,listFavorites,en,,,,
sæt musikken på lydløs,mute,da,,,,
now translate hello to french,unknown,en,,,,
absolutely,confirm,en,,,,
i want you to bring back the sound,unmute,en,,,,
quieter by 5,volumeDown,en,,5,,
go ahead and play MØ,playNamed,en,,,,MØ
værsgo,confirm,da,,,,
skru ned 20 nu,volumeDown,da,,20,,
please keep playing,resume,en,,,,
nu hvad er stillingen i kampen,unknown,da,,,,
vær tavs,mute,da,,,,
i want you to set volume to 0,setVolume,en,0,,,
raise the volume by 5 right now,volumeUp,en,,5,,
quickly i need you to unpause,resume,en,,,,
kunne du venligst spille favorit to,playFavoriteByNumber,da,,,2,
vær venlig at ændre lydstyrken til firs,setVolume,da,80,,,
ville du afspille Bob Dylan,playNamed,da,,,,
vis hele listen,listFavorites,da,,,,
hvad er vejret i dag hurtigt,unknown,da,,,,
skru op med femogtyve nu,volumeUp,da,,25,,
kunne du venligst slukke for lyden,mute,da,,,,
let the music play right away,resume,en,,,,
stop nummeret med det samme,stop,da,,,,
ville du fjerne dæmpningen,unmute,da,,,,
would you please put the volume at seventy-five,setVolume,en,75,,,
hæv lydstyrken med femten,volumeUp,da,,15,,
can you put on Kim Larsen,playNamed,en,,,,Kim Larsen
how are you,unknown,en,,,,
nu lad os pause,pause,da,,,,
tilslut køkkenet,joinSpeaker,da,,,,
kan du venligst indstille lydstyrken til 20,setVolume,da,20,,,
kill it real quick,stop,en,,,,
med det samme er hoveddøren låst,unknown,da,,,,
right now do you have feelings,unknown,en,,,,
stop sharing,leaveSpeaker,en,,,,
increase volume right away,volumeUp,en,,,,
bare dæmp lyden,mute,da,,,,
i need you to change the volume to eighty,setVolume,en,80,,,
venligst vær så venlig at spille noget,playDefault,da,,,,
would you play favorite five,playFavoriteByNumber,en,,,5,
naviger hjem nu,unknown,da,,,,
freeze playback right away,pause,en,,,,
would you mind to change the volume to forty,setVolume,en,40,,,
favourite 1,playFavoriteByNumber,en,,,1,
gør det lidt højere hurtigt,volumeUp,da,,,,
right now go ahead and kill the music,stop,en,,,,
silence it,mute,en,,,,
musik tak,playDefault,da,,,,
could you please put on Volbeat,playNamed,en,,,,Volbeat
med det samme vær så venlig at skrue ned,volumeDown,da,,,,
skru op for lyden,volumeUp,da,,,,
now bring the sound back,unmute,en,,,,
right now turn it down by five,volumeDown,en,,5,,
skru op med 20,volumeUp,da,,20,,
del fra gruppen med det samme,leaveSpeaker,da,,,,
nu afbryd det,cancel,da,,,,
vil du venligst fortsætte,resume,da,,,,
can you please play favorite nine,playFavoriteByNumber,en,,,9,
nu vær tavs,mute,da,,,,
decrease volume right away,volumeDown,en,,,,
regner det i morgen,unknown,da,,,,
make it louder now,volumeUp,en,,,,
kan du gruppere med ovenpå,joinSpeaker,da,,,,
bare stop musikken,stop,da,,,,
venligst hvad hedder du,unknown,da,,,,
can you please make it louder,volumeUp,en,,,,
right away confirm,confirm,en,,,,
nu sæt en timer til ti minutter,unknown,da,,,,
i'd like you to disconnect right now,leaveSpeaker,en,,,,
play favourite nine,playFavoriteByNumber,en,,,9,
can you please mute,mute,en,,,,
fine real quick,confirm,en,,,,
back to music right away,resume,en,,,,
vær venlig at spille favorit otte,playFavoriteByNumber,da,,,8,
med det samme hold op med at spille,stop,da,,,,
må jeg bede dig om at afspille favorit nummer 1,playFavoriteByNumber,da,,,1,
don't do it right away,cancel,en,,,,
just put something on,playDefault,en,,,,
i would like you to play number 4,playFavoriteByNumber,en,,,4,
vil du gruppere med soveværelset,joinSpeaker,da,,,,
real quick give me sound back,unmute,en,,,,
right away tell me a story,unknown,en,,,,
remove me from the group,leaveSpeaker,en,,,,
give me a riddle real quick,unknown,en,,,,
pick up where you left off,resume,en,,,,
turn off the heating,unknown,en,,,,
skip it now,cancel,en,,,,
read me the headlines right now,unknown,en,,,,
turn it up by 5 now,volumeUp,en,,5,,
nu tag en pause,pause,da,,,,
kunne du afspille favorit nummer ni,playFavoriteByNumber,da,,,9,
kindly group with the patio,joinSpeaker,en,,,,
now pick a random number,unknown,en,,,,
would you restore the sound,unmute,en,,,,
jeg vil bede dig om at spille favorit tre,playFavoriteByNumber,da,,,3,
please make it quieter,volumeDown,en,,,,
sænk lydstyrken med 30,volumeDown,da,,30,,
fire up Miles Davis,playNamed,en,,,,Miles Davis
volume down 10 real quick,volumeDown,en,,10,,
kan du venligst sætte Jazz FM på,playNamed,da,,,,
kan du sætte lydstyrken til 80,setVolume,da,80,,,
play my favorite 3,playFavoriteByNumber,en,,,3,
afbryd lige,pause,da,,,,
what's today's date right now,unknown,en,,,,
kunne du venligst pause,pause,da,,,,
afspil,playDefault,da,,,,
ville du venligst spille favorit seks,playFavoriteByNumber,da,,,6,
i would like you to turn off the music,stop,en,,,,
nu stop helt,stop,da,,,,
kan du venligst skrue op,volumeUp,da,,,,
go ahead and carry on real quick,resume,en,,,,
ville du venligst starte musikken,playDefault,da,,,,
real quick end the music,stop,en,,,,
vil du skrue op for lyden,volumeUp,da,,,,
can you please put on Classic FM,playNamed,en,,,,Classic FM
ville du liste mine favoritter,listFavorites,da,,,,
what presets do i have,listFavorites,en,,,,
quickly lower it,volumeDown,en,,,,
now what's the weather like,unknown,en,,,,
now cancel,cancel,en,,,,
real quick turn it down by 15,volumeDown,en,,15,,
kunne du ophæve grupperingen,leaveSpeaker,da,,,,
vil du stoppe afspilningen,stop,da,,,,
jeg vil bede dig om at indstille lydstyrken til 70,setVolume,da,70,,,
that is correct now,confirm,en,,,,
would you set volume to 45,setVolume,en,45,,,
ville du venligst gruppere med haven,joinSpeaker,da,,,,
i want you to play favorite 4,playFavoriteByNumber,en,,,4,
i would like you to put on Genstart,playNamed,en,,,,Genstart
quickly name my favorites,listFavorites,en,,,,
right away stop the audio,stop,en,,,,
split højttaleren,leaveSpeaker,da,,,,
bare gør det ikke,cancel,da,,,,
vil du venligst afspille favorit nummer fem,playFavoriteByNumber,da,,,5,
vil du venligst afspille favorit nummer 6,playFavoriteByNumber,da,,,6,
vær venlig at forbinde med badeværelset,joinSpeaker,da,,,,
would you please put the volume at 60,setVolume,en,60,,,
må jeg bede dig om at afspille favorit nummer tre,playFavoriteByNumber,da,,,3,
nu spil det sædvanlige,playDefault,da,,,,
vær venlig at forbinde med spisestuen,joinSpeaker,da,,,,
med det samme hold op med det,stop,da,,,,
what's the capital of france,unknown,en,,,,
fortsæt,resume,da,,,,
could you please pause the music,pause,en,,,,
right away show my favorites,listFavorites,en,,,,
kindly play favorite 9,playFavoriteByNumber,en,,,9,
decrease volume by 15 real quick,volumeDown,en,,15,,
favourite one,playFavoriteByNumber,en,,,1,
do you sleep,unknown,en,,,,
venligst sluk for lydløs,unmute,da,,,,
hurtigt lad os gøre det,confirm,da,,,,
lige spil hvad som helst,playDefault,da,,,,
can you play favorite two,playFavoriteByNumber,en,,,2,
turn it up by ten right away,volumeUp,en,,10,,
hurtigt læs mine favoritter op,listFavorites,da,,,,
quickly restore the sound,unmute,en,,,,
right away stop sharing,leaveSpeaker,en,,,,
let's hear the Miles Davis,playNamed,en,,,,Miles Davis
stil et quizspørgsmål,unknown,da,,,,
med det samme start afspilningen,playDefault,da,,,,
lad det spille videre,resume,da,,,,
spil mere,resume,da,,,,
please put on klassisk musik,playNamed,en,,,,klassisk musik
lige skru lidt op,volumeUp,da,,,,
vær venlig at spille P8 Jazz,playNamed,da,,,,
i want it muted right now,mute,en,,,,
venligst spil det igen,resume,da,,,,
nu sluk for musikken,stop,da,,,,
i would like you to put on Miles Davis,playNamed,en,,,,Miles Davis
kan du venligst ændre lydstyrken til tyve,setVolume,da,20,,,
could you kindly put the volume at 85,setVolume,en,85,,,
venligst lad os høre musik,playDefault,da,,,,
kan du afspille favorit nummer 1,playFavoriteByNumber,da,,,1,
fint med det samme,confirm,da,,,,
don't right away,cancel,en,,,,
real quick go ahead and kill the sound,mute,en,,,,
could you put on P5,playNamed,en,,,,P5
could you play number four,playFavoriteByNumber,en,,,4,
kunne du stoppe musikken,stop,da,,,,
kunne du venligst spille favorit 2,playFavoriteByNumber,da,,,2,
would you mind to continue,resume,en,,,,
can you please change the volume to fifty,setVolume,en,50,,,
jeg vil bede dig om at afspille favorit nummer 1,playFavoriteByNumber,da,,,1,
i want you to set volume to 20,setVolume,en,20,,,
lydniveau 70,setVolume,da,70,,,
play together with the hallway,joinSpeaker,en,,,,
vær venlig at gøre det højere,volumeUp,da,,,,
i'd like you to set volume to 40,setVolume,en,40,,,
niveau nul,setVolume,da,0,,,
ville du venligst spille videre,resume,da,,,,
volume up 20 right away,volumeUp,en,,20,,
turn down the volume right now,volumeDown,en,,,,
play the Taylor Swift,playNamed,en,,,,Taylor Swift
jeg vil bede dig om at afspille BBC Radio 1,playNamed,da,,,,
sure thing,confirm,en,,,,
could you please put on classical,playNamed,en,,,,classical
can you please unmute,unmute,en,,,,
right away i'd like you to pause it,pause,en,,,,
hurtigt afspil,playDefault,da,,,,
just mute the song,mute,en,,,,
vil du venligst sætte Mads og Monopolet på,playNamed,da,,,,
jeg vil bede dig om at sætte lydstyrken til femten,setVolume,da,15,,,
ville du venligst slukke for lyden,mute,da,,,,
quickly separate this speaker,leaveSpeaker,en,,,,
confirm,confirm,en,,,,
vis favoritter,listFavorites,da,,,,
jeg vil gerne have at du ændre lydstyrken til 90,setVolume,da,90,,,
could you set volume to ninety,setVolume,en,90,,,
i need you to play favorite 7,playFavoriteByNumber,en,,,7,
show favourites right away,listFavorites,en,,,,
i want music right away,playDefault,en,,,,
please play number 4,playFavoriteByNumber,en,,,4,
vær så venlig at ophæve pausen,resume,da,,,,
grupper med terrassen,joinSpeaker,da,,,,
min favoritliste,listFavorites,da,,,,
volume up 20,volumeUp,en,,20,,
med det samme list mine favoritter,listFavorites,da,,,,
forbind med terrassen,joinSpeaker,da,,,,
med det samme okay tak,confirm,da,,,,
resume playing,resume,en,,,,
stop the track,stop,en,,,,
kan du venligst gruppere med soveværelset,joinSpeaker,da,,,,
jeg vil bede dig om at indstille lydstyrken til fyrre,setVolume,da,40,,,
i need you to start playing right now,playDefault,en,,,,
ville du vise mine favoritter,listFavorites,da,,,,
silence,mute,en,,,,
venligst vent nej,cancel,da,,,,
lidt højere,volumeUp,da,,,,
med det samme ophæv grupperingen,leaveSpeaker,da,,,,
bare lidt mere stille,volumeDown,da,,,,
mute it,mute,en,,,,
i need a pause right away,pause,en,,,,
sænk lydstyrken med 15,volumeDown,da,,15,,
right now i need you to stop playing,stop,en,,,,
link to the hallway,joinSpeaker,en,,,,
be silent,mute,en,,,,
could you please change the volume to twenty-five,setVolume,en,25,,,
frakobl,leaveSpeaker,da,,,,
kan du afspille favorit nummer 8,playFavoriteByNumber,da,,,8,
restore the volume right now,unmute,en,,,,
go ahead and play Genstart,playNamed,en,,,,Genstart
med det samme gør det,confirm,da,,,,
dæmp musikken,mute,da,,,,
venligst drop det,cancel,da,,,,
i would like you to stop playing,stop,en,,,,
kindly play favorite seven,playFavoriteByNumber,en,,,7,
do not,cancel,en,,,,
med det samme fortæl mig mine favoritter,listFavorites,da,,,,
ville du spille morgenmusik,playNamed,da,,,,
må jeg bede dig om at stoppe musikken,stop,da,,,,
would you group with the dining room,joinSpeaker,en,,,,
tag pausen af nu,resume,da,,,,
kunne du venligst gøre det lavere,volumeDown,da,,,,
quickly i need you to keep playing,resume,en,,,,
ville du gruppere med køkkenet,joinSpeaker,da,,,,
quickly i need you to play music,playDefault,en,,,,
ville du tilslutte spisestuen,joinSpeaker,da,,,,
yes let's right away,confirm,en,,,,
right now restore audio,unmute,en,,,,
stop den handling,cancel,da,,,,
please put the volume at 95,setVolume,en,95,,,
silence the speaker real quick,mute,en,,,,
i'd like you to restore the sound,unmute,en,,,,
bare adskil dig,leaveSpeaker,da,,,,
stop right away,stop,en,,,,
afsynkroniser højttaleren hurtigt,leaveSpeaker,da,,,,
connect to the hallway,joinSpeaker,en,,,,
could you please group with the patio,joinSpeaker,en,,,,
med det samme spil det jeg hørte sidst,playDefault,da,,,,
just turn off the music,stop,en,,,,
real quick silence it,mute,en,,,,
turn off the speaker,stop,en,,,,
show favourites,listFavorites,en,,,,
skru op med 30 nu,volumeUp,da,,30,,
hvem vandt i går,unknown,da,,,,
mute the music now,mute,en,,,,
vil du ændre lydstyrken til 85,setVolume,da,85,,,
increase volume by 20,volumeUp,en,,20,,
kunne du ophæve pausen,resume,da,,,,
i'd like you to play favorite 4,playFavoriteByNumber,en,,,4,
real quick yeah,confirm,en,,,,
nu start musikken,playDefault,da,,,,
i want you to pause it,pause,en,,,,
vær så venlig at stoppe hurtigt,stop,da,,,,
turn it down,volumeDown,en,,,,
tell me a story real quick,unknown,en,,,,
now that is correct,confirm,en,,,,
i want you to play Bob Dylan,playNamed,en,,,,Bob Dylan
i want you to put on Daft Punk,playNamed,en,,,,Daft Punk
good night,unknown,en,,,,
kunne du venligst sætte på pause,pause,da,,,,
nu negativ,cancel,da,,,,
right away show me what's saved,listFavorites,en,,,,
vær venlig at genoptage,resume,da,,,,
må jeg bede dig om at afspille musik,playDefault,da,,,,
real quick back out,cancel,en,,,,
vil du venligst afspille P8 Jazz,playNamed,da,,,,
quickly agreed yes,confirm,en,,,,
må jeg bede dig om at indstille lydstyrken til 35,setVolume,da,35,,,
right now go ahead and kill the sound,mute,en,,,,
would you please read out my favorites,listFavorites,en,,,,
kunne du afspille favorit nummer 6,playFavoriteByNumber,da,,,6,
hurtigt hvordan staves nødvendig,unknown,da,,,,
could you please put on Coldplay,playNamed,en,,,,Coldplay
pause sangen nu,pause,da,,,,
med det samme højere med 5,volumeUp,da,,5,,
kan du venligst afspille favorit nummer 8,playFavoriteByNumber,da,,,8,
now play the last thing,playDefault,en,,,,
bare stop,stop,da,,,,
jeg vil bede dig om at spille morning playlist,playNamed,da,,,,
vær så venlig at holde pause hurtigt,pause,da,,,,
silence the speaker right now,mute,en,,,,
start Mew,playNamed,da,,,,Mew
musik tak nu,playDefault,da,,,,
tilslut terrassen,joinSpeaker,da,,,,
stop the mute right away,unmute,en,,,,
lige ja det er fint,confirm,da,,,,
real quick lower the volume by 5,volumeDown,en,,5,,
go ahead and end the music,stop,en,,,,
that is correct real quick,confirm,en,,,,
lige mute,mute,da,,,,
i would like you to pause,pause,en,,,,
right now forget that,cancel,en,,,,
i would like you to change the volume to 90,setVolume,en,90,,,
actually never mind right now,cancel,en,,,,
få det til at stoppe,stop,da,,,,
i'd like you to join the basement,joinSpeaker,en,,,,
fire up some music real quick,playDefault,en,,,,
that's not right real quick,cancel,en,,,,
spil nummer 1,playFavoriteByNumber,da,,,1,
ikke alligevel,cancel,da,,,,
afspil favorit nummer 6,playFavoriteByNumber,da,,,6,
would you please restore the sound,unmute,en,,,,
nu sænk volumen,volumeDown,da,,,,
tilføj soveværelset,joinSpeaker,da,,,,
vil du ændre lydstyrken til tredive,setVolume,da,30,,,
kan du venligst slukke for lyden,mute,da,,,,
real quick volume down,volumeDown,en,,,,
now how cold is it,unknown,en,,,,
please continue,resume,en,,,,
play music right away,playDefault,en,,,,
quickly wait no,cancel,en,,,,
when does the sun rise,unknown,en,,,,
right away volume up 5,volumeUp,en,,5,,
shut off the music,stop,en,,,,
go ahead and pause now,pause,en,,,,
could you please show me my favorites,listFavorites,en,,,,
now go ahead and mute,mute,en,,,,
med det samme vær så venlig at skrue op,volumeUp,da,,,,
just i'd like you to start playing,playDefault,en,,,,
lige lavere med 10,volumeDown,da,,10,,
må jeg bede dig om at spille favorit syv,playFavoriteByNumber,da,,,7,
kan du venligst pause musikken,pause,da,,,,
smid noget musik på,playDefault,da,,,,
ville du venligst fjerne lydløs,unmute,da,,,,
i need you to silence it,mute,en,,,,
sluk for sangen hurtigt,stop,da,,,,
gør det lavere,volumeDown,da,,,,
vil du gruppere med kontoret,joinSpeaker,da,,,,
turn the sound back on right now,unmute,en,,,,
i want you to play favorite 2,playFavoriteByNumber,en,,,2,
med det samme hvad står der på min favoritliste,listFavorites,da,,,,
go independent,leaveSpeaker,en,,,,
kunne du afspille musik,playDefault,da,,,,
start Genstart,playNamed,en,,,,Genstart
vær venlig at pause afspilningen,pause,da,,,,
quickly i want you to pause it,pause,en,,,,
please turn the sound back on,unmute,en,,,,
vær så venlig at sætte afslapningsmusik på,playNamed,da,,,,
start klassisk,playNamed,da,,,,klassisk
hurtigt værsgo,confirm,da,,,,
right now play some tunes,playDefault,en,,,,
højere med tredive,volumeUp,da,,30,,
jeg vil gerne have at du sætte på pause,pause,da,,,,
now i'd like you to pause,pause,en,,,,
cancel the action right now,cancel,en,,,,
real quick no thanks,cancel,en,,,,
cut audio,mute,en,,,,
kunne du sætte lydstyrken til 99,setVolume,da,99,,,
vil du adskille højttaleren,leaveSpeaker,da,,,,
could you play electronic,playNamed,en,,,,electronic
med det samme tilbage til lyd,unmute,da,,,,
quickly resume the track,resume,en,,,,
play in sync,joinSpeaker,en,,,,
please put the volume at sixty,setVolume,en,60,,,
no thanks,cancel,en,,,,
play with the patio,joinSpeaker,en,,,,
ville du pause musikken,pause,da,,,,
jeg vil gerne have at du indstille lydstyrken til 75,setVolume,da,75,,,
real quick play more,resume,en,,,,
vær venlig at forlade gruppen,leaveSpeaker,da,,,,
quickly wait,pause,en,,,,
real quick the favorites list,listFavorites,en,,,,
tag en pause nu,pause,da,,,,
right now i need you to pause it,pause,en,,,,
will it snow this weekend,unknown,en,,,,
enough already,stop,en,,,,
med det samme sæt afspilningen på pause,pause,da,,,,
help me with my homework real quick,unknown,en,,,,
now put on a song,playDefault,en,,,,
kunne du venligst ændre lydstyrken til fem,setVolume,da,5,,,
just go ahead and lower the volume,volumeDown,en,,,,
i'd like to hear NPR,playNamed,en,,,,NPR
put on BBC Radio 4,playNamed,en,,,,BBC Radio 4
i would like you to restore the sound,unmute,en,,,,
ville du venligst sætte Coldplay på,playNamed,da,,,,
now end it,stop,en,,,,
i need you to ungroup,leaveSpeaker,en,,,,
sæt lydstyrken til 20,setVolume,da,20,,,
bare vær så venlig at afslutte musikken,stop,da,,,,
quickly i want you to keep playing,resume,en,,,,
go ahead and join the dining room,joinSpeaker,en,,,,
now turn it down by 20,volumeDown,en,,20,,
text my wife,unknown,en,,,,
just turn it up by 15,volumeUp,en,,15,,
venligst skru op med tyve,volumeUp,da,,20,,
i'd like you to play number 2,playFavoriteByNumber,en,,,2,
put on Adele,playNamed,en,,,,Adele
stop pausen hurtigt,resume,da,,,,
turn it up real quick,volumeUp,en,,,,
would you turn the sound back on,unmute,en,,,,
lower the volume by 15 now,volumeDown,en,,15,,
louder by 15,volumeUp,en,,15,,
please play number 6,playFavoriteByNumber,en,,,6,
i want you to disconnect,leaveSpeaker,en,,,,
negative real quick,cancel,en,,,,
nu fortæl mig en sjov kendsgerning,unknown,da,,,,
go ahead and stop the music,stop,en,,,,
go ahead and resume real quick,resume,en,,,,
now pause the music,pause,en,,,,
vil du venligst vise mine favoritter,listFavorites,da,,,,
lige fortæl en vittighed,unknown,da,,,,
play favorite number seven,playFavoriteByNumber,en,,,7,
lower the volume by 10 now,volumeDown,en,,10,,
play the last thing,playDefault,en,,,,
nu fjern mute,unmute,da,,,,
mute it real quick,mute,en,,,,
volume level 45,setVolume,en,45,,,
go ahead and play favorite 9,playFavoriteByNumber,en,,,9,
give me the Nova FM,playNamed,en,,,,Nova FM
right now sure thing,confirm,en,,,,
would you please play music,playDefault,en,,,,
quickly remind me to buy milk,unknown,en,,,,
kan du forbinde med stuen,joinSpeaker,da,,,,
just increase volume by 30,volumeUp,en,,30,,
afbryd nu,cancel,da,,,,
vær så venlig at pause afspilningen,pause,da,,,,
show me my favorites real quick,listFavorites,en,,,,
real quick no that's wrong,cancel,en,,,,
nu send en besked til peter,unknown,da,,,,
jeg vil bede dig om at afslutte musikken,stop,da,,,,
now back out of that,cancel,en,,,,
would you please unpause,resume,en,,,,
med det samme vis hele listen,listFavorites,da,,,,
just turn it up,volumeUp,en,,,,
venligst sluk for det,stop,da,,,,
quickly i would like you to pause,pause,en,,,,
hurtigt skønt,confirm,da,,,,
sæt en sang på hurtigt,playDefault,da,,,,
forkert,cancel,da,,,,
nu sluk,stop,da,,,,
ville du venligst spille This American Life,playNamed,da,,,,
list mine stationer hurtigt,listFavorites,da,,,,
real quick cease playback,stop,en,,,,
could you kindly join the patio,joinSpeaker,en,,,,
quickly correct,confirm,en,,,,
må jeg bede dig om at slukke for musikken,stop,da,,,,
remove this speaker,leaveSpeaker,en,,,,
now turn it up by five,volumeUp,en,,5,,
kunne du venligst afspille favorit nummer 8,playFavoriteByNumber,da,,,8,
i would like you to join the bathroom,joinSpeaker,en,,,,
hurtigt hvad er klokken,unknown,da,,,,
lige stop lydløs,unmute,da,,,,
tilslut til ovenpå,joinSpeaker,da,,,,
just quieter by 20,volumeDown,en,,20,,
skru op med femten nu,volumeUp,da,,15,,
bare forlad gruppen,leaveSpeaker,da,,,,
please play favorite six,playFavoriteByNumber,en,,,6,
venligst hvad har jeg på listen,listFavorites,da,,,,
sæt på pause,pause,da,,,,
quickly lower the volume by 25,volumeDown,en,,25,,
afspil favorit nummer 2,playFavoriteByNumber,da,,,2,
quickly unsync this,leaveSpeaker,en,,,,
quickly exit mute,unmute,en,,,,
quickly turn it up by thirty,volumeUp,en,,30,,
make the music stop now,stop,en,,,,
would you put on some music,playDefault,en,,,,
real quick that's wrong,cancel,en,,,,
vær venlig at læse mine favoritter op,listFavorites,da,,,,
kindly put the volume at 5,setVolume,en,5,,,
would you please play number 7,playFavoriteByNumber,en,,,7,
hurtigt ophæv dæmpningen,unmute,da,,,,
just mute it,mute,en,,,,
start P4,playNamed,da,,,,P4
could you kindly play favorite 6,playFavoriteByNumber,en,,,6,
increase the volume real quick,volumeUp,en,,,,
spil favorit nummer 5,playFavoriteByNumber,da,,,5,
må jeg bede dig om at skrue ned for lyden,volumeDown,da,,,,
could you please kill the sound,mute,en,,,,
right now decrease volume,volumeDown,en,,,,
skru ned 20,volumeDown,da,,20,,
forget about it,cancel,en,,,,
kan du venligst gøre det højere,volumeUp,da,,,,
leave the group now,leaveSpeaker,en,,,,
fine by me now,confirm,en,,,,
real quick play just here,leaveSpeaker,en,,,,
lige vær så venlig at dæmpe lyden,mute,da,,,,
abort that right away,cancel,en,,,,
would you play number 1,playFavoriteByNumber,en,,,1,
would you please set volume to seventy,setVolume,en,70,,,
kindly play Coldplay,playNamed,en,,,,Coldplay
go silent,mute,en,,,,
kindly join the upstairs speaker,joinSpeaker,en,,,,
med det samme vær så venlig at pause,pause,da,,,,
perfect real quick,confirm,en,,,,
jeg vil gerne have at du gruppere med haven,joinSpeaker,da,,,,
could you put on Kendrick Lamar,playNamed,en,,,,Kendrick Lamar
vil du venligst genoptage,resume,da,,,,
play anything now,playDefault,en,,,,
i'd like you to freeze the music,pause,en,,,,
could you please put the volume at 1,setVolume,en,1,,,
i want you to play favorite 9,playFavoriteByNumber,en,,,9,
vil du tilslutte kontoret,joinSpeaker,da,,,,
right away disconnect from the group,leaveSpeaker,en,,,,
would you please set volume to 20,setVolume,en,20,,,
kan du venligst indstille lydstyrken til 60,setVolume,da,60,,,
put on anything now,playDefault,en,,,,
vær venlig at indstille lydstyrken til 85,setVolume,da,85,,,
afspil nummer fem,playFavoriteByNumber,da,,,5,
unpair this speaker now,leaveSpeaker,en,,,,
vær venlig at skrue ned,volumeDown,da,,,,
real quick i want you to unmute,unmute,en,,,,
ja gør det,confirm,da,,,,
lige vis favoritterne,listFavorites,da,,,,
would you mind to change the volume to eighty,setVolume,en,80,,,
lige klart ja,confirm,da,,,,
med det samme fortsæt sangen,resume,da,,,,
vil du venligst fjerne lydløs,unmute,da,,,,
i would like you to play number eight,playFavoriteByNumber,en,,,8,
can you please play Mads og Monopolet,playNamed,en,,,,Mads og Monopolet
right now stop right there,cancel,en,,,,
jeg vil bede dig om at slukke for lyden,mute,da,,,,
could you put the volume at 100,setVolume,en,100,,,
please turn off the music,stop,en,,,,
kan du afspille favorit nummer fem,playFavoriteByNumber,da,,,5,
vil du spille favorit 8,playFavoriteByNumber,da,,,8,
yeah do it,confirm,en,,,,
mindre volumen med det samme,volumeDown,da,,,,
bring back the sound real quick,unmute,en,,,,
hurtigt præcis,confirm,da,,,,
ville du ændre lydstyrken til 85,setVolume,da,85,,,
could you group with the bedroom,joinSpeaker,en,,,,
kan du slå lyden fra,mute,da,,,,
jeg vil bede dig om at sætte lydstyrken til 40,setVolume,da,40,,,
nu lad os ikke,cancel,da,,,,
go ahead and put on The Voice,playNamed,en,,,,Voice
ville du ændre lydstyrken til halvfjerds,setVolume,da,70,,,
go ahead and start playing,playDefault,en,,,,
stop playing,stop,en,,,,
i would like you to put on some music,playDefault,en,,,,
let's play chess now,unknown,en,,,,
could you kindly set volume to 100,setVolume,en,100,,,
quickly kill the sound,mute,en,,,,
nu fortsæt med musikken,playDefault,da,,,,
disconnect real quick,leaveSpeaker,en,,,,
alright,confirm,en,,,,
right away turn down the volume,volumeDown,en,,,,
vil du sætte på pause,pause,da,,,,
just name my favorites,listFavorites,en,,,,
sync with the dining room,joinSpeaker,en,,,,
i would like you to ungroup,leaveSpeaker,en,,,,
hvilke favoritter er gemt,listFavorites,da,,,,
quieter by ten real quick,volumeDown,en,,10,,
med det samme hvad har jeg gemt som favoritter,listFavorites,da,,,,
kan du gruppere med køkkenet,joinSpeaker,da,,,,
kunne du venligst forbinde med entréen,joinSpeaker,da,,,,
kunne du slå lyden fra,mute,da,,,,
real quick abort it,cancel,en,,,,
bring sound back,unmute,en,,,,
could you join the hallway,joinSpeaker,en,,,,
venligst skift mening,cancel,da,,,,
lower the volume by 20 real quick,volumeDown,en,,20,,
indstil volumen til 20,setVolume,da,20,,,
vil du afspille jazz,playNamed,da,,,,
right now go solo,leaveSpeaker,en,,,,
let's hear P6,playNamed,en,,,,P6
quickly skip the action,cancel,en,,,,
no sound right away,mute,en,,,,
right away how was your day,unknown,en,,,,
cease playback real quick,stop,en,,,,
could you please play number nine,playFavoriteByNumber,en,,,9,
jeg vil bede dig om at holde op,stop,da,,,,
med det samme hæv lydstyrken med 20,volumeUp,da,,20,,
kunne du holde op,stop,da,,,,
venligst stop sangen,stop,da,,,,
could you play favorite three,playFavoriteByNumber,en,,,3,
vær venlig at afspille favorit nummer 2,playFavoriteByNumber,da,,,2,
højere med femogtyve,volumeUp,da,,25,,
vil du slukke for lyden,mute,da,,,,
kan du venligst sætte musik på,playDefault,da,,,,
kunne du venligst spille favorit seks,playFavoriteByNumber,da,,,6,
spil favorit 9,playFavoriteByNumber,da,,,9,
ville du spille favorit 2,playFavoriteByNumber,da,,,2,
hvordan siger man tak på spansk hurtigt,unknown,da,,,,
real quick queue up music,playDefault,en,,,,
ville du venligst tilslutte haven,joinSpeaker,da,,,,
spil alene hurtigt,leaveSpeaker,da,,,,
just i want you to silence it,mute,en,,,,
right now silence,mute,en,,,,
real quick sounds great,confirm,en,,,,
just read my latest email,unknown,en,,,,
what's the weather like now,unknown,en,,,,
jeg vil høre musik,playDefault,da,,,,
hurtigt sæt en sang på,playDefault,da,,,,
wait there,pause,en,,,,
stop al lyd hurtigt,stop,da,,,,
silence the speaker,mute,en,,,,
i need you to play P6,playNamed,en,,,,P6
ville du forbinde med haven,joinSpeaker,da,,,,
venligst okay tak,confirm,da,,,,
hurtigt vær så venlig at mute,mute,da,,,,
venligst mere musik,resume,da,,,,
bekræft,confirm,da,,,,
kindly change the volume to five,setVolume,en,5,,,
farvel hurtigt,unknown,da,,,,
do not do that,cancel,en,,,,
nu jeg bekræfter,confirm,da,,,,
please lower the volume,volumeDown,en,,,,
right now give it a rest,pause,en,,,,
kan du venligst fortælle mig mine favoritter,listFavorites,da,,,,
med det samme mere lyd,volumeUp,da,,,,
ja nu,confirm,da,,,,
would you mind to restore the sound,unmute,en,,,,
nu skru ned for det,volumeDown,da,,,,
right away stop right there,cancel,en,,,,
lavere med 10 nu,volumeDown,da,,10,,
that's wrong right away,cancel,en,,,,
i'd like you to silence it real quick,mute,en,,,,
hurtigt hæv lydstyrken med 15,volumeUp,da,,15,,
nu pause musikken,pause,da,,,,
nu lad det spille videre,resume,da,,,,
separate from the others,leaveSpeaker,en,,,,
nu læs listen op,listFavorites,da,,,,
would you please play number five,playFavoriteByNumber,en,,,5,
hvornår står solen op,unknown,da,,,,
kan du slukke for lyden,mute,da,,,,
venligst afbryd forbindelsen til gruppen,leaveSpeaker,da,,,,
right away play my songs,playDefault,en,,,,
can you ungroup,leaveSpeaker,en,,,,
vær så venlig at gøre det lavere,volumeDown,da,,,,
quickly stop the track,stop,en,,,,
gå solo nu,leaveSpeaker,da,,,,
real quick agreed yes,confirm,en,,,,
play number six,playFavoriteByNumber,en,,,6,
spil noget musik nu,playDefault,da,,,,
vil du indstille lydstyrken til tyve,setVolume,da,20,,,
hurtigt syng en sang,unknown,da,,,,
nu spil noget,playDefault,da,,,,
just i want you to stop playing,stop,en,,,,
gå alene med det samme,leaveSpeaker,da,,,,
could you please group with the dining room,joinSpeaker,en,,,,
bare højere med femten,volumeUp,da,,15,,
would you join the bedroom,joinSpeaker,en,,,,
drop den ide,cancel,da,,,,
bare stop al lyd,stop,da,,,,
any new messages,unknown,en,,,,
silent mode,mute,en,,,,
real quick cancel,cancel,en,,,,
sæt noget på hurtigt,playDefault,da,,,,
just wait a moment,pause,en,,,,
translate this to german,unknown,en,,,,
vær så venlig at fortsætte,resume,da,,,,
right away don't do it,cancel,en,,,,
i want you to tell me my favorites,listFavorites,en,,,,
kindly show me my favorites,listFavorites,en,,,,
tell me a fun fact real quick,unknown,en,,,,
ville du fortsætte musikken,resume,da,,,,
decrease the volume right now,volumeDown,en,,,,
go ahead and turn it up right away,volumeUp,en,,,,
enig med det samme,confirm,da,,,,
vær venlig at afspille favorit nummer 4,playFavoriteByNumber,da,,,4,
med det samme lidt lavere,volumeDown,da,,,,
venligst hvilke favoritter er der,listFavorites,da,,,,
lige hvor koldt er det,unknown,da,,,,
please do,confirm,en,,,,
what's on my favorites list real quick,listFavorites,en,,,,
please stop the music,stop,en,,,,
play anything,playDefault,en,,,,
quickly what's twelve times eight,unknown,en,,,,
afspil nummer to,playFavoriteByNumber,da,,,2,
vær så venlig at spille videre nu,resume,da,,,,
ville du sætte musik på,playDefault,da,,,,
må jeg bede dig om at ændre lydstyrken til 30,setVolume,da,30,,,
back out of that,cancel,en,,,,
go ahead and mute now,mute,en,,,,
vær så venlig at afspille Mads og Monopolet,playNamed,da,,,,
go ahead and play rock,playNamed,en,,,,rock
would you mind to play Pink Floyd,playNamed,en,,,,Pink Floyd
hurtigt stop synkronisering,leaveSpeaker,da,,,,
would you mind to put the volume at 75,setVolume,en,75,,,
right now yep,confirm,en,,,,
what's two plus two right away,unknown,en,,,,
let it resume right now,resume,en,,,,
kør videre hurtigt,resume,da,,,,
could you please set volume to forty,setVolume,en,40,,,
vil du venligst skrue op for lyden,volumeUp,da,,,,
just i want you to ungroup,leaveSpeaker,en,,,,
kunne du venligst indstille lydstyrken til femogtyve,setVolume,da,25,,,
right now i would like you to resume,resume,en,,,,
favorit nummer ti,playFavoriteByNumber,da,,,10,
venligst sæt på pause,pause,da,,,,
i would like you to put on workout mix,playNamed,en,,,,workout mix
quickly calculate the tip,unknown,en,,,,
lad være nu,cancel,da,,,,
play solo right now,leaveSpeaker,en,,,,
now back to music,resume,en,,,,
med det samme ikke gør det der,cancel,da,,,,
kobl sammen med badeværelset,joinSpeaker,da,,,,
bare lavere med femten,volumeDown,da,,15,,
sluk for musikken,stop,da,,,,
bare mindre lyd,volumeDown,da,,,,
nu skru ned 30,volumeDown,da,,30,,
bare højere,volumeUp,da,,,,
turn off the heating real quick,unknown,en,,,,
unmute the music right now,unmute,en,,,,
med det samme hvilke favoritter er gemt,listFavorites,da,,,,
afspil musik,playDefault,da,,,,
spil favorit 5 tak,playFavoriteByNumber,da,,,5,
quickly stop playing,stop,en,,,,
hurtigt pause sangen,pause,da,,,,
venligst hvad er temperaturen hjemme,unknown,da,,,,
show me what's saved right away,listFavorites,en,,,,
give me the sound back now,unmute,en,,,,
vil du spille musik,playDefault,da,,,,
quickly more sound,volumeUp,en,,,,
can you stop playing,stop,en,,,,
quickly quieter by thirty,volumeDown,en,,30,,
find en restaurant i nærheden,unknown,da,,,,
i'd like you to stop playing,stop,en,,,,
sound on,unmute,en,,,,
kindly join the patio,joinSpeaker,en,,,,
pause det med det samme,pause,da,,,,
quieter by ten,volumeDown,en,,10,,
right away go ahead and hold the music,pause,en,,,,
i would like you to change the volume to one hundred,setVolume,en,100,,,
quieter by twenty right away,volumeDown,en,,20,,
vil du afspille Miles Davis,playNamed,da,,,,
i need you to stop playing right now,stop,en,,,,
venligst begynd at spille,playDefault,da,,,,
can you please set volume to eighty,setVolume,en,80,,,
quickly volume down twenty,volumeDown,en,,20,,
lavere med 30,volumeDown,da,,30,,
ville du venligst fortælle mig mine favoritter,listFavorites,da,,,,
afspil nummer fire,playFavoriteByNumber,da,,,4,
med det samme pause nummeret,pause,da,,,,
just unmute,unmute,en,,,,
hvor langt er der til københavn nu,unknown,da,,,,
hurtigt klart ja,confirm,da,,,,
med det samme enig,confirm,da,,,,
please stop,stop,en,,,,
nu ikke denne gang,cancel,da,,,,
real quick play my songs,playDefault,en,,,,
quickly louder by twenty,volumeUp,en,,20,,
could you kindly mute,mute,en,,,,
would you mind to group with the bathroom,joinSpeaker,en,,,,
would you turn it down,volumeDown,en,,,,
would you show me my favorites,listFavorites,en,,,,
jeg vil gerne have at du sætte lydstyrken til ti,setVolume,da,10,,,
ville du venligst stoppe afspilningen,stop,da,,,,
med det samme godnat,unknown,da,,,,
vil du venligst skrue ned,volumeDown,da,,,,
kør på hurtigt,confirm,da,,,,
now mute the music,mute,en,,,,
nu fortæl mig mine favoritter,listFavorites,da,,,,
nu lidt musik tak,playDefault,da,,,,
lad musikken køre videre nu,resume,da,,,,
nu fjern gruppe,leaveSpeaker,da,,,,
increase volume by 30,volumeUp,en,,30,,
med det samme spil mit sædvanlige,playDefault,da,,,,
put on music real quick,playDefault,en,,,,
med det samme vent lidt,pause,da,,,,
få musikken til at stoppe,stop,da,,,,
just i want music,playDefault,en,,,,
list favoritterne nu,listFavorites,da,,,,
not this time right now,cancel,en,,,,
now volume down 5,volumeDown,en,,5,,
nu mind mig om at købe mælk,unknown,da,,,,
sluk for musikken med det samme,stop,da,,,,
just hold the music,pause,en,,,,
make it louder right now,volumeUp,en,,,,
vil du venligst spille Genstart,playNamed,da,,,,
ville du venligst afspille favorit nummer seks,playFavoriteByNumber,da,,,6,
right away ok sure,confirm,en,,,,
would you mind to read out my favorites,listFavorites,en,,,,
right now how are you,unknown,en,,,,
right away bump it up,volumeUp,en,,,,
quickly be silent,mute,en,,,,
would you stop,stop,en,,,,
nu stop lydløs,unmute,da,,,,
would you please resume the music,resume,en,,,,
kan du venligst tænde for lyden,unmute,da,,,,
kindly join the living room,joinSpeaker,en,,,,
sync with the kitchen,joinSpeaker,en,,,,
spil nummer et,playFavoriteByNumber,da,,,1,
jeg vil bede dig om at slukke for musikken,stop,da,,,,
could you play music,playDefault,en,,,,
ville du indstille lydstyrken til 45,setVolume,da,45,,,
could you play favorite 8,playFavoriteByNumber,en,,,8,
just i want you to disconnect,leaveSpeaker,en,,,,
kunne du venligst tænde lyden igen,unmute,da,,,,
go ahead and lower the volume,volumeDown,en,,,,
kunne du venligst sætte lydstyrken til 1,setVolume,da,1,,,
i'd like you to join the bedroom,joinSpeaker,en,,,,
could you kindly play favorite eight,playFavoriteByNumber,en,,,8,
i want you to put on some music,playDefault,en,,,,
real quick start something,playDefault,en,,,,
could you change the volume to 80,setVolume,en,80,,,
gør det ikke,cancel,da,,,,
ville du forbinde med kælderen,joinSpeaker,da,,,,
kindly play Kim Larsen,playNamed,en,,,,Kim Larsen
hvad hedder du,unknown,da,,,,
bare ikke gør det,cancel,da,,,,
now halt the music,pause,en,,,,
let's not right away,cancel,en,,,,
jeg vil bede dig om at starte musikken,playDefault,da,,,,
mindre lydstyrke nu,volumeDown,da,,,,
sound off right away,mute,en,,,,
med det samme vær så venlig at spille noget,playDefault,da,,,,
let's go now,confirm,en,,,,
spil det sædvanlige hurtigt,playDefault,da,,,,
right now silent mode,mute,en,,,,
bare læs min seneste email op,unknown,da,,,,
just pause it,pause,en,,,,
stands afspilningen,stop,da,,,,
would you mind to kill the sound,mute,en,,,,
kan du venligst tilslutte kontoret,joinSpeaker,da,,,,
right now i need you to start playing,playDefault,en,,,,
would you mind to separate this speaker,leaveSpeaker,en,,,,
turn it up by fifteen right now,volumeUp,en,,15,,
hold op med musikken,stop,da,,,,
right away i need a pause,pause,en,,,,
vil du venligst tilslutte terrassen,joinSpeaker,da,,,,
now send a message to john,unknown,en,,,,
absolutely right away,confirm,en,,,,
hurtigt begynd at spille,playDefault,da,,,,
split højttaleren nu,leaveSpeaker,da,,,,
would you please put on Pink Floyd,playNamed,en,,,,Pink Floyd
please put the volume at 70,setVolume,en,70,,,
vil du skrue op,volumeUp,da,,,,
bare lavere med 25,volumeDown,da,,25,,
what's on the favorites list right away,listFavorites,en,,,,
i would like you to group with the basement,joinSpeaker,en,,,,
now kill the music,stop,en,,,,
jeg vil bede dig om at fortælle mig mine favoritter,listFavorites,da,,,,
put on the P5,playNamed,en,,,,P5
just do not,cancel,en,,,,
real quick sounds right,confirm,en,,,,
turn it up by twenty-five,volumeUp,en,,25,,
jeg vil bede dig om at indstille lydstyrken til 15,setVolume,da,15,,,
i would like you to play favorite 9,playFavoriteByNumber,en,,,9,
i need you to bring back the sound,unmute,en,,,,
pause med det samme,pause,da,,,,
lige vær så venlig at ophæve grupperingen,leaveSpeaker,da,,,,
jeg vil have lyden tilbage,unmute,da,,,,
med det samme har du sportsopdateringer,unknown,da,,,,
quickly go ahead and list my favorites,listFavorites,en,,,,
må jeg bede dig om at afspille favorit nummer fem,playFavoriteByNumber,da,,,5,
må jeg bede dig om at gruppere med entréen,joinSpeaker,da,,,,
remove mute right now,unmute,en,,,,
kindly bring back the sound,unmute,en,,,,
i need you to play something now,playDefault,en,,,,
now i would like you to resume,resume,en,,,,
lige fortsæt med at spille,resume,da,,,,
vis mig et kort over paris hurtigt,unknown,da,,,,
kan du venligst liste mine favoritter,listFavorites,da,,,,
bare spil musik,playDefault,da,,,,
vil du venligst gøre det højere,volumeUp,da,,,,
hurtigt lavere med 20,volumeDown,da,,20,,
separate this speaker,leaveSpeaker,en,,,,
play number nine,playFavoriteByNumber,en,,,9,
vær så venlig at gruppere med spisestuen,joinSpeaker,da,,,,
afsynkroniser,leaveSpeaker,da,,,,
go ahead and put on classical,playNamed,en,,,,classical
would you put on The Voice,playNamed,en,,,,Voice
just go ahead and pause it,pause,en,,,,
list my favorites,listFavorites,en,,,,
quickly the favorites list,listFavorites,en,,,,
real quick halt the music,pause,en,,,,
mute the song,mute,en,,,,
nu netop,confirm,da,,,,
forbind med entréen,joinSpeaker,da,,,,
venligst vær så venlig at pause musikken,pause,da,,,,
fjern mute med det samme,unmute,da,,,,
kør bare på hurtigt,confirm,da,,,,
right away quieter by twenty,volumeDown,en,,20,,
kan du venligst stoppe musikken,stop,da,,,,
spil mit sædvanlige hurtigt,playDefault,da,,,,
real quick separate this speaker,leaveSpeaker,en,,,,
i need you to pause right away,pause,en,,,,
i need you to pause it,pause,en,,,,
can you unpause,resume,en,,,,
i need you to stop the music,stop,en,,,,
right now make it softer,volumeDown,en,,,,
med det samme sænk volumen,volumeDown,da,,,,
begin playing,playDefault,en,,,,
jeg vil høre P2,playNamed,da,,,,P2
jeg vil bede dig om at forbinde med køkkenet,joinSpeaker,da,,,,
bring the sound back right now,unmute,en,,,,
vis mine favoritter,listFavorites,da,,,,
can you put on Taylor Swift,playNamed,en,,,,Taylor Swift
værsgo hurtigt,confirm,da,,,,
spil samtidig med terrassen,joinSpeaker,da,,,,
right now not this time,cancel,en,,,,
can you join the kitchen,joinSpeaker,en,,,,
bare genoptag sangen,resume,da,,,,
i want it muted,mute,en,,,,
ville du venligst spille favorit tre,playFavoriteByNumber,da,,,3,
bare ophæv mute,unmute,da,,,,
ungroup real quick,leaveSpeaker,en,,,,
jeg vil gerne have at du forbinde med kælderen,joinSpeaker,da,,,,
just translate this to german,unknown,en,,,,
go ahead and turn the sound back on,unmute,en,,,,
stop the mute,unmute,en,,,,
would you mind to group with the living room,joinSpeaker,en,,,,
jeg vil bede dig om at pause,pause,da,,,,
what's my home temperature,unknown,en,,,,
just i want silence,mute,en,,,,
now go ahead and resume,resume,en,,,,
go ahead and mute the speaker right away,mute,en,,,,
i'd like some music,playDefault,en,,,,
real quick be silent,mute,en,,,,
spil videre tak,resume,da,,,,
vær så venlig at afslutte musikken,stop,da,,,,
vær venlig at fortsætte,resume,da,,,,
just remove mute,unmute,en,,,,
would you please stop playing,stop,en,,,,
kan du venligst forlade gruppen,leaveSpeaker,da,,,,
jeg elsker dig,unknown,da,,,,
ville du spille rolig musik,playNamed,da,,,,
can you please kill the music,stop,en,,,,
hvad står der i min kalender nu,unknown,da,,,,
vil du venligst sætte P3 på,playNamed,da,,,,
right away decrease volume by 20,volumeDown,en,,20,,
right now raise the volume by 30,volumeUp,en,,30,,
just i need you to keep playing,resume,en,,,,
could you please end the music,stop,en,,,,
could you play favorite 7,playFavoriteByNumber,en,,,7,
det passer nu,confirm,da,,,,
vær venlig at adskille højttaleren,leaveSpeaker,da,,,,
sæt afspilningen på pause,pause,da,,,,
ophæv gruppen hurtigt,leaveSpeaker,da,,,,
venligst dæmp helt,mute,da,,,,
venligst hvilke presets har jeg,listFavorites,da,,,,
can you please increase the volume,volumeUp,en,,,,
hurtigt læs favoritterne op,listFavorites,da,,,,
right away make it so,confirm,en,,,,
med det samme ingen lyd tak,mute,da,,,,
må jeg bede dig om at afspille afslapningsmusik,playNamed,da,,,,
cancel it,cancel,en,,,,
kan du venligst ændre lydstyrken til 0,setVolume,da,0,,,
kindly carry on,resume,en,,,,
fjern mig fra gruppen,leaveSpeaker,da,,,,
skru ned 10 hurtigt,volumeDown,da,,10,,
jo,confirm,da,,,,
nu skru ned med 15,volumeDown,da,,15,,
now go ahead and start playing,playDefault,en,,,,
venligst sænk lydstyrken,volumeDown,da,,,,
nu fortryd det,cancel,da,,,,
lige afslut afspilningen,stop,da,,,,
i want you to keep playing right away,resume,en,,,,
right away decrease volume by 25,volumeDown,en,,25,,
spil hvad som helst,playDefault,da,,,,
please group with the kitchen,joinSpeaker,en,,,,
right now throw on some tunes,playDefault,en,,,,
quickly turn on the audio,unmute,en,,,,
now shut it off,stop,en,,,,
vær venlig at sætte på lydløs,mute,da,,,,
could you kindly put on a song,playDefault,en,,,,
real quick sure thing,confirm,en,,,,
play my 6 favorite,playFavoriteByNumber,en,,,6,
now what's the news,unknown,en,,,,
mere musik,resume,da,,,,
give me Radio 100,playNamed,en,,,,Radio 100
nu lad os høre musik,playDefault,da,,,,
spil favorit 2 tak,playFavoriteByNumber,da,,,2,
vær så venlig at stoppe,stop,da,,,,
vil du tilslutte spisestuen,joinSpeaker,da,,,,
kunne du sætte P5 på,playNamed,da,,,,
okay yes,confirm,en,,,,
right now pause the track,pause,en,,,,
vil du venligst tænde for lyden,unmute,da,,,,
go solo,leaveSpeaker,en,,,,
that is right right now,confirm,en,,,,
volume up five real quick,volumeUp,en,,5,,
ville du slå lyden fra,mute,da,,,,
vil du venligst skrue ned for lyden,volumeDown,da,,,,
right away raise the volume by 25,volumeUp,en,,25,,
quickly pause for a moment,pause,en,,,,
lige adskil dig,leaveSpeaker,da,,,,
helt rigtigt med det samme,confirm,da,,,,
kunne du venligst afslutte musikken,stop,da,,,,
real quick remove from group,leaveSpeaker,en,,,,
real quick hold the song,pause,en,,,,
synkroniser med kælderen,joinSpeaker,da,,,,
hurtigt jeg vil pause,pause,da,,,,
no thank you,cancel,en,,,,
genoptag,resume,da,,,,
sound back on right now,unmute,en,,,,
kan du sætte ambient music på,playNamed,da,,,,
can you please unpause,resume,en,,,,
could you put the volume at fifty,setVolume,en,50,,,
vær venlig at spille The Voice,playNamed,da,,,,
start afspilningen med det samme,playDefault,da,,,,
hurtigt adskil højttaleren,leaveSpeaker,da,,,,
spil noget,playDefault,da,,,,
could you kindly play music,playDefault,en,,,,
kindly stop,stop,en,,,,
now fine by me,confirm,en,,,,
please play pop,playNamed,en,,,,pop
pause everything real quick,pause,en,,,,
just pump it up,volumeUp,en,,,,
could you please play number six,playFavoriteByNumber,en,,,6,
cut the sound,mute,en,,,,
go quiet real quick,mute,en,,,,
restore audio,unmute,en,,,,
pause playback,pause,en,,,,
stands afspilningen nu,stop,da,,,,
play by yourself,leaveSpeaker,en,,,,
just how old are you,unknown,en,,,,
ville du spille favorit fem,playFavoriteByNumber,da,,,5,
real quick i would like you to ungroup,leaveSpeaker,en,,,,
right away i'd like you to mute,mute,en,,,,
vil du venligst spille noget,playDefault,da,,,,
nu spil videre,resume,da,,,,
sænk volumen med det samme,volumeDown,da,,,,
yep right away,confirm,en,,,,
med det samme kør noget musik,playDefault,da,,,,
real quick go ahead and resume,resume,en,,,,
ville du venligst afspille favorit nummer ti,playFavoriteByNumber,da,,,10,
now absolutely yes,confirm,en,,,,
perfekt,confirm,da,,,,
gør lyden lavere,volumeDown,da,,,,
real quick what are my favourites,listFavorites,en,,,,
bare smid noget musik på,playDefault,da,,,,
quickly wait there,pause,en,,,,
please disconnect,leaveSpeaker,en,,,,
i need you to pause the music,pause,en,,,,
lad være med det,cancel,da,,,,
right now leave the group,leaveSpeaker,en,,,,
real quick what time is it,unknown,en,,,,
real quick stop already,stop,en,,,,
jeg vil bede dig om at stoppe,stop,da,,,,
i need you to keep playing,resume,en,,,,
vil du venligst stoppe musikken,stop,da,,,,
hæv lydstyrken med 10,volumeUp,da,,10,,
right away lower the volume,volumeDown,en,,,,
halt playback real quick,pause,en,,,,
i would like you to stop,stop,en,,,,
pause this,pause,en,,,,
kunne du venligst afspille Pop FM,playNamed,da,,,,
kunne du venligst forbinde med kontoret,joinSpeaker,da,,,,
fint nok,confirm,da,,,,
kunne du sætte lydstyrken til 20,setVolume,da,20,,,
ville du afspille favorit nummer 2,playFavoriteByNumber,da,,,2,
nu sluk afspilningen,stop,da,,,,
vær så venlig at spille favorit 3,playFavoriteByNumber,da,,,3,
make the music stop right now,stop,en,,,,
louder by fifteen,volumeUp,en,,15,,
venligst fortryd,cancel,da,,,,
må jeg bede dig om at spille favorit to,playFavoriteByNumber,da,,,2,
quickly i want you to stop playing,stop,en,,,,
ophæv grupperingen,leaveSpeaker,da,,,,
skru ned 10 med det samme,volumeDown,da,,10,,
now hold on,pause,en,,,,
kunne du venligst spille favorit ni,playFavoriteByNumber,da,,,9,
kan du frakoble,leaveSpeaker,da,,,,
jeg vil bede dig om at skrue ned,volumeDown,da,,,,
pause the speaker right away,pause,en,,,,
list favourites right away,listFavorites,en,,,,
go ahead and put the volume at eighty,setVolume,en,80,,,
i would like you to change the volume to seventy-five,setVolume,en,75,,,
would you please change the volume to 20,setVolume,en,20,,,
hurtigt i orden ja,confirm,da,,,,
right now mute the speaker,mute,en,,,,
louder by 25 now,volumeUp,en,,25,,
må jeg bede dig om at spille klassisk,playNamed,da,,,,
ok nu,confirm,da,,,,
freeze the music now,pause,en,,,,
kunne du dæmpe lyden,mute,da,,,,
turn it up by 15,volumeUp,en,,15,,
i need you to put the volume at 35,setVolume,en,35,,,
what time is it,unknown,en,,,,
right now forget about it,cancel,en,,,,
yes let's,confirm,en,,,,
venligst tilbage til musikken,resume,da,,,,
would you please turn off the music,stop,en,,,,
set volume to 85,setVolume,en,85,,,
kunne du venligst sætte lydstyrken til 35,setVolume,da,35,,,
now increase volume by 25,volumeUp,en,,25,,
afspil NPR tak,playNamed,da,,,,NPR
real quick start playback,playDefault,en,,,,
kill the sound now,stop,en,,,,
vil du venligst holde pause,pause,da,,,,
hurtigt spil skak,unknown,da,,,,
adskil dig,leaveSpeaker,da,,,,
play more real quick,resume,en,,,,
i want you to turn the sound back on,unmute,en,,,,
ville du venligst frakoble,leaveSpeaker,da,,,,
vær venlig at sætte lydstyrken til 60,setVolume,da,60,,,
vær så venlig at dæmpe lyden,mute,da,,,,
good right away,confirm,en,,,,
make the volume ninety,setVolume,en,90,,,
list favoritter,listFavorites,da,,,,
i want you to change the volume to twenty-five,setVolume,en,25,,,
go ahead and play Mads og Monopolet,playNamed,en,,,,Mads og Monopolet
disconnect from the others,leaveSpeaker,en,,,,
skift lydstyrken til 15,setVolume,da,15,,,
kan du venligst afspille NPR,playNamed,da,,,,
kunne du indstille lydstyrken til hundrede,setVolume,da,100,,,
synkroniser med stuen,joinSpeaker,da,,,,
med det samme vær så venlig at ophæve dæmpningen,unmute,da,,,,
volume up thirty real quick,volumeUp,en,,30,,
vil du venligst spille Volbeat,playNamed,da,,,,
would you please put on P7,playNamed,en,,,,P7
sluk for lydløs med det samme,unmute,da,,,,
vil du forbinde med entréen,joinSpeaker,da,,,,
quickly go ahead and leave the group,leaveSpeaker,en,,,,
bare det er rigtigt,confirm,da,,,,
ville du afspille morgenmusik,playNamed,da,,,,
lige ingen lyd,mute,da,,,,
stop deling,leaveSpeaker,da,,,,
venligst højere med 20,volumeUp,da,,20,,
nu hvor er det nærmeste apotek,unknown,da,,,,
can you please group with the living room,joinSpeaker,en,,,,
i'd like you to pause the music,pause,en,,,,
tilknyt kælderen,joinSpeaker,da,,,,
lige tænd for musikken,unmute,da,,,,
kan du fortælle mig mine favoritter,listFavorites,da,,,,
please join the living room,joinSpeaker,en,,,,
play some tunes right now,playDefault,en,,,,
silence right now,mute,en,,,,
fire up pop,playNamed,en,,,,pop
afspil noget,playDefault,da,,,,
ingen lyd tak med det samme,mute,da,,,,
jeg vil gerne have at du genoptage,resume,da,,,,
spil mere med det samme,resume,da,,,,
yup right away,confirm,en,,,,
det passer hurtigt,confirm,da,,,,
turn it up by twenty,volumeUp,en,,20,,
i want you to hold the music,pause,en,,,,
kan du fortsætte musikken,resume,da,,,,
do not do that now,cancel,en,,,,
could you pause,pause,en,,,,
i want you to carry on real quick,resume,en,,,,
vil du venligst sætte lydstyrken til tredive,setVolume,da,30,,,
ja sikkert,confirm,da,,,,
ville du afspille rolig musik,playNamed,da,,,,
hurtigt stop al lyd,stop,da,,,,
stop nummeret,stop,da,,,,
ville du venligst ændre lydstyrken til 15,setVolume,da,15,,,
could you put on Taylor Swift,playNamed,en,,,,Taylor Swift
jeg vil bede dig om at fjerne dæmpningen,unmute,da,,,,
venligst vis mine favoritter,listFavorites,da,,,,
lige bestemt,confirm,da,,,,
afspil nu,playDefault,da,,,,
play the usual right now,playDefault,en,,,,
right now i want to pause,pause,en,,,,
vil du spille videre,resume,da,,,,
quickly pause the music,pause,en,,,,
could you please play favorite 5,playFavoriteByNumber,en,,,5,
hvad har jeg som favoritter,listFavorites,da,,,,
right now pause the audio,pause,en,,,,
afbryd fra gruppen nu,leaveSpeaker,da,,,,
read my latest email now,unknown,en,,,,
volume to 20,setVolume,en,20,,,
please kill the sound,mute,en,,,,
kan du spille favorit tre,playFavoriteByNumber,da,,,3,
right away stop that,cancel,en,,,,
right away let's do it,confirm,en,,,,
kan du venligst fjerne dæmpningen,unmute,da,,,,
vil du venligst afspille favorit nummer 1,playFavoriteByNumber,da,,,1,
i need you to join the patio,joinSpeaker,en,,,,
can you resume the music,resume,en,,,,
hurtigt sluk musikken,stop,da,,,,
unmute now,unmute,en,,,,
let it play,resume,en,,,,
ville du sætte lydstyrken til 1,setVolume,da,1,,,
now play by yourself,leaveSpeaker,en,,,,
right away go ahead and unpause,resume,en,,,,
can you please separate this speaker,leaveSpeaker,en,,,,
kan du afspille favorit nummer ni,playFavoriteByNumber,da,,,9,
venligst højere med 30,volumeUp,da,,30,,
would you please turn it down,volumeDown,en,,,,
just wait no,cancel,en,,,,
volume up five,volumeUp,en,,5,,
gør det bare,confirm,da,,,,
send a message to john now,unknown,en,,,,
join entréen,joinSpeaker,da,,,,
afbryd forbindelsen,leaveSpeaker,da,,,,
pair with the living room,joinSpeaker,en,,,,
please pause the music,pause,en,,,,
go ahead and turn it up,volumeUp,en,,,,
end the song real quick,stop,en,,,,
vær venlig at stoppe afspilningen,stop,da,,,,
tænd lyden igen hurtigt,unmute,da,,,,
hurtigt ikke mere afspilning,stop,da,,,,
lige fortsæt afspilningen,resume,da,,,,
med det samme sænk lydstyrken med 20,volumeDown,da,,20,,
ville du venligst stoppe,stop,da,,,,
quickly let's hear some music,playDefault,en,,,,
i need you to unpause,resume,en,,,,
lige hold op med musikken,stop,da,,,,
nu vent et sekund,pause,da,,,,
afslut sangen med det samme,stop,da,,,,
skru ned med 5 med det samme,volumeDown,da,,5,,
unmute,unmute,both,,,,
med det samme stop al musik,stop,da,,,,
hvad er gemt som favoritter nu,listFavorites,da,,,,
ville du afspille favorit nummer 3,playFavoriteByNumber,da,,,3,
kan du venligst spille favorit 8,playFavoriteByNumber,da,,,8,
could you kindly put on some music,playDefault,en,,,,
right now go ahead and increase the volume,volumeUp,en,,,,
må jeg bede dig om at forbinde med ovenpå,joinSpeaker,da,,,,
real quick stop syncing,leaveSpeaker,en,,,,
kindly turn the sound back on,unmute,en,,,,
vær så venlig at fortsætte nu,resume,da,,,,
i'd like you to pause it right away,pause,en,,,,
right away yeah do it,confirm,en,,,,
right away increase volume by 20,volumeUp,en,,20,,
nu midlertidig stop,pause,da,,,,
lavere med ti nu,volumeDown,da,,10,,
lige vent et sekund,pause,da,,,,
nu lyd igen,unmute,da,,,,
let's pause,pause,en,,,,
now i need you to play something,playDefault,en,,,,
venligst skru op for musikken,volumeUp,da,,,,
could you kindly put on Mew,playNamed,en,,,,Mew
bare hold op med det,stop,da,,,,
hvad er tolv gange otte,unknown,da,,,,
ville du spille BBC Radio 4,playNamed,da,,,,
med det samme sluk,stop,da,,,,
right away go independent,leaveSpeaker,en,,,,
jeg vil bede dig om at tilslutte kontoret,joinSpeaker,da,,,,
kunne du venligst ændre lydstyrken til 80,setVolume,da,80,,,
wait there real quick,pause,en,,,,
ville du hæve lydstyrken,volumeUp,da,,,,
can you please join the hallway,joinSpeaker,en,,,,
jeg vil gerne have at du tænde lyden igen,unmute,da,,,,
spil favorit ti tak,playFavoriteByNumber,da,,,10,
kunne du venligst sætte Jazz FM på,playNamed,da,,,,
would you group with the kitchen,joinSpeaker,en,,,,
just back to playing,resume,en,,,,
right now i'd like you to pause,pause,en,,,,
could you please play rolig musik,playNamed,en,,,,rolig musik
now what's the temperature outside,unknown,en,,,,
hurtigt ophæv gruppen,leaveSpeaker,da,,,,
halt the music now,pause,en,,,,
quickly leave the cluster,leaveSpeaker,en,,,,
make it softer now,volumeDown,en,,,,
hurtigt fjern gruppe,leaveSpeaker,da,,,,
right away which favourites do i have,listFavorites,en,,,,
venligst jeg vil have ro,mute,da,,,,
jow hurtigt,confirm,da,,,,
nu vær så venlig at mute,mute,da,,,,
read me the headlines,unknown,en,,,,
turn it up by 30 now,volumeUp,en,,30,,
volume to ninety,setVolume,en,90,,,
now do it,confirm,en,,,,
lige hvad står der på min favoritliste,listFavorites,da,,,,
bare hvornår står solen op,unknown,da,,,,
kunne du afspille This American Life,playNamed,da,,,,
could you please group with the bathroom,joinSpeaker,en,,,,
kan du venligst læse mine favoritter op,listFavorites,da,,,,
drop the sound,mute,en,,,,
ville du venligst læse mine favoritter op,listFavorites,da,,,,
kunne du ændre lydstyrken til 45,setVolume,da,45,,,
kan du venligst forbinde med kontoret,joinSpeaker,da,,,,
netop,confirm,da,,,,
i would like you to disconnect right now,leaveSpeaker,en,,,,
carry on playing,resume,en,,,,
hurtigt hvor langt er der til københavn,unknown,da,,,,
vær så venlig at ophæve dæmpningen med det samme,unmute,da,,,,
i want you to mute the speaker,mute,en,,,,
increase volume by 20 now,volumeUp,en,,20,,
kunne du venligst sætte lydstyrken til fem,setVolume,da,5,,,
kan du tænde lyden igen,unmute,da,,,,
put the volume at 70,setVolume,en,70,,,
ophæv dæmpningen,unmute,da,,,,
louder by fifteen right now,volumeUp,en,,15,,
make the volume eighty,setVolume,en,80,,,
hurtigt højere med 10,volumeUp,da,,10,,
i'd like you to join the kitchen,joinSpeaker,en,,,,
ville du venligst gruppere med badeværelset,joinSpeaker,da,,,,
med det samme jeg har skiftet mening,cancel,da,,,,
med det samme stop nummeret,stop,da,,,,
må jeg bede dig om at ophæve grupperingen,leaveSpeaker,da,,,,
kunne du gøre det højere,volumeUp,da,,,,
now lower,volumeDown,en,,,,
never mind that,cancel,en,,,,
kunne du forbinde med stuen,joinSpeaker,da,,,,
real quick wait there,pause,en,,,,
right away leave,leaveSpeaker,en,,,,
read my favorites,listFavorites,en,,,,
hurtigt hold op,stop,da,,,,
could you kindly turn the sound back on,unmute,en,,,,
hurtigt spil kun her,leaveSpeaker,da,,,,
begynd at spille hurtigt,playDefault,da,,,,
right now unpause the music,resume,en,,,,
go ahead and increase the volume real quick,volumeUp,en,,,,
jeg vil have det til at stoppe,stop,da,,,,
right now freeze playback,pause,en,,,,
tænd lyset hurtigt,unknown,da,,,,
sæt sangen på pause,pause,da,,,,
right away absolutely,confirm,en,,,,
silence the audio now,mute,en,,,,
quickly put on a song,playDefault,en,,,,
højere med ti,volumeUp,da,,10,,
wait a moment now,pause,en,,,,
venligst ja gerne,confirm,da,,,,
pause the track,pause,en,,,,
wrong real quick,cancel,en,,,,
raise the volume by 30,volumeUp,en,,30,,
trivia question right now,unknown,en,,,,
would you mind to play favorite five,playFavoriteByNumber,en,,,5,
scratch that,cancel,en,,,,
real quick silence the music,mute,en,,,,
right away okay,confirm,en,,,,
increase volume by 5,volumeUp,en,,5,,
lav en pause,pause,da,,,,
right now let's pause,pause,en,,,,
how was your day right away,unknown,en,,,,
læs favoritterne op nu,listFavorites,da,,,,
quickly louder by 25,volumeUp,en,,25,,
venligst sæt en sang på,playDefault,da,,,,
vil du venligst frakoble,leaveSpeaker,da,,,,
i want to hear the fest playlisten,playNamed,en,,,,fest playlisten
med det samme stop,stop,da,,,,
volume up 15,volumeUp,en,,15,,
quickly go ahead and pause,pause,en,,,,
ville du venligst fjerne dæmpningen,unmute,da,,,,
schedule a meeting for tomorrow right now,unknown,en,,,,
the favorites list,listFavorites,en,,,,
i need you to list my favorites,listFavorites,en,,,,
nu vær så venlig at pause musikken,pause,da,,,,
please unmute,unmute,en,,,,
add me to the upstairs speaker,joinSpeaker,en,,,,
would you please start playing,playDefault,en,,,,
jeg vil bede dig om at ophæve dæmpningen,unmute,da,,,,
would you mind to put the volume at eighty,setVolume,en,80,,,
kan du mute,mute,da,,,,
lige tænd lyset,unknown,da,,,,
venligst find en kaffebar,unknown,da,,,,
hurtigt skru ned med 30,volumeDown,da,,30,,
kunne du venligst skrue ned for lyden,volumeDown,da,,,,
kan du venligst fortsætte musikken,resume,da,,,,
skru ned,volumeDown,da,,,,
real quick leave,leaveSpeaker,en,,,,
vil du forbinde med kontoret,joinSpeaker,da,,,,
kan du venligst pause afspilningen,pause,da,,,,
hurtigt læs overskrifterne op,unknown,da,,,,
scratch that now,cancel,en,,,,
now louder by 25,volumeUp,en,,25,,
can you please play favorite seven,playFavoriteByNumber,en,,,7,
set the level to twenty-five,setVolume,en,25,,,
med det samme frakobl gruppen,leaveSpeaker,da,,,,
real quick remove this from the group,leaveSpeaker,en,,,,
i need you to start playing,playDefault,en,,,,
må jeg bede dig om at spille favorit fem,playFavoriteByNumber,da,,,5,
hvordan siger man tak på spansk,unknown,da,,,,
bare split fra gruppen,leaveSpeaker,da,,,,
quickly volume up 10,volumeUp,en,,10,,
venligst stop deling,leaveSpeaker,da,,,,
godmorgen,unknown,da,,,,
go ahead and ungroup,leaveSpeaker,en,,,,
abort the action real quick,cancel,en,,,,
sænk lydstyrken med tyve,volumeDown,da,,20,,
ville du spille This American Life,playNamed,da,,,,
præcis,confirm,da,,,,
now go on playing,resume,en,,,,
right away go ahead and pause the music,pause,en,,,,
right away raise the volume,volumeUp,en,,,,
kindly list my favorites,listFavorites,en,,,,
lige tag en pause,pause,da,,,,
vær så venlig at fortsætte musikken med det samme,resume,da,,,,
can you please ungroup,leaveSpeaker,en,,,,
vær så venlig at gruppere med ovenpå,joinSpeaker,da,,,,
læs favoritterne op hurtigt,listFavorites,da,,,,
silence the music now,mute,en,,,,
kill the audio right now,stop,en,,,,
indstil lydstyrken til 0,setVolume,da,0,,,
just quieter by 25,volumeDown,en,,25,,
i'd like you to play favorite 2,playFavoriteByNumber,en,,,2,
kan du venligst indstille lydstyrken til femten,setVolume,da,15,,,
dæmp lidt,volumeDown,da,,,,
i would like you to increase the volume,volumeUp,en,,,,
what's your name real quick,unknown,en,,,,
har du sportsopdateringer hurtigt,unknown,da,,,,
jeg vil gerne have at du gruppere med soveværelset,joinSpeaker,da,,,,
right now restore sound,unmute,en,,,,
right now separate the speaker,leaveSpeaker,en,,,,
jeg vil gerne have at du slukke for musikken,stop,da,,,,
could you kindly unmute,unmute,en,,,,
real quick give me a riddle,unknown,en,,,,
connect with the patio,joinSpeaker,en,,,,
mere lyd nu,volumeUp,da,,,,
med det samme lad det spille videre,resume,da,,,,
can you please play favorite three,playFavoriteByNumber,en,,,3,
go ahead and stop real quick,stop,en,,,,
få musikken til at stoppe hurtigt,stop,da,,,,
could you please put on BBC Radio 1,playNamed,en,,,,BBC Radio 1
a bit quieter,volumeDown,en,,,,
hvor er det nærmeste apotek,unknown,da,,,,
venligst skru ned med 20,volumeDown,da,,20,,
could you kindly play number 1,playFavoriteByNumber,en,,,1,
right now unmute the music,unmute,en,,,,
right away abort,cancel,en,,,,
i need you to change the volume to 90,setVolume,en,90,,,
i would like you to unpause right now,resume,en,,,,
let's pause real quick,pause,en,,,,
make it quieter right now,volumeDown,en,,,,
i need you to lower the volume,volumeDown,en,,,,
could you pause it,pause,en,,,,
i need you to play number 1,playFavoriteByNumber,en,,,1,
right now nope,cancel,en,,,,
ville du venligst forbinde med kælderen,joinSpeaker,da,,,,
just changed my mind,cancel,en,,,,
indstil lydstyrken til 99,setVolume,da,99,,,
kan du sætte lydstyrken til 85,setVolume,da,85,,,
tak,unknown,da,,,,
right away restore the volume,unmute,en,,,,
hurtigt vær så venlig at stoppe,stop,da,,,,
vil du venligst sætte afslapningsmusik på,playNamed,da,,,,
hurtigt hæv lydstyrken,volumeUp,da,,,,
vær så venlig at spille favorit 6,playFavoriteByNumber,da,,,6,
no thanks real quick,cancel,en,,,,
lav en pause nu,pause,da,,,,
agreed yes real quick,confirm,en,,,,
nu sænk lydstyrken med femogtyve,volumeDown,da,,25,,
get back to it real quick,resume,en,,,,
venligst fjern gruppering,leaveSpeaker,da,,,,
lige ingen lyd tak,mute,da,,,,
må jeg bede dig om at afspille favorit nummer 2,playFavoriteByNumber,da,,,2,
ville du sætte lydstyrken til 80,setVolume,da,80,,,
i orden hurtigt,confirm,da,,,,
vil du venligst gruppere med ovenpå,joinSpeaker,da,,,,
skru op med 25,volumeUp,da,,25,,
nu hvordan siger man tak på spansk,unknown,da,,,,
kill the sound,stop,en,,,,
vil du venligst slukke for lyden,mute,da,,,,
må jeg bede dig om at spille pop,playNamed,da,,,,
lige sæt nummeret på pause,pause,da,,,,
kunne du sætte jazz på,playNamed,da,,,,
hurtigt sænk lydstyrken med 25,volumeDown,da,,25,,
would you please kill the music,stop,en,,,,
tilslut haven,joinSpeaker,da,,,,
ville du venligst pause afspilningen,pause,da,,,,
i need you to turn it down,volumeDown,en,,,,
hurtigt det passer,confirm,da,,,,
i would like you to turn the sound back on,unmute,en,,,,
turn it down by twenty-five,volumeDown,en,,25,,
vis mig mine favoritter,listFavorites,da,,,,
nu split fra gruppen,leaveSpeaker,da,,,,
har du sportsopdateringer med det samme,unknown,da,,,,
i want to hear morning playlist,playNamed,en,,,,morning playlist
real quick show my favorites,listFavorites,en,,,,
kør bare på,confirm,da,,,,
would you mind to pause the music,pause,en,,,,
ville du stoppe,stop,da,,,,
hæv lydstyrken med tyve,volumeUp,da,,20,,
could you please join the upstairs speaker,joinSpeaker,en,,,,
could you please group with the hallway,joinSpeaker,en,,,,
jeg vil bede dig om at spille favorit 8,playFavoriteByNumber,da,,,8,
ville du skrue op for lyden,volumeUp,da,,,,
please play music,playDefault,en,,,,
jeg vil bede dig om at tilslutte haven,joinSpeaker,da,,,,
i'd like you to read out my favorites,listFavorites,en,,,,
vent et sekund,pause,da,,,,
kan du venligst afspille favorit nummer 9,playFavoriteByNumber,da,,,9,
ville du fortælle mig mine favoritter,listFavorites,da,,,,
stop the music right away,stop,en,,,,
kunne du venligst afspille Mew,playNamed,da,,,,
enough music,stop,en,,,,
decrease volume by 10 now,volumeDown,en,,10,,
could you please pause,pause,en,,,,
quieter by five right now,volumeDown,en,,5,,
go ahead and continue right now,resume,en,,,,
fortryd,cancel,da,,,,
now pause the track,pause,en,,,,
could you end the music,stop,en,,,,
can you please group with the garden,joinSpeaker,en,,,,
kan du venligst skrue ned for lyden,volumeDown,da,,,,
jeg vil gerne have at du ændre lydstyrken til 0,setVolume,da,0,,,
i want to hear NPR,playNamed,en,,,,NPR
would you mind to group with the upstairs speaker,joinSpeaker,en,,,,
hurtigt ok tak,confirm,da,,,,
would you group with the bedroom,joinSpeaker,en,,,,
just disconnect from the speakers,leaveSpeaker,en,,,,
ok sure right away,confirm,en,,,,
venligst nok musik,stop,da,,,,
vær så venlig at afspille favorit nummer fem,playFavoriteByNumber,da,,,5,
can you play favorite nine,playFavoriteByNumber,en,,,9,
right away that's wrong,cancel,en,,,,
frakobl denne højttaler,leaveSpeaker,da,,,,
vil du sætte lydstyrken til 25,setVolume,da,25,,,
fine yes,confirm,en,,,,
vil du venligst spille P3,playNamed,da,,,,
turn the sound back on real quick,unmute,en,,,,
skru op med 5,volumeUp,da,,5,,
put the volume at 25,setVolume,en,25,,,
which favourites do i have now,listFavorites,en,,,,
quickly raise the volume,volumeUp,en,,,,
sync with the garden,joinSpeaker,en,,,,
jeg vil gerne have at du tilslutte spisestuen,joinSpeaker,da,,,,
turn it up by 10 real quick,volumeUp,en,,10,,
just say something funny,unknown,en,,,,
venligst kør på,confirm,da,,,,
turn on the sound real quick,unmute,en,,,,
venligst hæv lydstyrken med 10,volumeUp,da,,10,,
stop the song right away,stop,en,,,,
glem den ting nu,cancel,da,,,,
show me my favorites,listFavorites,en,,,,
i would like you to play pop,playNamed,en,,,,pop
vil du holde pause,pause,da,,,,
i would like you to disconnect,leaveSpeaker,en,,,,
bare skru ned med femten,volumeDown,da,,15,,
what's on the favourites list,listFavorites,en,,,,
i'd like you to carry on right away,resume,en,,,,
nu sænk lydstyrken med 15,volumeDown,da,,15,,
i want you to play number five,playFavoriteByNumber,en,,,5,
bare hæv lydstyrken med 25,volumeUp,da,,25,,
would you mind to group with the office,joinSpeaker,en,,,,
go ahead and ungroup real quick,leaveSpeaker,en,,,,
nu stop sangen,stop,da,,,,
bring the sound back now,unmute,en,,,,
hurtigt spil,playDefault,da,,,,
spil min favorit 5,playFavoriteByNumber,da,,,5,
kan du venligst ophæve grupperingen,leaveSpeaker,da,,,,
join the patio,joinSpeaker,en,,,,
fortryd det nu,cancel,da,,,,
please play favorite nine,playFavoriteByNumber,en,,,9,
i want you to mute,mute,en,,,,
now do not,cancel,en,,,,
vær så venlig at afspille morning playlist,playNamed,da,,,,
ikke gør det,cancel,da,,,,
could you please join the patio,joinSpeaker,en,,,,
no thanks right now,cancel,en,,,,
what are my favorites right now,listFavorites,en,,,,
changed my mind,cancel,en,,,,
would you please pause the music,pause,en,,,,
jeg har skiftet mening med det samme,cancel,da,,,,
kunne du ændre lydstyrken til fem,setVolume,da,5,,,
quickly mute everything,mute,en,,,,
can you put on some music,playDefault,en,,,,
okay tak med det samme,confirm,da,,,,
fjern gruppe hurtigt,leaveSpeaker,da,,,,
selvfølgelig med det samme,confirm,da,,,,
i'd like you to play favorite nine,playFavoriteByNumber,en,,,9,
now disconnect from the others,leaveSpeaker,en,,,,
resume my music,playDefault,en,,,,
could you kindly play number 8,playFavoriteByNumber,en,,,8,
go ahead and play The Daily,playNamed,en,,,,Daily
no that's wrong real quick,cancel,en,,,,
hvilke favoritter er der,listFavorites,da,,,,
sounds right,confirm,en,,,,
yeah okay,confirm,en,,,,
louder by five real quick,volumeUp,en,,5,,
could you kindly read out my favorites,listFavorites,en,,,,
some music please,playDefault,en,,,,
bare træd tilbage,cancel,da,,,,
real quick halt it,pause,en,,,,
real quick yes do it,confirm,en,,,,
what presets do i have right now,listFavorites,en,,,,
bare naviger hjem,unknown,da,,,,
nevermind right away,cancel,en,,,,
vil du fjerne lydløs,unmute,da,,,,
on second thought no,cancel,en,,,,
med det samme stop med det samme,stop,da,,,,
go ahead and separate this speaker,leaveSpeaker,en,,,,
volume up 25,volumeUp,en,,25,,
med det samme spil kun her,leaveSpeaker,da,,,,
stop sharing right away,leaveSpeaker,en,,,,
i'd like you to play Taylor Swift,playNamed,en,,,,Taylor Swift
increase volume by 10,volumeUp,en,,10,,
i need you to continue,resume,en,,,,
show me a map of paris,unknown,en,,,,
vær venlig at spille musik,playDefault,da,,,,
nu hold op,stop,da,,,,
yeah sure,confirm,en,,,,
i need you to unmute,unmute,en,,,,
i would like you to carry on,resume,en,,,,
kunne du venligst forbinde med haven,joinSpeaker,da,,,,
skru op med 10 hurtigt,volumeUp,da,,10,,
venligst afbryd det,cancel,da,,,,
quickly lock the door,unknown,en,,,,
med det samme jeg vil have stilhed,mute,da,,,,
quickly quieter by 20,volumeDown,en,,20,,
louder by twenty,volumeUp,en,,20,,
could you stop,stop,en,,,,
i would like you to separate this speaker,leaveSpeaker,en,,,,
hold the audio right now,pause,en,,,,
jeg vil gerne have at du sænke lydstyrken,volumeDown,da,,,,
kan du venligst sætte lydstyrken til tredive,setVolume,da,30,,,
just right,confirm,en,,,,
må jeg bede dig om at hæve lydstyrken,volumeUp,da,,,,
remove from group real quick,leaveSpeaker,en,,,,
højere med 5 med det samme,volumeUp,da,,5,,
tilbage til at have lyd,unmute,da,,,,
venligst forlad højttalerne,leaveSpeaker,da,,,,
right away unpause,resume,en,,,,
start playing right now,playDefault,en,,,,
can you please leave the group,leaveSpeaker,en,,,,
pick a random number right away,unknown,en,,,,
i would like you to unpause,resume,en,,,,
right now turn it off,stop,en,,,,
can you please play favorite two,playFavoriteByNumber,en,,,2,
spil det jeg hørte sidst,playDefault,da,,,,
med det samme skru lidt op,volumeUp,da,,,,
right now turn the music off,stop,en,,,,
hurtigt vis mig et kort over paris,unknown,da,,,,
leave the speakers real quick,leaveSpeaker,en,,,,
can you lower the volume,volumeDown,en,,,,
ville du tænde for lyden,unmute,da,,,,
turn it down by 25 right away,volumeDown,en,,25,,
start favorite 10,playFavoriteByNumber,en,,,10,
afspil nummer 7,playFavoriteByNumber,da,,,7,
yeah real quick,confirm,en,,,,
i'd like you to put on NPR,playNamed,en,,,,NPR
vær venlig at forbinde med køkkenet,joinSpeaker,da,,,,
kan du skrue op for lyden,volumeUp,da,,,,
can you turn off the music,stop,en,,,,
just shut up,mute,en,,,,
bare ophæv lydløs,unmute,da,,,,
vær venlig at pause musikken,pause,da,,,,
would you mute,mute,en,,,,
hurtigt skru op med 5,volumeUp,da,,5,,
lift mute,unmute,en,,,,
sync with the office,joinSpeaker,en,,,,
indstil volumen til femten,setVolume,da,15,,,
nej det vil jeg ikke,cancel,da,,,,
med det samme afsynkroniser,leaveSpeaker,da,,,,
shut it off now,stop,en,,,,
kan du gruppere med kælderen,joinSpeaker,da,,,,
where's the closest pharmacy,unknown,en,,,,
lige vær så venlig at stoppe afspilningen,stop,da,,,,
kindly silence it,mute,en,,,,
skru op med tredive,volumeUp,da,,30,,
play together with the living room,joinSpeaker,en,,,,
right now ungroup this speaker,leaveSpeaker,en,,,,
real quick where's the closest pharmacy,unknown,en,,,,
sænk lydstyrken med femten,volumeDown,da,,15,,
would you mind to disconnect,leaveSpeaker,en,,,,
could you hold the music,pause,en,,,,
højere med 30,volumeUp,da,,30,,
can you please play MØ,playNamed,en,,,,MØ
could you kindly list my favorites,listFavorites,en,,,,
real quick turn the volume up,volumeUp,en,,,,
hurtigt hvad hedder du,unknown,da,,,,
med det samme hvilke stationer har jeg,listFavorites,da,,,,
quieter by 10,volumeDown,en,,10,,
sæt favorit otte på,playFavoriteByNumber,da,,,8,
could you please play Miles Davis,playNamed,en,,,,Miles Davis
vær så venlig at sætte på pause,pause,da,,,,
giv mig noget musik,playDefault,da,,,,
ville du venligst gruppere med ovenpå,joinSpeaker,da,,,,
turn it down by 15 real quick,volumeDown,en,,15,,
just go ahead and resume the music,resume,en,,,,
vær så venlig at afspille favorit nummer 6,playFavoriteByNumber,da,,,6,
i need you to resume right away,resume,en,,,,
now mute that,mute,en,,,,
skru op med fem,volumeUp,da,,5,,
what's on the favorites list now,listFavorites,en,,,,
hvornår er det solnedgang,unknown,da,,,,
bare slå lyden fra,mute,da,,,,
sæt det på pause,pause,da,,,,
put on NPR,playNamed,en,,,,NPR
i want you to list my favorites,listFavorites,en,,,,
break the music,pause,en,,,,
go ahead and play favorite ten,playFavoriteByNumber,en,,,10,
please make it louder,volumeUp,en,,,,
lad os høre musik,playDefault,da,,,,
bare gør det lavere,volumeDown,da,,,,
ville du venligst slukke for musikken,stop,da,,,,
please play klassisk,playNamed,en,,,,klassisk
right now resume,resume,en,,,,
right away turn it down by ten,volumeDown,en,,10,,
lige skru op 5,volumeUp,da,,5,,
quickly mute the music,mute,en,,,,
make the music stop,stop,en,,,,
sure thing real quick,confirm,en,,,,
højere med 5,volumeUp,da,,5,,
real quick correct,confirm,en,,,,
absolutely yes now,confirm,en,,,,
hurtigt fortsæt hvor du slap,resume,da,,,,
real quick make it so,confirm,en,,,,
what should i do today now,unknown,en,,,,
right now i would like you to stop,stop,en,,,,
pick it back up right away,resume,en,,,,
ville du spille favorit tre,playFavoriteByNumber,da,,,3,
just favorites list,listFavorites,en,,,,
farvel,unknown,da,,,,
vær så venlig at mute,mute,da,,,,
lige ophæv pause,resume,da,,,,
could you kindly pause it,pause,en,,,,
pause it now,pause,en,,,,
right away turn the audio back on,unmute,en,,,,
må jeg bede dig om at læse mine favoritter op,listFavorites,da,,,,
lige sluk for sangen,stop,da,,,,
can you make it louder,volumeUp,en,,,,
med det samme sæt en timer til ti minutter,unknown,da,,,,
right now bring the sound back,unmute,en,,,,
right now i would like you to disconnect,leaveSpeaker,en,,,,
lige afkobl,leaveSpeaker,da,,,,
could you set volume to ten,setVolume,en,10,,,
could you please group with the garden,joinSpeaker,en,,,,
vil du sætte lydstyrken til 80,setVolume,da,80,,,
kan du fjerne lydløs,unmute,da,,,,
nu lyd til,unmute,da,,,,
nej tak,cancel,da,,,,
make me laugh real quick,unknown,en,,,,
fortæl mig favoritlisten,listFavorites,da,,,,
venligst skru op 10,volumeUp,da,,10,,
nope,cancel,en,,,,
lige lavere med tyve,volumeDown,da,,20,,
i'd like you to mute now,mute,en,,,,
favorit nummer 1,playFavoriteByNumber,da,,,1,
vær så venlig at afspille favorit nummer 3,playFavoriteByNumber,da,,,3,
vis listen hurtigt,listFavorites,da,,,,
give me the morning playlist,playNamed,en,,,,morning playlist
kunne du venligst spille electronic,playNamed,da,,,,
kindly join the garden,joinSpeaker,en,,,,
what's on my calendar real quick,unknown,en,,,,
lige ikke mere afspilning,stop,da,,,,
vær så venlig at sænke lydstyrken med det samme,volumeDown,da,,,,
just yes let's,confirm,en,,,,
jeg vil gerne have at du spille favorit ni,playFavoriteByNumber,da,,,9,
bare nej lad være,cancel,da,,,,
mute everything real quick,mute,en,,,,
raise the volume by 20,volumeUp,en,,20,,
go ahead and leave the group,leaveSpeaker,en,,,,
afspil favorit nummer ti,playFavoriteByNumber,da,,,10,
would you mind to join the dining room,joinSpeaker,en,,,,
right now kill the audio,stop,en,,,,
ville du ændre lydstyrken til 50,setVolume,da,50,,,
real quick do it,confirm,en,,,,
quickly list my favorites,listFavorites,en,,,,
quickly kick off some music,playDefault,en,,,,
hvad hedder du hurtigt,unknown,da,,,,
take a break now,pause,en,,,,
stop the music,stop,en,,,,
ville du afspille klassisk musik,playNamed,da,,,,
mute the music,mute,en,,,,
nu afbryd kort,pause,da,,,,
could you kindly play something,playDefault,en,,,,
what are my favourites,listFavorites,en,,,,
now skip it,cancel,en,,,,
venligst jeps,confirm,da,,,,
spil favorit nummer 1,playFavoriteByNumber,da,,,1,
lige drop den ide,cancel,da,,,,
er du en robot,unknown,da,,,,
i need you to put the volume at thirty,setVolume,en,30,,,
restore the audio now,unmute,en,,,,
bare sæt sangen på pause,pause,da,,,,
vær så venlig at sætte pop på,playNamed,da,,,,
do not do that real quick,cancel,en,,,,
kindly put the volume at 1,setVolume,en,1,,,
could you please list my favorites,listFavorites,en,,,,
real quick ok sure,confirm,en,,,,
show favorites right away,listFavorites,en,,,,
decrease volume by 5,volumeDown,en,,5,,
med det samme fjern al lyd,mute,da,,,,
spil hvad som helst med det samme,playDefault,da,,,,
would you please put on Kim Larsen,playNamed,en,,,,Kim Larsen
tag pausen af,resume,da,,,,
now end playback,stop,en,,,,
right away volume up 20,volumeUp,en,,20,,
med det samme værsgo,confirm,da,,,,
vis mine presets hurtigt,listFavorites,da,,,,
i would like you to mute right now,mute,en,,,,
må jeg bede dig om at dæmpe lyden,mute,da,,,,
right now where's the closest pharmacy,unknown,en,,,,
decrease volume by 20,volumeDown,en,,20,,
i need you to set volume to 50,setVolume,en,50,,,
vær venlig at holde pause,pause,da,,,,
quickly kill it,stop,en,,,,
ville du spille favorit 6,playFavoriteByNumber,da,,,6,
lyder fint,confirm,da,,,,
could you put on some music,playDefault,en,,,,
kan du venligst afspille favorit nummer fire,playFavoriteByNumber,da,,,4,
kan du tilslutte kælderen,joinSpeaker,da,,,,
hurtigt sæt på pause,pause,da,,,,
højere med 15,volumeUp,da,,15,,
mere lyd,volumeUp,da,,,,
ville du spille favorit 8,playFavoriteByNumber,da,,,8,
vil du venligst sætte lydstyrken til 50,setVolume,da,50,,,
now that's enough,stop,en,,,,
vær venlig at spille favorit fem,playFavoriteByNumber,da,,,5,
venligst få det til at stoppe,stop,da,,,,
increase volume by 25 now,volumeUp,en,,25,,
kan du venligst sætte lydstyrken til 90,setVolume,da,90,,,
stands musikken,stop,da,,,,
good real quick,confirm,en,,,,
ville du venligst afspille musik,playDefault,da,,,,
kan du vise mine favoritter,listFavorites,da,,,,
right away end playback,stop,en,,,,
sæt noget på,playDefault,da,,,,
i want you to play P1,playNamed,en,,,,P1
leave real quick,leaveSpeaker,en,,,,
volume up 5 right away,volumeUp,en,,5,,
can you please bring back the sound,unmute,en,,,,
ville du venligst sætte Lukas Graham på,playNamed,da,,,,
back to music,resume,en,,,,
could you please put on Taylor Swift,playNamed,en,,,,Taylor Swift
afspil favorit nummer 8,playFavoriteByNumber,da,,,8,
stop midlertidigt hurtigt,pause,da,,,,
vær så venlig at frakoble nu,leaveSpeaker,da,,,,
quickly a bit lower,volumeDown,en,,,,
real quick which favorites are there,listFavorites,en,,,,
afslut lydløs,unmute,da,,,,
bare skru ned med tyve,volumeDown,da,,20,,
no that's wrong,cancel,en,,,,
spil favorit nummer 7,playFavoriteByNumber,da,,,7,
just continue the song,resume,en,,,,
could you kindly show me my favorites,listFavorites,en,,,,
pause the speaker,pause,en,,,,
real quick find a restaurant nearby,unknown,en,,,,
lyder godt,confirm,da,,,,
spil videre hurtigt,resume,da,,,,
niveau tredive,setVolume,da,30,,,
ville du stoppe afspilningen,stop,da,,,,
ungroup this speaker now,leaveSpeaker,en,,,,
afspil favorit 8,playFavoriteByNumber,da,,,8,
ville du forbinde med ovenpå,joinSpeaker,da,,,,
lower the volume by 30 right now,volumeDown,en,,30,,
can you please play something,playDefault,en,,,,
connect to the living room,joinSpeaker,en,,,,
venligst vis mig mine favoritter,listFavorites,da,,,,
bare hæv lydstyrken med tredive,volumeUp,da,,30,,
separate the speaker,leaveSpeaker,en,,,,
right now make it louder,volumeUp,en,,,,
må jeg bede dig om at forbinde med entréen,joinSpeaker,da,,,,
stop det der hurtigt,cancel,da,,,,
affirmative,confirm,en,,,,
go ahead and silence it,mute,en,,,,
jeg vil gerne have at du tænde for lyden,unmute,da,,,,
vil du venligst spille Taylor Swift,playNamed,da,,,,
i want you to pause it right away,pause,en,,,,
can you turn the sound back on,unmute,en,,,,
venligst genoptag afspilningen,resume,da,,,,
sæt musikken på pause,pause,da,,,,
vent nej,cancel,da,,,,
ville du venligst tilslutte terrassen,joinSpeaker,da,,,,
would you hold the music,pause,en,,,,
go ahead and pause the music right away,pause,en,,,,
would you mind to play number five,playFavoriteByNumber,en,,,5,
fortæl mig mine favoritter nu,listFavorites,da,,,,
just go ahead and silence it,mute,en,,,,
would you freeze the music,pause,en,,,,
i need you to play favorite six,playFavoriteByNumber,en,,,6,
venligst sæt noget musik på,playDefault,da,,,,
set the volume to 20,setVolume,en,20,,,
vær venlig at spille The Daily,playNamed,da,,,,
lige klart det,confirm,da,,,,
quickly turn it up by 5,volumeUp,en,,5,,
kan du venligst fjerne lydløs,unmute,da,,,,
sæt favorit 7 på,playFavoriteByNumber,da,,,7,
kindly group with the bedroom,joinSpeaker,en,,,,
quickly yeah do it,confirm,en,,,,
just mute this,mute,en,,,,
i would like you to join the office,joinSpeaker,en,,,,
right now mute that,mute,en,,,,
i want you to read out my favorites,listFavorites,en,,,,
of course now,confirm,en,,,,
bare ring til mor,unknown,da,,,,
what favourites do i have right now,listFavorites,en,,,,
quickly go silent,mute,en,,,,
nul lyd hurtigt,mute,da,,,,
fjern pause,resume,da,,,,
lige højere med femten,volumeUp,da,,15,,
would you make it quieter,volumeDown,en,,,,
now i would like you to mute,mute,en,,,,
i would like you to bring back the sound,unmute,en,,,,
louder by ten,volumeUp,en,,10,,
med det samme hvad har jeg som favoritter,listFavorites,da,,,,
right now i'd like you to disconnect,leaveSpeaker,en,,,,
lige skru op 20,volumeUp,da,,20,,
hvilke stationer har jeg,listFavorites,da,,,,
preset one,playFavoriteByNumber,en,,,1,
bare kør videre,resume,da,,,,
stop afspilningen hurtigt,stop,da,,,,
vær så venlig at tilslutte badeværelset,joinSpeaker,da,,,,
kan du venligst afspille morning playlist,playNamed,da,,,,
vær venlig at afspille rolig musik,playNamed,da,,,,
ville du afspille favorit nummer fem,playFavoriteByNumber,da,,,5,
right now mute the song,mute,en,,,,
hurtigt åbn garageporten,unknown,da,,,,
i need you to play number seven,playFavoriteByNumber,en,,,7,
nu skru ned med tredive,volumeDown,da,,30,,
kan du tilslutte spisestuen,joinSpeaker,da,,,,
pause musikken nu,pause,da,,,,
what favorites do i have now,listFavorites,en,,,,
ville du venligst spille noget,playDefault,da,,,,
med det samme lydløs,mute,da,,,,
real quick that's right,confirm,en,,,,
would you please stop the music,stop,en,,,,
ville du sætte Volbeat på,playNamed,da,,,,
med det samme afspil noget,playDefault,da,,,,
start playing again,resume,en,,,,
could you mute the speaker,mute,en,,,,
quickly directions to the airport,unknown,en,,,,
i want sound,unmute,en,,,,
skru ned med tredive nu,volumeDown,da,,30,,
nu næ,cancel,da,,,,
quickly unmute the audio,unmute,en,,,,
could you please join the bedroom,joinSpeaker,en,,,,
nu lav en pause,pause,da,,,,
quickly i'd like you to keep playing,resume,en,,,,
jeg vil gerne have at du afspille NPR,playNamed,da,,,,
please mute the speaker,mute,en,,,,
kindly put on Lukas Graham,playNamed,en,,,,Lukas Graham
right now sound back on,unmute,en,,,,
hvor er det nærmeste supermarked nu,unknown,da,,,,
med det samme højere med 15,volumeUp,da,,15,,
go ahead and play favorite two,playFavoriteByNumber,en,,,2,
can you mute the speaker,mute,en,,,,
go ahead and set volume to 15,setVolume,en,15,,,
kunne du venligst ophæve pausen,resume,da,,,,
right now go ahead and leave the group,leaveSpeaker,en,,,,
now list my favorites,listFavorites,en,,,,
real quick go ahead and play something,playDefault,en,,,,
cancel that now,cancel,en,,,,
i need you to pause,pause,en,,,,
right now put something on,playDefault,en,,,,
resume the song real quick,resume,en,,,,
would you put the volume at zero,setVolume,en,0,,,
i'd like you to play hip hop,playNamed,en,,,,hip hop
can you group with the upstairs speaker,joinSpeaker,en,,,,
kan du venligst indstille lydstyrken til 15,setVolume,da,15,,,
nu vis listen,listFavorites,da,,,,
where's the nearest grocery right now,unknown,en,,,,
explain quantum physics,unknown,en,,,,
could you group with the garden,joinSpeaker,en,,,,
can you please put on P4,playNamed,en,,,,P4
end mute right away,unmute,en,,,,
right away how do i bake a cake,unknown,en,,,,
continue the music,resume,en,,,,
kunne du tænde for lyden,unmute,da,,,,
kan du venligst sætte på lydløs,mute,da,,,,
må jeg bede dig om at spille musik,playDefault,da,,,,
lidt lavere med det samme,volumeDown,da,,,,
ville du spille musik,playDefault,da,,,,
go ahead and play number eight,playFavoriteByNumber,en,,,8,
quickly i would like you to continue,resume,en,,,,
play my songs right away,playDefault,en,,,,
nok musik,stop,da,,,,
could you please put on Bob Dylan,playNamed,en,,,,Bob Dylan
set the thermostat to seventy real quick,unknown,en,,,,
vil du forlade gruppen,leaveSpeaker,da,,,,
vær stille,mute,da,,,,
skru op med fem hurtigt,volumeUp,da,,5,,
kan du spille favorit 5,playFavoriteByNumber,da,,,5,
split from the group right now,leaveSpeaker,en,,,,
would you please play favorite 5,playFavoriteByNumber,en,,,5,
ville du gruppere med haven,joinSpeaker,da,,,,
can you continue,resume,en,,,,
kan du venligst ændre lydstyrken til 65,setVolume,da,65,,,
venligst kom i gang,confirm,da,,,,
skru op med 30,volumeUp,da,,30,,
spil overalt,joinSpeaker,da,,,,
kindly ungroup,leaveSpeaker,en,,,,
lavere med 20 hurtigt,volumeDown,da,,20,,
go ahead and kill the music right now,stop,en,,,,
merge with the garden,joinSpeaker,en,,,,
tag tråden op igen med det samme,resume,da,,,,
what stations are saved,listFavorites,en,,,,
glem alt om det,cancel,da,,,,
skru op med tyve,volumeUp,da,,20,,
i'd like you to turn it down,volumeDown,en,,,,
forbind til badeværelset,joinSpeaker,da,,,,
sluk for sangen,stop,da,,,,
can you please play This American Life,playNamed,en,,,,This American Life
i need you to freeze the music,pause,en,,,,
make me a sandwich real quick,unknown,en,,,,
just i'd like you to play something,playDefault,en,,,,
right now continue playing,resume,en,,,,
gør det nu,confirm,da,,,,
hurtigt fjern dæmpning,unmute,da,,,,
forlad klyngen,leaveSpeaker,da,,,,
ville du venligst ændre lydstyrken til 20,setVolume,da,20,,,
connect to the dining room,joinSpeaker,en,,,,
please put on some music,playDefault,en,,,,
would you mind to play something,playDefault,en,,,,
join kontoret,joinSpeaker,da,,,,
put on some music right now,playDefault,en,,,,
bare lavere med 5,volumeDown,da,,5,,
send a message to john,unknown,en,,,,
now go ahead and freeze the music,pause,en,,,,
right now lower the volume by 30,volumeDown,en,,30,,
lige skru op med 15,volumeUp,da,,15,,
nu skru ned med femogtyve,volumeDown,da,,25,,
now unlink,leaveSpeaker,en,,,,
venligst udregn drikkepengene,unknown,da,,,,
right away start playback,playDefault,en,,,,
cancel the action,cancel,en,,,,
right away that's correct,confirm,en,,,,
vil du pause musikken,pause,da,,,,
more music now,resume,en,,,,
i need you to play number nine,playFavoriteByNumber,en,,,9,
i want you to set volume to 10,setVolume,en,10,,,
bare tilbage til normal lyd,unmute,da,,,,
abort right away,cancel,en,,,,
would you start playing,playDefault,en,,,,
actually no right away,cancel,en,,,,
mute the audio real quick,mute,en,,,,
gå solo med det samme,leaveSpeaker,da,,,,
add me to the patio,joinSpeaker,en,,,,
afspil noget musik med det samme,playDefault,da,,,,
jeg vil bede dig om at skrue op for lyden,volumeUp,da,,,,
real quick increase volume by 30,volumeUp,en,,30,,
afbryd handlingen hurtigt,cancel,da,,,,
could you please silence it,mute,en,,,,
real quick skip it,cancel,en,,,,
right now continue the song,resume,en,,,,
stop this,stop,en,,,,
go ahead and show me my favorites,listFavorites,en,,,,
real quick tell me a fun fact,unknown,en,,,,
må jeg bede dig om at afspille Kendrick Lamar,playNamed,da,,,,
real quick what's in my favorites,listFavorites,en,,,,
any new messages right away,unknown,en,,,,
bare fjern dæmpning,unmute,da,,,,
show my favorites real quick,listFavorites,en,,,,
hurtigt tag pausen af,resume,da,,,,
jeg vil bede dig om at mute,mute,da,,,,
disconnect from everyone right now,leaveSpeaker,en,,,,
could you kill the sound,mute,en,,,,
just decrease volume by 5,volumeDown,en,,5,,
just resume playing,resume,en,,,,
hold op med at spille,stop,da,,,,
i want to hear Adele,playNamed,en,,,,Adele
korrekt,confirm,da,,,,
hurtigt tavs,mute,da,,,,
bare lyd fra,mute,da,,,,
vær så venlig at gruppere med terrassen,joinSpeaker,da,,,,
bare værsgod,confirm,da,,,,
go ahead and group with the patio,joinSpeaker,en,,,,
nu spil bare her,leaveSpeaker,da,,,,
mute that now,mute,en,,,,
lige sæt musikken på lydløs,mute,da,,,,
ville du venligst spille favorit 4,playFavoriteByNumber,da,,,4,
giv mig en pause,pause,da,,,,
stop al musik med det samme,stop,da,,,,
stop det der nu,cancel,da,,,,
would you mind to join the basement,joinSpeaker,en,,,,
just show me the favorites,listFavorites,en,,,,
right now i would like you to unpause,resume,en,,,,
må jeg bede dig om at holde pause,pause,da,,,,
read the favorites,listFavorites,en,,,,
kill the music,stop,en,,,,
kindly play music,playDefault,en,,,,
kan du sætte musik på,playDefault,da,,,,
ville du venligst tilslutte kontoret,joinSpeaker,da,,,,
can you please carry on,resume,en,,,,
now audio off,mute,en,,,,
i want you to increase the volume,volumeUp,en,,,,
change volume to seventy-five,setVolume,en,75,,,
gør det sådan nu,confirm,da,,,,
vær venlig at ophæve pausen,resume,da,,,,
ville du venligst sætte lydstyrken til tyve,setVolume,da,20,,,
would you please play favorite five,playFavoriteByNumber,en,,,5,
afslut afspilningen med det samme,stop,da,,,,
link to the office,joinSpeaker,en,,,,
now go ahead and unpause,resume,en,,,,
just leave the speakers,leaveSpeaker,en,,,,
vil du vise mine favoritter,listFavorites,da,,,,
disconnect from everyone,leaveSpeaker,en,,,,
lige bestil pizza,unknown,da,,,,
connect to the bedroom,joinSpeaker,en,,,,
quickly yes thanks,confirm,en,,,,
halt the music real quick,pause,en,,,,
silence real quick,mute,en,,,,
bare spil solo,leaveSpeaker,da,,,,
quieter by 20,volumeDown,en,,20,,
increase volume by 15,volumeUp,en,,15,,
sync with the basement,joinSpeaker,en,,,,
vil du spille favorit 1,playFavoriteByNumber,da,,,1,
kunne du liste mine favoritter,listFavorites,da,,,,
vær venlig at tilslutte entréen,joinSpeaker,da,,,,
kunne du venligst genoptage,resume,da,,,,
i would like you to play favorite one,playFavoriteByNumber,en,,,1,
play together with the upstairs speaker,joinSpeaker,en,,,,
abort the action,cancel,en,,,,
ville du venligst gruppere med stuen,joinSpeaker,da,,,,
med det samme sluk for musikken,stop,da,,,,
lige afspil noget musik,playDefault,da,,,,
vil du forbinde med terrassen,joinSpeaker,da,,,,
real quick unpause the music,resume,en,,,,
would you please group with the office,joinSpeaker,en,,,,
could you join the patio,joinSpeaker,en,,,,
just show me what's saved,listFavorites,en,,,,
jeg vil gerne have at du spille This American Life,playNamed,da,,,,
increase the volume now,volumeUp,en,,,,
kunne du venligst spille musik,playDefault,da,,,,
join the group with the office,joinSpeaker,en,,,,
sæt klassisk på,playNamed,da,,,,klassisk
kan du fjerne dæmpningen,unmute,da,,,,
now turn it up by 30,volumeUp,en,,30,,
mindre lydstyrke med det samme,volumeDown,da,,,,
play favourite 10,playFavoriteByNumber,en,,,10,
sluk,stop,da,,,,
would you please continue,resume,en,,,,
start Pop FM,playNamed,da,,,,Pop FM
sænk lydstyrken med det samme,volumeDown,da,,,,
ville du venligst sætte lydstyrken til 25,setVolume,da,25,,,
real quick i need you to silence it,mute,en,,,,
hvad er hovedstaden i frankrig nu,unknown,da,,,,
vær venlig at spille study music,playNamed,da,,,,
now i'd like you to unpause,resume,en,,,,
kindly play number four,playFavoriteByNumber,en,,,4,
lydstyrke til 70,setVolume,da,70,,,
can you please make it quieter,volumeDown,en,,,,
could you kill the music,stop,en,,,,
what's today's date,unknown,en,,,,
med det samme pause det,pause,da,,,,
right away how far is copenhagen,unknown,en,,,,
remove this from the group,leaveSpeaker,en,,,,
just get back to it,resume,en,,,,
would you mind to list my favorites,listFavorites,en,,,,
lige fjern denne højttaler fra gruppen,leaveSpeaker,da,,,,
level 45,setVolume,en,45,,,
venligst sluk for al lyd,mute,da,,,,
just play whatever you want,playDefault,en,,,,
could you turn it down,volumeDown,en,,,,
let's pause right now,pause,en,,,,
exit mute right now,unmute,en,,,,
right now end the song,stop,en,,,,
med det samme lyd til,unmute,da,,,,
real quick lock the door,unknown,en,,,,
lyd igen,unmute,da,,,,
goodbye,unknown,en,,,,
hurtigt vær så venlig at holde pause,pause,da,,,,
now cancel that,cancel,en,,,,
kør bare på nu,confirm,da,,,,
ikke gør det der,cancel,da,,,,
bare vent lidt,pause,da,,,,
please freeze the music,pause,en,,,,
jeg vil bede dig om at afspille Genstart,playNamed,da,,,,
turn it down by five now,volumeDown,en,,5,,
go ahead and play P7,playNamed,en,,,,P7
afspil hurtigt,playDefault,da,,,,
jeg vil høre musik nu,playDefault,da,,,,
could you please set volume to 100,setVolume,en,100,,,
right away read the favorites,listFavorites,en,,,,
just tell me my favorites,listFavorites,en,,,,
jeg vil bede dig om at spille favorit seks,playFavoriteByNumber,da,,,6,
real quick remind me to buy milk,unknown,en,,,,
hurtigt spil musik,playDefault,da,,,,
play with the office,joinSpeaker,en,,,,
kindly pause,pause,en,,,,
quickly turn the volume up,volumeUp,en,,,,
please group with the hallway,joinSpeaker,en,,,,
would you resume,resume,en,,,,
can you resume,resume,en,,,,
quickly affirmative,confirm,en,,,,
give me Classic FM,playNamed,en,,,,Classic FM
right away what's the score of the game,unknown,en,,,,
vær venlig at afspille This American Life,playNamed,da,,,,
can you please join the dining room,joinSpeaker,en,,,,
play favorite 4,playFavoriteByNumber,en,,,4,
would you mind to group with the patio,joinSpeaker,en,,,,
kunne du venligst frakoble,leaveSpeaker,da,,,,
would you change the volume to 0,setVolume,en,0,,,
pause afspilningen nu,pause,da,,,,
i want you to pause,pause,en,,,,
lige rigtigt,confirm,da,,,,
spil noget musik,playDefault,da,,,,
fire up P5,playNamed,en,,,,P5
play P2 for me,playNamed,en,,,,P2
right now quieter by five,volumeDown,en,,5,,
lidt mere stille,volumeDown,da,,,,
split off right away,leaveSpeaker,en,,,,
jeg bekræfter,confirm,da,,,,
venligst fortsæt med musikken,resume,da,,,,
indstil lydstyrken til 1,setVolume,da,1,,,
real quick volume down thirty,volumeDown,en,,30,,
i want you to play number 3,playFavoriteByNumber,en,,,3,
real quick i'd like you to pause it,pause,en,,,,
turn it up,volumeUp,en,,,,
lige træd tilbage,cancel,da,,,,
right away stop the track,stop,en,,,,
how cold is it,unknown,en,,,,
right now quieter by thirty,volumeDown,en,,30,,
real quick i want you to continue,resume,en,,,,
right now goodbye,unknown,en,,,,
vær så venlig at sætte BBC Radio 1 på,playNamed,da,,,,
right now unmute the audio,unmute,en,,,,
connect to the upstairs speaker,joinSpeaker,en,,,,
turn it up by thirty right away,volumeUp,en,,30,,
skru ned 25,volumeDown,da,,25,,
kunne du spille favorit et,playFavoriteByNumber,da,,,1,
fjern al lyd med det samme,mute,da,,,,
i would like you to ungroup right now,leaveSpeaker,en,,,,
right away separate from the others,leaveSpeaker,en,,,,
jeg vil høre musik med det samme,playDefault,da,,,,
just sounds good,confirm,en,,,,
play number 5,playFavoriteByNumber,en,,,5,
kan du venligst afslutte musikken,stop,da,,,,
show my favorites,listFavorites,en,,,,
stop that real quick,stop,en,,,,
would you mind to play favorite three,playFavoriteByNumber,en,,,3,
turn the volume down right now,volumeDown,en,,,,
can you play music,playDefault,en,,,,
vil du tænde lyden igen,unmute,da,,,,
bare højere med 5,volumeUp,da,,5,,
raise it right away,volumeUp,en,,,,
hvem har lavet dig,unknown,da,,,,
i'd like you to tell me my favorites,listFavorites,en,,,,
i changed my mind real quick,cancel,en,,,,
tænd for højttaleren hurtigt,unmute,da,,,,
skru op 25,volumeUp,da,,25,,
i'd like you to unpause now,resume,en,,,,
i'd like you to turn off the music,stop,en,,,,
pick it back up,resume,en,,,,
fortæl en vittighed,unknown,da,,,,
right away play only here,leaveSpeaker,en,,,,
kunne du venligst gruppere med badeværelset,joinSpeaker,da,,,,
kunne du venligst pause musikken,pause,da,,,,
venligst næ,cancel,da,,,,
med det samme gå solo,leaveSpeaker,da,,,,
lige jeg vil have ro,stop,da,,,,
now what favorites do i have,listFavorites,en,,,,
lige vis mine favoritter,listFavorites,da,,,,
remove this from the group real quick,leaveSpeaker,en,,,,
lige lad os spille et spil,unknown,da,,,,
can you play favorite 10,playFavoriteByNumber,en,,,10,
jeg vil bede dig om at afspille favorit nummer seks,playFavoriteByNumber,da,,,6,
kindly read out my favorites,listFavorites,en,,,,
spil favorit nummer ti,playFavoriteByNumber,da,,,10,
vær stille med det samme,mute,da,,,,
må jeg bede dig om at afspille favorit nummer 5,playFavoriteByNumber,da,,,5,
right away louder by 10,volumeUp,en,,10,,
just go for it,confirm,en,,,,
fire up NPR,playNamed,en,,,,NPR
venligst skru op for lyden,volumeUp,da,,,,
show my favourites now,listFavorites,en,,,,
ikke gør det nu,cancel,da,,,,
jeg vil bede dig om at tilslutte badeværelset,joinSpeaker,da,,,,
stop right there right away,cancel,en,,,,
sænk lydstyrken med tredive,volumeDown,da,,30,,
bare giv mig lyden igen,unmute,da,,,,
turn off the audio,stop,en,,,,
klart med det samme,confirm,da,,,,
please hold the music,pause,en,,,,
go ahead and stop playing,stop,en,,,,
vær så venlig at pause musikken,pause,da,,,,
nu ikke gør det,cancel,da,,,,
right now volume up 30,volumeUp,en,,30,,
i want you to group with the upstairs speaker,joinSpeaker,en,,,,
lige okay,confirm,da,,,,
frakobl højttaleren med det samme,leaveSpeaker,da,,,,
halt the music,pause,en,,,,
vær venlig at sætte klassisk musik på,playNamed,da,,,,
sure right away,confirm,en,,,,
skru ned for musikken med det samme,volumeDown,da,,,,
go ahead and join the hallway,joinSpeaker,en,,,,
giv mig en gåde hurtigt,unknown,da,,,,
pause this right now,pause,en,,,,
hurtigt ikke denne gang,cancel,da,,,,
nu hold pause,pause,da,,,,
i'd like you to set volume to 1,setVolume,en,1,,,
må jeg bede dig om at tilslutte ovenpå,joinSpeaker,da,,,,
afbryd alt,cancel,da,,,,
hvor langt er der til københavn,unknown,da,,,,
rigtigt,confirm,da,,,,
ikke mere musik hurtigt,stop,da,,,,
play my songs,playDefault,en,,,,
now put on some music,playDefault,en,,,,
confirm right away,confirm,en,,,,
lydniveau 20,setVolume,da,20,,,
kunne du tilslutte haven,joinSpeaker,da,,,,
i'd like you to disconnect now,leaveSpeaker,en,,,,
would you group with the upstairs speaker,joinSpeaker,en,,,,
volume up twenty-five right away,volumeUp,en,,25,,
quickly start the music,playDefault,en,,,,
ville du venligst dæmpe lyden,mute,da,,,,
no that's wrong now,cancel,en,,,,
real quick tell me a story,unknown,en,,,,
vil du gøre det lavere,volumeDown,da,,,,
nu ja lad os,confirm,da,,,,
i need you to put the volume at 5,setVolume,en,5,,,
åbn garageporten,unknown,da,,,,
lige lyder rigtigt,confirm,da,,,,
jeg vil bede dig om at skrue op,volumeUp,da,,,,
i would like you to change the volume to 1,setVolume,en,1,,,
fjern dæmpningen hurtigt,unmute,da,,,,
vil du venligst pause,pause,da,,,,
go ahead and stop right away,stop,en,,,,
now louder by 15,volumeUp,en,,15,,
can you please mute the speaker,mute,en,,,,
can you please end the music,stop,en,,,,
tell me a story,unknown,en,,,,
jeg vil gerne have at du fortælle mig mine favoritter,listFavorites,da,,,,
slå på lydløs,mute,da,,,,
vær så venlig at spille Mew,playNamed,da,,,,
i want you to resume right away,resume,en,,,,
kan du spille favorit 4,playFavoriteByNumber,da,,,4,
hvem er du,unknown,da,,,,
could you group with the office,joinSpeaker,en,,,,
venligst hvad har jeg gemt,listFavorites,da,,,,
i would like you to play favorite 10,playFavoriteByNumber,en,,,10,
real quick what's on my favorites list,listFavorites,en,,,,
hæv lydstyrken med 25,volumeUp,da,,25,,
kan du skrue ned for lyden,volumeDown,da,,,,
kindly play number one,playFavoriteByNumber,en,,,1,
leave the speakers,leaveSpeaker,en,,,,
volume level thirty,setVolume,en,30,,,
venligst genoptag sangen,resume,da,,,,
go ahead and disconnect right away,leaveSpeaker,en,,,,
ungroup,leaveSpeaker,en,,,,
cut audio right away,mute,en,,,,
give it a rest right now,pause,en,,,,
kunne du venligst fortælle mig mine favoritter,listFavorites,da,,,,
favourites list right away,listFavorites,en,,,,
right now hold the music,pause,en,,,,
vær så venlig at pause afspilningen nu,pause,da,,,,
hvordan er vejret,unknown,da,,,,
ophæv lydløs nu,unmute,da,,,,
would you mind to put on Volbeat,playNamed,en,,,,Volbeat
can you please disconnect,leaveSpeaker,en,,,,
forget about it right now,cancel,en,,,,
vil du venligst ændre lydstyrken til 80,setVolume,da,80,,,
i want you to put on P3,playNamed,en,,,,P3
what does bonjour mean real quick,unknown,en,,,,
could you kindly stop,stop,en,,,,
what favourites do i have,listFavorites,en,,,,
join the others,joinSpeaker,en,,,,
volume up fifteen right now,volumeUp,en,,15,,
can you play Nova FM,playNamed,en,,,,Nova FM
play The Daily for me,playNamed,en,,,,Daily
jeg vil gerne have at du skrue ned for lyden,volumeDown,da,,,,
right now list my presets,listFavorites,en,,,,
med det samme få musikken til at stoppe,stop,da,,,,
back out right away,cancel,en,,,,
i would like you to join the living room,joinSpeaker,en,,,,
hurtigt hæv lydstyrken med 10,volumeUp,da,,10,,
ville du afspille favorit nummer 6,playFavoriteByNumber,da,,,6,
put on the ambient music,playNamed,en,,,,ambient music
i would like you to change the volume to seventy,setVolume,en,70,,,
start something,playDefault,en,,,,
kunne du venligst fortsætte musikken,resume,da,,,,
spil for dig selv,leaveSpeaker,da,,,,
go ahead and leave the group right now,leaveSpeaker,en,,,,
real quick let it resume,resume,en,,,,
vil du stoppe musikken,stop,da,,,,
bare læs hele listen op,listFavorites,da,,,,
pause for now,pause,en,,,,
could you kindly play favorite five,playFavoriteByNumber,en,,,5,
quickly all right then,confirm,en,,,,
quickly favourites list,listFavorites,en,,,,
now list favorites,listFavorites,en,,,,
ville du venligst vise mine favoritter,listFavorites,da,,,,
can you put the volume at one hundred,setVolume,en,100,,,
right now calculate the tip,unknown,en,,,,
turn the volume up,volumeUp,en,,,,
hurtigt sluk for al lyd,mute,da,,,,
må jeg bede dig om at forlade gruppen,leaveSpeaker,da,,,,
afsynkroniser med det samme,leaveSpeaker,da,,,,
go ahead and kill the music real quick,stop,en,,,,
dæmp lyden nu,mute,da,,,,
spil det igen,resume,da,,,,
what's the capital of france right now,unknown,en,,,,
perfekt hurtigt,confirm,da,,,,
i need you to resume,resume,en,,,,
ville du afspille favorit nummer ni,playFavoriteByNumber,da,,,9,
halt playback,pause,en,,,,
right away louder by ten,volumeUp,en,,10,,
quickly play only here,leaveSpeaker,en,,,,
show my favorites right away,listFavorites,en,,,,
vær så venlig at sætte Pink Floyd på,playNamed,da,,,,
ville du ændre lydstyrken til 60,setVolume,da,60,,,
i want you to play number four,playFavoriteByNumber,en,,,4,
lydstyrke 85,setVolume,da,85,,,
real quick what's saved as a favorite,listFavorites,en,,,,
fire up ambient music,playNamed,en,,,,ambient music
bare mere musik,resume,da,,,,
mute the speaker right now,mute,en,,,,
just leave the cluster,leaveSpeaker,en,,,,
nu oversæt dette til tysk,unknown,da,,,,
kan du forbinde med spisestuen,joinSpeaker,da,,,,
real quick freeze it,pause,en,,,,
can you put the volume at 5,setVolume,en,5,,,
real quick turn on the audio,unmute,en,,,,
jeg vil bede dig om at fjerne lydløs,unmute,da,,,,
right away louder,volumeUp,en,,,,
stop pausen,resume,da,,,,
can you put the volume at ten,setVolume,en,10,,,
what's twelve times eight right now,unknown,en,,,,
please change the volume to 70,setVolume,en,70,,,
could you put the volume at forty,setVolume,en,40,,,
can you silence it,mute,en,,,,
nu fortsæt sangen,resume,da,,,,
play just here now,leaveSpeaker,en,,,,
vær så venlig at fortælle mig mine favoritter,listFavorites,da,,,,
list favorites,listFavorites,en,,,,
i need you to pause right now,pause,en,,,,
yes do it,confirm,en,,,,
ville du venligst sætte workout mix på,playNamed,da,,,,
right now no,cancel,en,,,,
back out real quick,cancel,en,,,,
vær så venlig at skrue ned nu,volumeDown,da,,,,
right now great,confirm,en,,,,
just split from the group,leaveSpeaker,en,,,,
start the klassisk musik,playNamed,en,,,,klassisk musik
venligst vær så venlig at fortsætte,resume,da,,,,
volume seventy-five,setVolume,en,75,,,
could you please put on Kendrick Lamar,playNamed,en,,,,Kendrick Lamar
right away play,playDefault,en,,,,
separate from the others right now,leaveSpeaker,en,,,,
kindly play favorite 1,playFavoriteByNumber,en,,,1,
venligst afbryd alt,cancel,da,,,,
would you put the volume at 10,setVolume,en,10,,,
link to the dining room,joinSpeaker,en,,,,
quickly what's the score of the game,unknown,en,,,,
nu vær så venlig at starte musikken,playDefault,da,,,,
med det samme skru ned med 10,volumeDown,da,,10,,
right now quieter by twenty-five,volumeDown,en,,25,,
sænk volumen nu,volumeDown,da,,,,
pause the track now,pause,en,,,,
hurtigt sluk lydløs,unmute,da,,,,
i'd like you to mute right away,mute,en,,,,
quickly resume the music,resume,en,,,,
would you please group with the basement,joinSpeaker,en,,,,
sound on right now,unmute,en,,,,
quickly sound off,mute,en,,,,
please group with the garden,joinSpeaker,en,,,,
could you kindly pause the music,pause,en,,,,
cease the music real quick,stop,en,,,,
sæt volumen til femogtyve,setVolume,da,25,,,
start the music,playDefault,en,,,,
tænd lyden med det samme,unmute,da,,,,
mere lydstyrke,volumeUp,da,,,,
read my favorites real quick,listFavorites,en,,,,
jeg vil gerne have at du spille noget,playDefault,da,,,,
add me to the basement,joinSpeaker,en,,,,
med det samme afslut afspilningen,stop,da,,,,
could you kindly disconnect,leaveSpeaker,en,,,,
can you disconnect,leaveSpeaker,en,,,,
please silence it,mute,en,,,,
kunne du afspille favorit nummer 3,playFavoriteByNumber,da,,,3,
right now trivia question,unknown,en,,,,
sæt noget på nu,playDefault,da,,,,
stop the audio right away,stop,en,,,,
kan du venligst spille P6,playNamed,da,,,,
could you change the volume to 5,setVolume,en,5,,,
jeg vil bede dig om at hæve lydstyrken,volumeUp,da,,,,
kunne du venligst stoppe musikken,stop,da,,,,
would you mind to play number four,playFavoriteByNumber,en,,,4,
sæt klassisk musik på,playNamed,da,,,,klassisk musik
quickly keep playing,resume,en,,,,
sluk lydløs hurtigt,unmute,da,,,,
kan du indstille lydstyrken til femten,setVolume,da,15,,,
må jeg bede dig om at tilslutte haven,joinSpeaker,da,,,,
vil du venligst stoppe,stop,da,,,,
right away play something,playDefault,en,,,,
real quick how do you spell necessary,unknown,en,,,,
let it resume,resume,en,,,,
ville du forbinde med køkkenet,joinSpeaker,da,,,,
oversæt dette til tysk,unknown,da,,,,
i would like you to turn it up,volumeUp,en,,,,
show favorites right now,listFavorites,en,,,,
right away back to playing,resume,en,,,,
kan du venligst gruppere med entréen,joinSpeaker,da,,,,
right away i want you to pause,pause,en,,,,
play the Genstart,playNamed,en,,,,Genstart
would you mind to set volume to fifty,setVolume,en,50,,,
venligst del fra gruppen,leaveSpeaker,da,,,,
just indeed,confirm,en,,,,
continue playing right now,resume,en,,,,
just i want it to stop,stop,en,,,,
nu musik tak,playDefault,da,,,,
forget about it real quick,cancel,en,,,,
jeg vil bede dig om at forbinde med spisestuen,joinSpeaker,da,,,,
bare korrekt,confirm,da,,,,
bare musik tak,playDefault,da,,,,
bare skru op med femogtyve,volumeUp,da,,25,,
vær så venlig at sætte på lydløs,mute,da,,,,
lift mute right away,unmute,en,,,,
bare sænk lydstyrken med 10,volumeDown,da,,10,,
would you separate this speaker,leaveSpeaker,en,,,,
vær venlig at afspille favorit nummer ni,playFavoriteByNumber,da,,,9,
unsync this,leaveSpeaker,en,,,,
quickly turn it up by twenty,volumeUp,en,,20,,
venligst stille,mute,da,,,,
who won last night right now,unknown,en,,,,
må jeg bede dig om at afspille favorit nummer 9,playFavoriteByNumber,da,,,9,
i want you to carry on right now,resume,en,,,,
list mine stationer,listFavorites,da,,,,
would you play favorite 2,playFavoriteByNumber,en,,,2,
jeg vil bede dig om at forbinde med haven,joinSpeaker,da,,,,
could you kindly play P6,playNamed,en,,,,P6
lige glem den ting,cancel,da,,,,
vil du tænde for lyden,unmute,da,,,,
tone it down right away,volumeDown,en,,,,
vær venlig at tilslutte køkkenet,joinSpeaker,da,,,,
increase volume by 15 real quick,volumeUp,en,,15,,
nu nej tak,cancel,da,,,,
turn on the sound right away,unmute,en,,,,
i need you to join the office,joinSpeaker,en,,,,
ville du venligst gruppere med terrassen,joinSpeaker,da,,,,
fortryd det,cancel,da,,,,
kindly tell me my favorites,listFavorites,en,,,,
go alone,leaveSpeaker,en,,,,
pause playback now,pause,en,,,,
vær venlig at starte musikken,playDefault,da,,,,
venligst ja det er fint,confirm,da,,,,
right away what should i eat for dinner,unknown,en,,,,
hvilke favoritter har jeg,listFavorites,da,,,,
quickly i need you to stop,stop,en,,,,
right away lift mute,unmute,en,,,,
hurtigt hvad er mine favoritter,listFavorites,da,,,,
please stop playing,stop,en,,,,
stop pausen nu,resume,da,,,,
play preset eight,playFavoriteByNumber,en,,,8,
vil du venligst spille favorit 5,playFavoriteByNumber,da,,,5,
bare ja gør det,confirm,da,,,,
spil mine sange,playDefault,da,,,,
hvad betyder bonjour,unknown,da,,,,
could you please carry on,resume,en,,,,
would you mind to ungroup,leaveSpeaker,en,,,,
vær så venlig at vise mine favoritter,listFavorites,da,,,,
i would like you to turn it down,volumeDown,en,,,,
nu vælg et tilfældigt tal,unknown,da,,,,
i want you to put on a song,playDefault,en,,,,
quieter by twenty,volumeDown,en,,20,,
kindly play favorite three,playFavoriteByNumber,en,,,3,
be silent real quick,mute,en,,,,
sæt det på pause hurtigt,pause,da,,,,
nu vær så venlig at frakoble,leaveSpeaker,da,,,,
bare fint,confirm,da,,,,
vær venlig at holde op,stop,da,,,,
sæt en timer til ti minutter med det samme,unknown,da,,,,
fortsæt sangen nu,resume,da,,,,
vær venlig at pause,pause,da,,,,
kunne du venligst starte musikken,playDefault,da,,,,
freeze playback,pause,en,,,,
venligst skønt,confirm,da,,,,
ville du spille favorit otte,playFavoriteByNumber,da,,,8,
turn it off right now,stop,en,,,,
quickly exit silent mode,unmute,en,,,,
vil du gruppere med entréen,joinSpeaker,da,,,,
now stop right there,stop,en,,,,
wait,pause,en,,,,
jeg vil bede dig om at frakoble,leaveSpeaker,da,,,,
med det samme vis vej til lufthavnen,unknown,da,,,,
real quick right,confirm,en,,,,
let's hear the Volbeat,playNamed,en,,,,Volbeat
go quiet right now,mute,en,,,,
med det samme bestemt,confirm,da,,,,
real quick of course yes,confirm,en,,,,
quickly i'd like you to stop,stop,en,,,,
connect with the living room,joinSpeaker,en,,,,
sluk for musikken nu,stop,da,,,,
vil du indstille lydstyrken til 95,setVolume,da,95,,,
preset nine,playFavoriteByNumber,en,,,9,
læs mine favoritter op,listFavorites,da,,,,
ville du pause afspilningen,pause,da,,,,
hurtigt skru op med fem,volumeUp,da,,5,,
can you join the patio,joinSpeaker,en,,,,
show me a map of paris real quick,unknown,en,,,,
jeg vil gerne have at du spille musik,playDefault,da,,,,
venligst højere med tyve,volumeUp,da,,20,,
sluk musikken,stop,da,,,,
vil du afspille musik,playDefault,da,,,,
venligst vær så venlig at ophæve pausen,resume,da,,,,
kan du venligst afspille favorit nummer 1,playFavoriteByNumber,da,,,1,
could you set volume to twenty,setVolume,en,20,,,
now tell me a joke,unknown,en,,,,
venligst lyd på,unmute,da,,,,
shut it down,stop,en,,,,
navigate home now,unknown,en,,,,
hurtigt spil videre,resume,da,,,,
læs listen op,listFavorites,da,,,,
would you lower the volume,volumeDown,en,,,,
real quick i love you,unknown,en,,,,
tavs hurtigt,mute,da,,,,
kunne du venligst ophæve dæmpningen,unmute,da,,,,
jeg vil gerne have at du pause musikken,pause,da,,,,
just turn off the speaker,stop,en,,,,
start igen med det samme,resume,da,,,,
lige godt,confirm,da,,,,
jeg vil bede dig om at sætte Adele på,playNamed,da,,,,
kan du venligst ændre lydstyrken til 1,setVolume,da,1,,,
quickly i'd like you to carry on,resume,en,,,,
kindly set volume to twenty,setVolume,en,20,,,
would you mind to play Classic FM,playNamed,en,,,,Classic FM
quieter by 15,volumeDown,en,,15,,
go ahead and pause it real quick,pause,en,,,,
disconnect from the group right away,leaveSpeaker,en,,,,
fjern lyden,mute,da,,,,
go for it,confirm,en,,,,
bare sluk for lyden,mute,da,,,,
can you play favorite seven,playFavoriteByNumber,en,,,7,
i'd like you to resume,resume,en,,,,
confirmed real quick,confirm,en,,,,
please put on pop,playNamed,en,,,,pop
can you please stop,stop,en,,,,
kan du venligst stoppe,stop,da,,,,
vær så venlig at læse mine favoritter op,listFavorites,da,,,,
quickly incorrect,cancel,en,,,,
nu vis hele listen,listFavorites,da,,,,
sæt favorit syv på,playFavoriteByNumber,da,,,7,
just read out my favorites,listFavorites,en,,,,
vær venlig at sætte lydstyrken til 70,setVolume,da,70,,,
i'd like you to pause now,pause,en,,,,
stop now,stop,en,,,,
ville du indstille lydstyrken til 85,setVolume,da,85,,,
må jeg bede dig om at holde op,stop,da,,,,
skru op med 25 nu,volumeUp,da,,25,,
kick off some music,playDefault,en,,,,
i want to hear the The Daily,playNamed,en,,,,The Daily
genoptag med det samme,resume,da,,,,
pair with the bedroom,joinSpeaker,en,,,,
hele favoritlisten nu,listFavorites,da,,,,
favourite two,playFavoriteByNumber,en,,,2,
lige vær så venlig at ophæve dæmpningen,unmute,da,,,,
right now disconnect from the others,leaveSpeaker,en,,,,
right now on second thought no,cancel,en,,,,
would you mind to tell me my favorites,listFavorites,en,,,,
i would like you to keep playing,resume,en,,,,
decrease volume by 30,volumeDown,en,,30,,
nu hvad er gemt som favoritter,listFavorites,da,,,,
right now turn it up by 20,volumeUp,en,,20,,
vil du venligst afspille musik,playDefault,da,,,,
what's on my calendar,unknown,en,,,,
ville du afspille Radio 24syv,playNamed,da,,,,
volume down 10 right now,volumeDown,en,,10,,
kunne du venligst spille Volbeat,playNamed,da,,,,
må jeg bede dig om at fortsætte,resume,da,,,,
would you please group with the patio,joinSpeaker,en,,,,
vil du holde op,stop,da,,,,
can you please join the bedroom,joinSpeaker,en,,,,
midlertidig stop,pause,da,,,,
kunne du skrue ned,volumeDown,da,,,,
go ahead and put on some music,playDefault,en,,,,
could you kindly group with the hallway,joinSpeaker,en,,,,
hvor er min telefon,unknown,da,,,,
level 70,setVolume,en,70,,,
jeg vil gerne have at du sætte på lydløs,mute,da,,,,
fire up Volbeat,playNamed,en,,,,Volbeat
could you set volume to 45,setVolume,en,45,,,
ville du forbinde med stuen,joinSpeaker,da,,,,
real quick cut the audio,mute,en,,,,
connect with the office,joinSpeaker,en,,,,
jeg vil bede dig om at forbinde med terrassen,joinSpeaker,da,,,,
kunne du venligst indstille lydstyrken til halvtreds,setVolume,da,50,,,
pair with the patio,joinSpeaker,en,,,,
right now hold playback,pause,en,,,,
ville du stoppe musikken,stop,da,,,,
skru ned med ti nu,volumeDown,da,,10,,
lyder rigtigt,confirm,da,,,,
forget that now,cancel,en,,,,
glem det,cancel,da,,,,
skru ned med 30 hurtigt,volumeDown,da,,30,,
jeg vil gerne have at du afspille favorit nummer 2,playFavoriteByNumber,da,,,2,
can you group with the basement,joinSpeaker,en,,,,
could you please put on hip hop,playNamed,en,,,,hip hop
can you please kill the sound,mute,en,,,,
vis favoritterne nu,listFavorites,da,,,,
go ahead and freeze the music now,pause,en,,,,
vær så venlig at indstille lydstyrken til femogtyve,setVolume,da,25,,,
right away back to music,resume,en,,,,
just make it stop,stop,en,,,,
tilslut kælderen,joinSpeaker,da,,,,
jeg vil bede dig om at spille rock,playNamed,da,,,,
vær venlig at sætte lydstyrken til fem,setVolume,da,5,,,
volume up 5,volumeUp,en,,5,,
med det samme vær stille,mute,da,,,,
lige sænk lydstyrken med femten,volumeDown,da,,15,,
can you play number six,playFavoriteByNumber,en,,,6,
sænk lydstyrken med 25 hurtigt,volumeDown,da,,25,,
would you mind to silence it,mute,en,,,,
ville du genoptage,resume,da,,,,
i want you to mute right now,mute,en,,,,
volume 75,setVolume,en,75,,,
venligst lyder fint,confirm,da,,,,
i want you to play something,playDefault,en,,,,
right away pick it back up,resume,en,,,,
just play the last thing,playDefault,en,,,,
hvad har jeg gemt som favoritter,listFavorites,da,,,,
just wait a second,pause,en,,,,
more volume now,volumeUp,en,,,,
would you mind to put the volume at 20,setVolume,en,20,,,
turn it down by 25,volumeDown,en,,25,,
lige nemlig,confirm,da,,,,
i'd like you to group with the basement,joinSpeaker,en,,,,
negativ,cancel,da,,,,
hvad står der på min favoritliste,listFavorites,da,,,,
med det samme vis mine presets,listFavorites,da,,,,
hvem er du nu,unknown,da,,,,
stop gruppering,leaveSpeaker,da,,,,
just end it,stop,en,,,,
skru op 5 nu,volumeUp,da,,5,,
i need you to tell me my favorites,listFavorites,en,,,,
få det til at stoppe med det samme,stop,da,,,,
play alone real quick,leaveSpeaker,en,,,,
just give it a rest,pause,en,,,,
kan du gøre det højere,volumeUp,da,,,,
kindly restore the sound,unmute,en,,,,
would you mind to join the bedroom,joinSpeaker,en,,,,
må jeg bede dig om at gruppere med stuen,joinSpeaker,da,,,,
ja det er fint,confirm,da,,,,
show my presets now,listFavorites,en,,,,
now go ahead and pause the music,pause,en,,,,
leave the others now,leaveSpeaker,en,,,,
please play something,playDefault,en,,,,
cancel that real quick,cancel,en,,,,
increase the volume,volumeUp,en,,,,
go ahead and restore the sound,unmute,en,,,,
real quick go ahead and stop,stop,en,,,,
med det samme vær så venlig at fortsætte musikken,resume,da,,,,
right now turn it down by 30,volumeDown,en,,30,,
med det samme pause,pause,da,,,,
med det samme tag tråden op igen,resume,da,,,,
pause det,pause,da,,,,
venligst fjern mig fra gruppen,leaveSpeaker,da,,,,
i need you to join the kitchen,joinSpeaker,en,,,,
sænk lydstyrken med tredive nu,volumeDown,da,,30,,
ville du venligst spille favorit otte,playFavoriteByNumber,da,,,8,
sæt afspilningen på pause med det samme,pause,da,,,,
could you turn it up,volumeUp,en,,,,
venligst send en besked til peter,unknown,da,,,,
now what stations are saved,listFavorites,en,,,,
right away volume down fifteen,volumeDown,en,,15,,
med det samme korrekt,confirm,da,,,,
send en besked til peter,unknown,da,,,,
now start something,playDefault,en,,,,
just read my favorites,listFavorites,en,,,,
læs hele listen op,listFavorites,da,,,,
sænk lydstyrken med 20,volumeDown,da,,20,,
real quick mute the audio,mute,en,,,,
stop lydløs,unmute,da,,,,
hurtigt sænk lydstyrken med fem,volumeDown,da,,5,,
spil favorit 3 tak,playFavoriteByNumber,da,,,3,
bare afbryd,cancel,da,,,,
i'd like you to unpause,resume,en,,,,
could you stop the music,stop,en,,,,
lavere med 5,volumeDown,da,,5,,
definitely right away,confirm,en,,,,
nul lyd,mute,da,,,,
quickly unpair,leaveSpeaker,en,,,,
go ahead and unmute,unmute,en,,,,
please turn it down,volumeDown,en,,,,
nu hvad har jeg på listen,listFavorites,da,,,,
yup now,confirm,en,,,,
would you put the volume at 65,setVolume,en,65,,,
nu afspil noget,playDefault,da,,,,
ville du venligst tilslutte entréen,joinSpeaker,da,,,,
spil favorit otte,playFavoriteByNumber,da,,,8,
volume up now,volumeUp,en,,,,
end the music,stop,en,,,,
kindly join the office,joinSpeaker,en,,,,
resume right now,resume,en,,,,
ville du venligst gøre det lavere,volumeDown,da,,,,
lige afbryd fra gruppen,leaveSpeaker,da,,,,
ville du venligst forbinde med kontoret,joinSpeaker,da,,,,
right now turn off the audio,stop,en,,,,
just volume down ten,volumeDown,en,,10,,
jeg vil gerne have at du sætte lydstyrken til 5,setVolume,da,5,,,
i would like you to change the volume to 60,setVolume,en,60,,,
could you put on a song,playDefault,en,,,,
could you please set volume to 45,setVolume,en,45,,,
med det samme selvfølgelig,confirm,da,,,,
put on music,playDefault,en,,,,
det er forkert hurtigt,cancel,da,,,,
now wait a moment,pause,en,,,,
favorit 2,playFavoriteByNumber,da,,,2,
kan du venligst ændre lydstyrken til 80,setVolume,da,80,,,
vil du ændre lydstyrken til femten,setVolume,da,15,,,
go ahead and join the kitchen,joinSpeaker,en,,,,
lavere med det samme,volumeDown,da,,,,
vil du hæve lydstyrken,volumeUp,da,,,,
med det samme jeg vil høre noget igen,unmute,da,,,,
louder by ten right away,volumeUp,en,,10,,
forlad de andre nu,leaveSpeaker,da,,,,
lige start afspilningen,playDefault,da,,,,
frakobl højttaleren,leaveSpeaker,da,,,,
link with the kitchen,joinSpeaker,en,,,,
go ahead and group with the garden,joinSpeaker,en,,,,
nix,cancel,da,,,,
vær venlig at ændre lydstyrken til 75,setVolume,da,75,,,
go ahead and end the music now,stop,en,,,,
kan du venligst sænke lydstyrken,volumeDown,da,,,,
bare vis mig favoritlisten,listFavorites,da,,,,
med det samme hvilke favoritter har jeg,listFavorites,da,,,,
kan du afspille favorit nummer otte,playFavoriteByNumber,da,,,8,
can you join the office,joinSpeaker,en,,,,
vær så venlig at tilslutte kontoret,joinSpeaker,da,,,,
vil du venligst ophæve dæmpningen,unmute,da,,,,
let's hear Genstart,playNamed,en,,,,Genstart
turn it down by ten,volumeDown,en,,10,,
can you keep playing,resume,en,,,,
quickly stop that,cancel,en,,,,
start something real quick,playDefault,en,,,,
jeg vil bede dig om at sætte Jazz FM på,playNamed,da,,,,
right now never mind,cancel,en,,,,
please play Bob Dylan,playNamed,en,,,,Bob Dylan
right away stop the mute,unmute,en,,,,
now play anything,playDefault,en,,,,
that's not right,cancel,en,,,,
could you please leave the group,leaveSpeaker,en,,,,
just turn it down,volumeDown,en,,,,
må jeg bede dig om at stoppe,stop,da,,,,
oversæt hej til fransk nu,unknown,da,,,,
i want you to freeze the music,pause,en,,,,
venligst frakobl gruppen,leaveSpeaker,da,,,,
vil du venligst sætte på pause,pause,da,,,,
lige start noget,playDefault,da,,,,
jeg vil bede dig om at sætte classical på,playNamed,da,,,,
stop that right away,cancel,en,,,,
volume down 5 now,volumeDown,en,,5,,
må jeg bede dig om at skrue op,volumeUp,da,,,,
right away louder by twenty,volumeUp,en,,20,,
sæt study music på,playNamed,da,,,,study music
pause the track right now,pause,en,,,,
nej lad være,cancel,da,,,,
quickly go ahead and freeze the music,pause,en,,,,
i need you to play P8 Jazz,playNamed,en,,,,P8 Jazz
don't do that,cancel,en,,,,
could you please set volume to 1,setVolume,en,1,,,
i need you to put on a song,playDefault,en,,,,
turn off the speaker right now,stop,en,,,,
right now what's in my favorites,listFavorites,en,,,,
nu tænd for lyden,unmute,da,,,,
i'd like you to play favorite two,playFavoriteByNumber,en,,,2,
raise the volume by 15 now,volumeUp,en,,15,,
næ,cancel,da,,,,
hvad står der på min favoritliste med det samme,listFavorites,da,,,,
now go ahead and unmute,unmute,en,,,,
må jeg bede dig om at ændre lydstyrken til femten,setVolume,da,15,,,
vær venlig at indstille lydstyrken til tyve,setVolume,da,20,,,
could you kindly put the volume at zero,setVolume,en,0,,,
jeg vil bede dig om at spille favorit fire,playFavoriteByNumber,da,,,4,
just go ahead and mute,mute,en,,,,
gør lyden højere,volumeUp,da,,,,
vær så venlig at ændre lydstyrken til fem,setVolume,da,5,,,
turn on the lights,unknown,en,,,,
would you group with the office,joinSpeaker,en,,,,
sæt lidt musik på hurtigt,playDefault,da,,,,
hurtigt afsynkroniser højttaleren,leaveSpeaker,da,,,,
nu sluk for lyden,mute,da,,,,
vil du ophæve dæmpningen,unmute,da,,,,
ville du spille The Beatles,playNamed,da,,,,
i'd like you to pause,pause,en,,,,
now more music,resume,en,,,,
lige hvad er klokken,unknown,da,,,,
quieter by 5 real quick,volumeDown,en,,5,,
start the Volbeat,playNamed,en,,,,Volbeat
quickly list the favorites,listFavorites,en,,,,
ville du fortsætte,resume,da,,,,
skru ned med femten med det samme,volumeDown,da,,15,,
now tell me my favorites,listFavorites,en,,,,
can you please change the volume to five,setVolume,en,5,,,
play my favorite 5,playFavoriteByNumber,en,,,5,
vær venlig at sætte musik på,playDefault,da,,,,
vil du venligst læse mine favoritter op,listFavorites,da,,,,
venligst giv mig noget musik,playDefault,da,,,,
kunne du sætte lydstyrken til 100,setVolume,da,100,,,
would you please put on some music,playDefault,en,,,,
vær så venlig at sætte musik på,playDefault,da,,,,
lige helt enig,confirm,da,,,,
det er nok,stop,da,,,,
play only here,leaveSpeaker,en,,,,
bare list favoritter,listFavorites,da,,,,
venligst lavere med tredive,volumeDown,da,,30,,
kan du venligst spille Pop FM,playNamed,da,,,,
right away increase volume by 25,volumeUp,en,,25,,
no please don't,cancel,en,,,,
right away turn it up by twenty,volumeUp,en,,20,,
hæv lydstyrken med 20,volumeUp,da,,20,,
now list the favorites,listFavorites,en,,,,
play preset five,playFavoriteByNumber,en,,,5,
music please,playDefault,en,,,,
bare find en restaurant i nærheden,unknown,da,,,,
nu skru op med 30,volumeUp,da,,30,,
real quick turn it up,volumeUp,en,,,,
bare dæmp helt,mute,da,,,,
hæv lydstyrken,volumeUp,da,,,,
real quick let's not,cancel,en,,,,
hurtigt vær så venlig at fjerne dæmpningen,unmute,da,,,,
lyd igen nu,unmute,da,,,,
just halt playback,pause,en,,,,
kill the audio now,mute,en,,,,
jeg vil bede dig om at indstille lydstyrken til 85,setVolume,da,85,,,
go ahead and pause,pause,en,,,,
play just here,leaveSpeaker,en,,,,
vær så venlig at fjerne dæmpningen,unmute,da,,,,
skru ned 15 hurtigt,volumeDown,da,,15,,
nu hæv lydstyrken med fem,volumeUp,da,,5,,
now carry on,resume,en,,,,
ville du venligst sætte klassisk musik på,playNamed,da,,,,
bestemt med det samme,confirm,da,,,,
hurtigt sluk for det,stop,da,,,,
ville du venligst ophæve grupperingen,leaveSpeaker,da,,,,
play favorite six,playFavoriteByNumber,en,,,6,
right now not anymore,cancel,en,,,,
må jeg bede dig om at afspille Lukas Graham,playNamed,da,,,,
real quick less volume,volumeDown,en,,,,
just play something,playDefault,en,,,,
vær så venlig at skrue ned med det samme,volumeDown,da,,,,
just cut audio,mute,en,,,,
må jeg bede dig om at afslutte musikken,stop,da,,,,
give me the workout mix,playNamed,en,,,,workout mix
nu slå på lydløs,mute,da,,,,
volume five,setVolume,en,5,,,
vær venlig at gruppere med haven,joinSpeaker,da,,,,
can you play number two,playFavoriteByNumber,en,,,2,
right away show favorites,listFavorites,en,,,,
real quick what favorites do i have,listFavorites,en,,,,
hæv lydstyrken med 10 hurtigt,volumeUp,da,,10,,
quickly fire up some music,playDefault,en,,,,
play what i was listening to real quick,playDefault,en,,,,
right away carry on,resume,en,,,,
carry on playing right now,resume,en,,,,
bare frakobl fra gruppen,leaveSpeaker,da,,,,
tilbage til lyd,unmute,da,,,,
skip that now,cancel,en,,,,
ungroup this speaker right now,leaveSpeaker,en,,,,
hæv lydstyrken med 25 med det samme,volumeUp,da,,25,,
lige fortsæt hvor du slap,resume,da,,,,
now abort it,cancel,en,,,,
go ahead and group with the upstairs speaker,joinSpeaker,en,,,,
i would like you to play Lukas Graham,playNamed,en,,,,Lukas Graham
vil du sætte lydstyrken til 85,setVolume,da,85,,,
negative,cancel,en,,,,
quickly i'd like some music,playDefault,en,,,,
afspil favorit nummer tre,playFavoriteByNumber,da,,,3,
hvem har lavet dig med det samme,unknown,da,,,,
just what favourites do i have,listFavorites,en,,,,
right away resume,resume,en,,,,
just stop it,stop,en,,,,
kunne du holde pause,pause,da,,,,
join with the hallway,joinSpeaker,en,,,,
spil mere nu,resume,da,,,,
stop right now,stop,en,,,,
would you play music,playDefault,en,,,,
i'd like you to put on some music,playDefault,en,,,,
bare vær så venlig at adskille højttaleren,leaveSpeaker,da,,,,
lower the volume by 30,volumeDown,en,,30,,
ville du venligst afspille favorit nummer et,playFavoriteByNumber,da,,,1,
lige lad musikken køre videre,resume,da,,,,
would you mind to play rolig musik,playNamed,en,,,,rolig musik
kunne du venligst sætte musik på,playDefault,da,,,,
lad det spille videre nu,resume,da,,,,
stop den handling nu,cancel,da,,,,
play something right away,playDefault,en,,,,
start playback,playDefault,en,,,,
nu ja sikkert,confirm,da,,,,
med det samme spil for dig selv,leaveSpeaker,da,,,,
show favorites,listFavorites,en,,,,
right away pick a random number,unknown,en,,,,
ville du venligst sætte på lydløs,mute,da,,,,
just what's two plus two,unknown,en,,,,
set the volume to 1,setVolume,en,1,,,
go alone now,leaveSpeaker,en,,,,
fjern mute nu,unmute,da,,,,
giv mig en pause hurtigt,pause,da,,,,
med det samme sluk for lydløs,unmute,da,,,,
i'd like you to stop playing right now,stop,en,,,,
må jeg bede dig om at fjerne lydløs,unmute,da,,,,
i'd like you to pause it,pause,en,,,,
remove me from the group right now,leaveSpeaker,en,,,,
i would like you to join the kitchen,joinSpeaker,en,,,,
right now that's enough,stop,en,,,,
would you play something,playDefault,en,,,,
lige list mine favoritter,listFavorites,da,,,,
could you please put on a song,playDefault,en,,,,
real quick show me my favorites,listFavorites,en,,,,
vær så venlig at spille favorit 2,playFavoriteByNumber,da,,,2,
right away turn it up by 10,volumeUp,en,,10,,
godnat hurtigt,unknown,da,,,,
sæt en sang på,playDefault,da,,,,
turn the audio back on right away,unmute,en,,,,
jeg vil bede dig om at ændre lydstyrken til 45,setVolume,da,45,,,
hurtigt spil det sædvanlige,playDefault,da,,,,
lige spil,playDefault,da,,,,
med det samme fjern lyden,mute,da,,,,
would you mind to kill the music,stop,en,,,,
jeg vil bede dig om at sætte musik på,playDefault,da,,,,
increase volume by 25,volumeUp,en,,25,,
ville du tilslutte haven,joinSpeaker,da,,,,
just do that,confirm,en,,,,
venligst pause den,pause,da,,,,
vil du venligst fortsætte musikken,resume,da,,,,
would you please join the patio,joinSpeaker,en,,,,
set the level to fifty,setVolume,en,50,,,
can you play number 9,playFavoriteByNumber,en,,,9,
right away sound off,mute,en,,,,
jeg vil gerne have at du spille favorit 9,playFavoriteByNumber,da,,,9,
synkroniser med køkkenet,joinSpeaker,da,,,,
kunne du gøre det lavere,volumeDown,da,,,,
må jeg bede dig om at spille favorit tre,playFavoriteByNumber,da,,,3,
vær venlig at gruppere med soveværelset,joinSpeaker,da,,,,
kan du venligst forbinde med badeværelset,joinSpeaker,da,,,,
take this speaker out of the group,leaveSpeaker,en,,,,
right now absolutely yes,confirm,en,,,,
ville du venligst spille favorit 2,playFavoriteByNumber,da,,,2,
real quick let's pause,pause,en,,,,
begin the music now,playDefault,en,,,,
just what's the weather like,unknown,en,,,,
start the music now,playDefault,en,,,,
just resume my music,playDefault,en,,,,
hurtigt perfekt,confirm,da,,,,
forget it,cancel,en,,,,
lige faktisk glem det,cancel,da,,,,
could you please join the dining room,joinSpeaker,en,,,,
hæv lydstyrken med fem med det samme,volumeUp,da,,5,,
kindly put on BBC Radio 4,playNamed,en,,,,BBC Radio 4
med det samme få det til at stoppe,stop,da,,,,
kindly unpause,resume,en,,,,
skru ned med 20 med det samme,volumeDown,da,,20,,
gør det højere hurtigt,volumeUp,da,,,,
would you end the music,stop,en,,,,
could you kindly tell me my favorites,listFavorites,en,,,,
kunne du venligst sætte klassisk musik på,playNamed,da,,,,
spil favorit otte tak,playFavoriteByNumber,da,,,8,
i want you to silence it,mute,en,,,,
can you please play favorite 6,playFavoriteByNumber,en,,,6,
vær så venlig at sætte lydstyrken til femten,setVolume,da,15,,,
unsync,leaveSpeaker,en,,,,
bare ja gerne,confirm,da,,,,
quickly quieter by 15,volumeDown,en,,15,,
nu hvordan klarede fck sig,unknown,da,,,,
i want you to play number 4,playFavoriteByNumber,en,,,4,
vær venlig at spille favorit 1,playFavoriteByNumber,da,,,1,
i would like you to unmute,unmute,en,,,,
vær venlig at hæve lydstyrken,volumeUp,da,,,,
can you change the volume to 45,setVolume,en,45,,,
sænk lydstyrken med femogtyve nu,volumeDown,da,,25,,
kindly play number nine,playFavoriteByNumber,en,,,9,
real quick i'd like you to resume,resume,en,,,,
venligst vær så venlig at holde op,stop,da,,,,
i need you to join the living room,joinSpeaker,en,,,,
quickly i'd like you to resume,resume,en,,,,
i want to hear the klassisk,playNamed,en,,,,klassisk
right away navigate home,unknown,en,,,,
kunne du ændre lydstyrken til tredive,setVolume,da,30,,,
hvad skal jeg lave i dag,unknown,da,,,,
volume up thirty,volumeUp,en,,30,,
i want you to change the volume to forty,setVolume,en,40,,,
abort the action right now,cancel,en,,,,
can you please group with the patio,joinSpeaker,en,,,,
hæv lydstyrken med 5,volumeUp,da,,5,,
slå lyden fra nu,mute,da,,,,
absolut,confirm,da,,,,
skru ned med femogtyve,volumeDown,da,,25,,
can you please put on some music,playDefault,en,,,,
venligst lidt lavere,volumeDown,da,,,,
okay,confirm,both,,,,
mute the speaker,mute,en,,,,
now turn off the music,stop,en,,,,
bare negativ,cancel,da,,,,
lige sæt den på pause,pause,da,,,,
just definitely,confirm,en,,,,
kan du venligst gøre det lavere,volumeDown,da,,,,
could you kindly play number four,playFavoriteByNumber,en,,,4,
real quick i need you to unmute,unmute,en,,,,
venligst nej lad være,cancel,da,,,,
nu glem det,cancel,da,,,,
ville du gruppere med badeværelset,joinSpeaker,da,,,,
kunne du venligst afspille favorit nummer 9,playFavoriteByNumber,da,,,9,
ville du holde pause,pause,da,,,,
right now i want you to mute,mute,en,,,,
right away i need you to mute,mute,en,,,,
real quick remove this speaker,leaveSpeaker,en,,,,
kunne du tilslutte soveværelset,joinSpeaker,da,,,,
favorites list real quick,listFavorites,en,,,,
vil du ændre lydstyrken til 75,setVolume,da,75,,,
quickly i want it off,stop,en,,,,
lydløs,mute,da,,,,
kan du venligst adskille højttaleren,leaveSpeaker,da,,,,
bare unmute,unmute,da,,,,
lidt musik tak nu,playDefault,da,,,,
hurtigt hvad er gemt som favoritter,listFavorites,da,,,,
silent mode right now,mute,en,,,,
afsynkroniser højttaleren med det samme,leaveSpeaker,da,,,,
would you please group with the bathroom,joinSpeaker,en,,,,
ikke nu,cancel,da,,,,
would you please separate this speaker,leaveSpeaker,en,,,,
lige sluk musikken,stop,da,,,,
how do you spell necessary real quick,unknown,en,,,,
nu stands sangen,stop,da,,,,
planlæg et møde i morgen,unknown,da,,,,
would you please hold the music,pause,en,,,,
not this time,cancel,en,,,,
dæmp helt,mute,da,,,,
real quick silence the speaker,mute,en,,,,
can you please play number 3,playFavoriteByNumber,en,,,3,
afslut musikken hurtigt,stop,da,,,,
med det samme afbryd forbindelsen,leaveSpeaker,da,,,,
now freeze the music,pause,en,,,,
right now go ahead and continue,resume,en,,,,
lyd tilbage,unmute,da,,,,
i need you to disconnect now,leaveSpeaker,en,,,,
add the upstairs speaker to the group,joinSpeaker,en,,,,
stop helt,stop,da,,,,
skip it,cancel,en,,,,
pause the music now,pause,en,,,,
kan du venligst ophæve dæmpningen,unmute,da,,,,
sænk lydstyrken med 25,volumeDown,da,,25,,
kan du ændre lydstyrken til ti,setVolume,da,10,,,
exit silent mode real quick,unmute,en,,,,
jeg vil pause,pause,da,,,,
could you set volume to sixty,setVolume,en,60,,,
i want you to mute now,mute,en,,,,
i need you to mute,mute,en,,,,
break the music right now,pause,en,,,,
vær så venlig at spille noget med det samme,playDefault,da,,,,
now yup,confirm,en,,,,
ville du afspille favorit nummer 1,playFavoriteByNumber,da,,,1,
med det samme afslut musikken,stop,da,,,,
ja,confirm,da,,,,
kindly play classical,playNamed,en,,,,classical
louder by twenty right away,volumeUp,en,,20,,
ville du venligst adskille højttaleren,leaveSpeaker,da,,,,
i'd like you to play Nova FM,playNamed,en,,,,Nova FM
start P6,playNamed,en,,,,P6
start favorit 5,playFavoriteByNumber,da,,,5,
dæmp lyden,mute,da,,,,
could you ungroup,leaveSpeaker,en,,,,
quickly go ahead and stop the music,stop,en,,,,
hurtigt tænd for højttaleren,unmute,da,,,,
louder by 30 now,volumeUp,en,,30,,
quickly that is right,confirm,en,,,,
kan du venligst pause,pause,da,,,,
ingen lyd,mute,da,,,,
quickly no don't,cancel,en,,,,
i would like you to pause the music,pause,en,,,,
could you play favorite eight,playFavoriteByNumber,en,,,8,
ville du venligst forbinde med stuen,joinSpeaker,da,,,,
jeg vil bede dig om at ophæve pausen,resume,da,,,,
just i need you to play music,playDefault,en,,,,
play the The Voice,playNamed,en,,,,The Voice
pause the audio,pause,en,,,,
tilbage til lyd med det samme,unmute,da,,,,
afspil noget nu,playDefault,da,,,,
quickly go ahead and end the music,stop,en,,,,
bare sænk lydstyrken med femten,volumeDown,da,,15,,
would you mind to pause,pause,en,,,,
fint ja nu,confirm,da,,,,
play right now,playDefault,en,,,,
hvad har jeg gemt,listFavorites,da,,,,
now exactly,confirm,en,,,,
lige spil solo,leaveSpeaker,da,,,,
vær venlig at ændre lydstyrken til femten,setVolume,da,15,,,
vil du gøre det højere,volumeUp,da,,,,
bare hjælp mig med min lektie,unknown,da,,,,
make me laugh,unknown,en,,,,
bare stop det,stop,da,,,,
lock the door,unknown,en,,,,
kan du holde op,stop,da,,,,
vær venlig at skrue op for lyden,volumeUp,da,,,,
which favorites are there,listFavorites,en,,,,
real quick volume up 15,volumeUp,en,,15,,
ville du venligst ændre lydstyrken til 40,setVolume,da,40,,,
hurtigt skru op,volumeUp,da,,,,
real quick resume the song,resume,en,,,,
go ahead and join the living room,joinSpeaker,en,,,,
bare nævn mine favoritter,listFavorites,da,,,,
kindly put the volume at zero,setVolume,en,0,,,
would you mind to play favorite ten,playFavoriteByNumber,en,,,10,
alright real quick,confirm,en,,,,
can you unmute,unmute,en,,,,
lyder rigtigt nu,confirm,da,,,,
hurtigt vær tavs,mute,da,,,,
jeg vil gerne have at du gruppere med badeværelset,joinSpeaker,da,,,,
ville du venligst tænde lyden igen,unmute,da,,,,
vil du sætte lydstyrken til firs,setVolume,da,80,,,
turn it down by twenty,volumeDown,en,,20,,
would you please put on Classic FM,playNamed,en,,,,Classic FM
sure thing right now,confirm,en,,,,
lige spil skak,unknown,da,,,,
could you kindly stop playing,stop,en,,,,
i would like you to play music,playDefault,en,,,,
sæt P6 på,playNamed,da,,,,P6
real quick i changed my mind,cancel,en,,,,
venligst start lidt musik,playDefault,da,,,,
mindre lydstyrke,volumeDown,da,,,,
bare vær så venlig at forlade gruppen,leaveSpeaker,da,,,,
just go on,resume,en,,,,
would you please pause,pause,en,,,,
leave the others,leaveSpeaker,en,,,,
right now that's correct,confirm,en,,,,
hold playback,pause,en,,,,
jeg vil have musikken tilbage med det samme,resume,da,,,,
lige skru ned 30,volumeDown,da,,30,,
can you please silence it,mute,en,,,,
right now i need you to unmute,unmute,en,,,,
right now all right then,confirm,en,,,,
right now sound on,unmute,en,,,,
now play a game,unknown,en,,,,
jow,confirm,da,,,,
med det samme start igen,resume,da,,,,
louder by five now,volumeUp,en,,5,,
jeg vil gerne have at du tilslutte haven,joinSpeaker,da,,,,
go ahead and group with the bathroom,joinSpeaker,en,,,,
lige annuller,cancel,da,,,,
let's play chess,unknown,en,,,,
kunne du venligst læse mine favoritter op,listFavorites,da,,,,
sluk for al lyd hurtigt,mute,da,,,,
i want to listen to music right now,playDefault,en,,,,
would you please stop,stop,en,,,,
can you please start playing,playDefault,en,,,,
go ahead and kill the sound,mute,en,,,,
add the hallway to the group,joinSpeaker,en,,,,
vil du venligst afspille Coldplay,playNamed,da,,,,
nok nu,stop,da,,,,
har du en god opskrift på pasta,unknown,da,,,,
turn up the volume real quick,volumeUp,en,,,,
lad os høre musik nu,playDefault,da,,,,
lige ophæv gruppen,leaveSpeaker,da,,,,
could you kindly play favorite six,playFavoriteByNumber,en,,,6,
quickly i'd like you to ungroup,leaveSpeaker,en,,,,
now read me the headlines,unknown,en,,,,
freeze the music,pause,en,,,,
begin playing right away,playDefault,en,,,,
vær venlig at afspille favorit nummer ti,playFavoriteByNumber,da,,,10,
ville du afspille Daft Punk,playNamed,da,,,,
right now cease the music,stop,en,,,,
kunne du spille noget,playDefault,da,,,,
right now enough music,stop,en,,,,
vil du sætte lydstyrken til 75,setVolume,da,75,,,
right now play anything,playDefault,en,,,,
lige kast plat eller krone,unknown,da,,,,
vil du venligst ændre lydstyrken til firs,setVolume,da,80,,,
keep the music going right now,resume,en,,,,
stop that,stop,en,,,,
nu vær så venlig at spille videre,resume,da,,,,
what stations do i have now,listFavorites,en,,,,
må jeg bede dig om at afspille favorit nummer et,playFavoriteByNumber,da,,,1,
forbind med badeværelset,joinSpeaker,da,,,,
show me the favorites real quick,listFavorites,en,,,,
favorit 8,playFavoriteByNumber,da,,,8,
quickly play it again,resume,en,,,,
i need you to unmute right now,unmute,en,,,,
ville du indstille lydstyrken til 35,setVolume,da,35,,,
would you please group with the living room,joinSpeaker,en,,,,
would you stop the music,stop,en,,,,
vil du tilslutte soveværelset,joinSpeaker,da,,,,
i need you to pause it now,pause,en,,,,
would you mind to unmute,unmute,en,,,,
remove mute,unmute,en,,,,
i want you to join the dining room,joinSpeaker,en,,,,
could you lower the volume,volumeDown,en,,,,
vil du venligst liste mine favoritter,listFavorites,da,,,,
right now louder by fifteen,volumeUp,en,,15,,
real quick what's the capital of france,unknown,en,,,,
i would like you to set volume to 99,setVolume,en,99,,,
would you please join the dining room,joinSpeaker,en,,,,
right away i would like you to unmute,unmute,en,,,,
go ahead and stop the music right now,stop,en,,,,
spil solo,leaveSpeaker,da,,,,
just louder by twenty-five,volumeUp,en,,25,,
now mute this,mute,en,,,,
can you kill the music,stop,en,,,,
unmute everything,unmute,en,,,,
i want you to unpause now,resume,en,,,,
venligst fortæl mig en sjov kendsgerning,unknown,da,,,,
would you mind to play favorite 9,playFavoriteByNumber,en,,,9,
would you please mute,mute,en,,,,
kan du ændre lydstyrken til 65,setVolume,da,65,,,
quickly put on some tunes,playDefault,en,,,,
kunne du afspille favorit nummer et,playFavoriteByNumber,da,,,1,
could you play number one,playFavoriteByNumber,en,,,1,
right away turn on the sound,unmute,en,,,,
can you please play Adele,playNamed,en,,,,Adele
unpair this speaker,leaveSpeaker,en,,,,
må jeg bede dig om at ændre lydstyrken til 90,setVolume,da,90,,,
start afslapningsmusik,playNamed,en,,,,afslapningsmusik
venligst mute,mute,da,,,,
må jeg bede dig om at spille favorit 8,playFavoriteByNumber,da,,,8,
vil du fjerne dæmpningen,unmute,da,,,,
venligst vær så venlig at fjerne lydløs,unmute,da,,,,
could you please join the office,joinSpeaker,en,,,,
det er rigtigt,confirm,da,,,,
just i want you to play music,playDefault,en,,,,
volume at fifty,setVolume,en,50,,,
vær venlig at spille Radio 24syv,playNamed,da,,,,
volume down twenty-five right away,volumeDown,en,,25,,
kindly keep playing,resume,en,,,,
venligst fint nok,confirm,da,,,,
vil du læse mine favoritter op,listFavorites,da,,,,
just ok,confirm,en,,,,
play preset 7,playFavoriteByNumber,en,,,7,
pause the song,pause,en,,,,
vær venlig at ophæve grupperingen,leaveSpeaker,da,,,,
quieter by 5 right away,volumeDown,en,,5,,
vær så venlig at spille videre,resume,da,,,,
merge with the bedroom,joinSpeaker,en,,,,
kan du spille The Voice,playNamed,da,,,,
skru op med tredive med det samme,volumeUp,da,,30,,
venligst sænk lydstyrken med 15,volumeDown,da,,15,,
start lidt musik,playDefault,da,,,,
ville du slukke for lyden,mute,da,,,,
directions to the airport,unknown,en,,,,
right away which favorites are saved,listFavorites,en,,,,
jeg vil gerne have at du fjerne lydløs,unmute,da,,,,
would you mind to put on Lukas Graham,playNamed,en,,,,Lukas Graham
sound off,mute,en,,,,
ville du spille rock,playNamed,da,,,,
would you please increase the volume,volumeUp,en,,,,
lige vær så venlig at stoppe musikken,stop,da,,,,
make it stop,stop,en,,,,
venligst fortsæt musikken,resume,da,,,,
i need you to turn the sound back on,unmute,en,,,,
kan du afspille Lukas Graham,playNamed,da,,,,
i would like you to mute now,mute,en,,,,
right away actually no,cancel,en,,,,
quickly enough music,stop,en,,,,
vær så venlig at slukke for musikken,stop,da,,,,
vær venlig at sætte lydstyrken til 75,setVolume,da,75,,,
right away lower it,volumeDown,en,,,,
kan du venligst forbinde med stuen,joinSpeaker,da,,,,
quickly turn it down by 30,volumeDown,en,,30,,
please put on The Beatles,playNamed,en,,,,Beatles
group with the office,joinSpeaker,en,,,,
quieter by fifteen,volumeDown,en,,15,,
right away list favourites,listFavorites,en,,,,
frakobl hurtigt,leaveSpeaker,da,,,,
put on some tunes,playDefault,en,,,,
just louder by 20,volumeUp,en,,20,,
sæt på lydløs hurtigt,mute,da,,,,
negative now,cancel,en,,,,
real quick what's the temperature outside,unknown,en,,,,
venligst fortæl mig favoritlisten,listFavorites,da,,,,
gør det lavere hurtigt,volumeDown,da,,,,
nu frakobl højttaleren,leaveSpeaker,da,,,,
i would like you to resume,resume,en,,,,
frakobl nu,leaveSpeaker,da,,,,
could you kindly lower the volume,volumeDown,en,,,,
would you mind to play Daft Punk,playNamed,en,,,,Daft Punk
kan du venligst holde pause,pause,da,,,,
just disconnect from the group,leaveSpeaker,en,,,,
lige skru ned med ti,volumeDown,da,,10,,
decrease volume by 10,volumeDown,en,,10,,
må jeg bede dig om at afspille rolig musik,playNamed,da,,,,
indeed right away,confirm,en,,,,
med det samme jeg vil gerne høre musik,playDefault,da,,,,
kan du dæmpe lyden,mute,da,,,,
frakobl fra gruppen,leaveSpeaker,da,,,,
what should i eat for dinner,unknown,en,,,,
nu åbn garageporten,unknown,da,,,,
ungroup the speakers,leaveSpeaker,en,,,,
må jeg bede dig om at forbinde med køkkenet,joinSpeaker,da,,,,
decrease volume by 5 right now,volumeDown,en,,5,,
kunne du venligst ændre lydstyrken til 35,setVolume,da,35,,,
could you please play number 5,playFavoriteByNumber,en,,,5,
bare vær så venlig at holde op,stop,da,,,,
nu nej det vil jeg ikke,cancel,da,,,,
hurtigt giv mig en pause,pause,da,,,,
right now what presets do i have,listFavorites,en,,,,
skru op,volumeUp,da,,,,
lige hæv lydstyrken med tredive,volumeUp,da,,30,,
venligst lad være med det,cancel,da,,,,
lige vær så venlig at starte musikken,playDefault,da,,,,
nu lavere med femogtyve,volumeDown,da,,25,,
be quiet,mute,en,,,,
let's hear the klassisk,playNamed,en,,,,klassisk
now play music,playDefault,en,,,,
sluk nu,stop,da,,,,
go ahead right away,confirm,en,,,,
now show my favourites,listFavorites,en,,,,
venligst bekræft,confirm,da,,,,
play favorite 8,playFavoriteByNumber,en,,,8,
kindly change the volume to ninety,setVolume,en,90,,,
resume from where it stopped,resume,en,,,,
go ahead and play favorite four,playFavoriteByNumber,en,,,4,
spil alene,leaveSpeaker,da,,,,
klart ja,confirm,da,,,,
kunne du venligst gruppere med haven,joinSpeaker,da,,,,
tag højttaleren ud af gruppen med det samme,leaveSpeaker,da,,,,
just turn it off,stop,en,,,,
quickly i want to listen to music,playDefault,en,,,,
definitely yes right away,confirm,en,,,,
vær så venlig at gruppere med stuen,joinSpeaker,da,,,,
hurtigt ikke mere musik,stop,da,,,,
hurtigt fortsæt med at spille,resume,da,,,,
don't do it,cancel,en,,,,
turn on the lights right away,unknown,en,,,,
play favourite number two,playFavoriteByNumber,en,,,2,
bare okay,confirm,da,,,,
join the group with the basement,joinSpeaker,en,,,,
can you join the upstairs speaker,joinSpeaker,en,,,,
quickly i'd like you to start playing,playDefault,en,,,,
unpause the music real quick,resume,en,,,,
vær venlig at afspille Adele,playNamed,da,,,,
hurtigt fortsæt med musikken,resume,da,,,,
that's right right away,confirm,en,,,,
ville du tilslutte ovenpå,joinSpeaker,da,,,,
lad os tage en pause nu,pause,da,,,,
real quick break the music,pause,en,,,,
can you play morning playlist,playNamed,en,,,,morning playlist
can you please join the kitchen,joinSpeaker,en,,,,
link to the bedroom,joinSpeaker,en,,,,
nu skru op 5,volumeUp,da,,5,,
just stop right there,stop,en,,,,
hurtigt klart,confirm,da,,,,
quickly go ahead and start playing,playDefault,en,,,,
can you please change the volume to 5,setVolume,en,5,,,
må jeg bede dig om at spille favorit 6,playFavoriteByNumber,da,,,6,
stop it right now,stop,en,,,,
quickly separate,leaveSpeaker,en,,,,
vær så venlig at holde op,stop,da,,,,
mindre lyd,volumeDown,da,,,,
hurtigt list mine stationer,listFavorites,da,,,,
i'd like you to play favorite four,playFavoriteByNumber,en,,,4,
just mute the speaker,mute,en,,,,
vær venlig at gruppere med stuen,joinSpeaker,da,,,,
i want to pause right away,pause,en,,,,
how do you say thank you in spanish,unknown,en,,,,
venligst lidt mere stille,volumeDown,da,,,,
what's the news now,unknown,en,,,,
i'd like you to play something,playDefault,en,,,,
vil du venligst spille Coldplay,playNamed,da,,,,
forget that,cancel,en,,,,
would you mind to start playing,playDefault,en,,,,
højere med fem,volumeUp,da,,5,,
real quick unmute the speaker,unmute,en,,,,
continue,resume,en,,,,
right now separate from the others,leaveSpeaker,en,,,,
real quick volume up thirty,volumeUp,en,,30,,
quickly stop sharing,leaveSpeaker,en,,,,
join the group with the garden,joinSpeaker,en,,,,
kunne du skrue op,volumeUp,da,,,,
vær så venlig at frakoble,leaveSpeaker,da,,,,
fjern fra gruppen nu,leaveSpeaker,da,,,,
vær venlig at gruppere med køkkenet,joinSpeaker,da,,,,
would you mind to lower the volume,volumeDown,en,,,,
just drop the sound,mute,en,,,,
could you please start playing,playDefault,en,,,,
quickly pause the song,pause,en,,,,
right now softer,volumeDown,en,,,,
real quick what's on my calendar,unknown,en,,,,
sounds right now,confirm,en,,,,
vær så venlig at mute nu,mute,da,,,,
volume down five right now,volumeDown,en,,5,,
could you please play favorite 2,playFavoriteByNumber,en,,,2,
jeg vil bede dig om at slå lyden fra,mute,da,,,,
nu gør lyden lavere,volumeDown,da,,,,
set an alarm for seven am,unknown,en,,,,
let's do it,confirm,en,,,,
genoptag musikken med det samme,resume,da,,,,
go ahead and hold the music,pause,en,,,,
unmute it,unmute,en,,,,
kunne du frakoble,leaveSpeaker,da,,,,
ville du ændre lydstyrken til 5,setVolume,da,5,,,
lift the mute right away,unmute,en,,,,
vil du venligst afslutte musikken,stop,da,,,,
turn it down by 15 now,volumeDown,en,,15,,
afspil favorit 7,playFavoriteByNumber,da,,,7,
kunne du læse mine favoritter op,listFavorites,da,,,,
disconnect from group now,leaveSpeaker,en,,,,
right away go ahead and list my favorites,listFavorites,en,,,,
lige favoritlisten,listFavorites,da,,,,
go ahead and kill the sound right now,mute,en,,,,
restore sound right now,unmute,en,,,,
sluk for lyden,mute,da,,,,
pause everything right away,pause,en,,,,
i would like you to play favorite four,playFavoriteByNumber,en,,,4,
go ahead and resume,resume,en,,,,
kan du ændre lydstyrken til femogtyve,setVolume,da,25,,,
now i want sound back,unmute,en,,,,
just don't,cancel,en,,,,
i would like you to leave the group,leaveSpeaker,en,,,,
real quick alright,confirm,en,,,,
quickly leave group,leaveSpeaker,en,,,,
back to playing right away,resume,en,,,,
lad os spille et spil,unknown,da,,,,
could you kindly kill the sound,mute,en,,,,
adskil fra gruppen,leaveSpeaker,da,,,,
tell me my favorites now,listFavorites,en,,,,
vær venlig at afspille favorit nummer 7,playFavoriteByNumber,da,,,7,
vær så venlig at ændre lydstyrken til 55,setVolume,da,55,,,
skru ned 25 hurtigt,volumeDown,da,,25,,
please play number 3,playFavoriteByNumber,en,,,3,
lige lavere med 30,volumeDown,da,,30,,
cancel real quick,cancel,en,,,,
i would like you to put the volume at 25,setVolume,en,25,,,
jeg vil gerne have at du holde op,stop,da,,,,
can you please freeze the music,pause,en,,,,
start favorit ti,playFavoriteByNumber,da,,,10,
ville du tilslutte køkkenet,joinSpeaker,da,,,,
quickly i want it back on,resume,en,,,,
stop this real quick,stop,en,,,,
right now more sound,volumeUp,en,,,,
go ahead and play something right now,playDefault,en,,,,
what time is it real quick,unknown,en,,,,
sæt Pop FM,playNamed,da,,,,Pop FM
play favorite ten,playFavoriteByNumber,en,,,10,
træk tilbage,cancel,da,,,,
would you please change the volume to 99,setVolume,en,99,,,
skru ned for musikken,volumeDown,da,,,,
i want you to unpause,resume,en,,,,
i would like you to continue,resume,en,,,,
can you please turn off the music,stop,en,,,,
ville du tilslutte terrassen,joinSpeaker,da,,,,
må jeg bede dig om at spille Classic FM,playNamed,da,,,,
right now explain quantum physics,unknown,en,,,,
right now show favorites,listFavorites,en,,,,
unsync this right away,leaveSpeaker,en,,,,
now what are my favourites,listFavorites,en,,,,
go on playing now,resume,en,,,,
genoptag musikken,resume,da,,,,
lige hæv lydstyrken med 20,volumeUp,da,,20,,
vær så venlig at stoppe musikken,stop,da,,,,
spil Miles Davis for mig,playNamed,da,,,,Miles Davis for mig
med det samme skru ned for musikken,volumeDown,da,,,,
would you read out my favorites,listFavorites,en,,,,
i'd like you to continue,resume,en,,,,
forlad,leaveSpeaker,da,,,,
læs hele listen op med det samme,listFavorites,da,,,,
kan du venligst tilslutte entréen,joinSpeaker,da,,,,
i need you to resume the music,resume,en,,,,
quickly of course,confirm,en,,,,
real quick yeah sure,confirm,en,,,,
kan du fortsætte,resume,da,,,,
lige er du en robot,unknown,da,,,,
cancel,cancel,en,,,,
kunne du ændre lydstyrken til 1,setVolume,da,1,,,
start noget,playDefault,da,,,,
jeg vil høre noget igen hurtigt,unmute,da,,,,
forget it now,cancel,en,,,,
bare højere med 25,volumeUp,da,,25,,
skru op med femogtyve,volumeUp,da,,25,,
ok sure real quick,confirm,en,,,,
venligst nej,cancel,da,,,,
lige lad være med det,cancel,da,,,,
proceed right away,confirm,en,,,,
right away volume up five,volumeUp,en,,5,,
real quick pick up where you left off,resume,en,,,,
nu skru op for musikken,volumeUp,da,,,,
quickly let the music play,resume,en,,,,
lad være,cancel,da,,,,
please change the volume to 80,setVolume,en,80,,,
nej,cancel,da,,,,
ophæv dæmpningen hurtigt,unmute,da,,,,
set it to thirty,setVolume,en,30,,,
go ahead and change the volume to 60,setVolume,en,60,,,
nu sæt højttaleren på lydløs,mute,da,,,,
right now more volume,volumeUp,en,,,,
forbind til kontoret,joinSpeaker,da,,,,
right now separate from group,leaveSpeaker,en,,,,
i need you to ungroup real quick,leaveSpeaker,en,,,,
gør det højere,volumeUp,da,,,,
right away quieter by 15,volumeDown,en,,15,,
kunne du venligst sænke lydstyrken,volumeDown,da,,,,
hvad har jeg som favoritter med det samme,listFavorites,da,,,,
kunne du venligst skrue op,volumeUp,da,,,,
jeg vil høre noget igen,unmute,da,,,,
can you read out my favorites,listFavorites,en,,,,
right away freeze playback,pause,en,,,,
lydniveau tredive,setVolume,da,30,,,
kør noget musik,playDefault,da,,,,
i'd like you to increase the volume,volumeUp,en,,,,
i would like you to group with the hallway,joinSpeaker,en,,,,
actually no now,cancel,en,,,,
now take a break,pause,en,,,,
real quick pause everything,pause,en,,,,
break the music real quick,pause,en,,,,
fjern gruppering med det samme,leaveSpeaker,da,,,,
could you please put the volume at 70,setVolume,en,70,,,
confirmed,confirm,en,,,,
quickly resume playback,resume,en,,,,
vælg et tilfældigt tal,unknown,da,,,,
indstil volumen til halvtreds,setVolume,da,50,,,
i would like you to disconnect now,leaveSpeaker,en,,,,
resume my music now,playDefault,en,,,,
med det samme dæmp lidt,volumeDown,da,,,,
could you kindly join the garden,joinSpeaker,en,,,,
please play number ten,playFavoriteByNumber,en,,,10,
pause musikken med det samme,pause,da,,,,
quickly go ahead and disconnect,leaveSpeaker,en,,,,
forlad gruppen,leaveSpeaker,da,,,,
tell me my favourites right away,listFavorites,en,,,,
skip that,cancel,en,,,,
now i want you to unpause,resume,en,,,,
real quick i would like you to unmute,unmute,en,,,,
med det samme skru ned for lyden,volumeDown,da,,,,
ya,confirm,en,,,,
hurtigt giv mig en gåde,unknown,da,,,,
real quick play solo,leaveSpeaker,en,,,,
go ahead and play favorite three,playFavoriteByNumber,en,,,3,
kunne du venligst spille favorit tre,playFavoriteByNumber,da,,,3,
jeg vil gerne høre musik med det samme,playDefault,da,,,,
mute everything,mute,en,,,,
vær så venlig at skrue op for lyden,volumeUp,da,,,,
nej ikke nu,cancel,da,,,,
kan du venligst mute,mute,da,,,,
just alright then,confirm,en,,,,
sing a song,unknown,en,,,,
hurtigt tag højttaleren ud af gruppen,leaveSpeaker,da,,,,
spil sammen med stuen,joinSpeaker,da,,,,
vær så venlig at spille favorit to,playFavoriteByNumber,da,,,2,
tilføj stuen,joinSpeaker,da,,,,
now kill the sound,stop,en,,,,
nu lavere med ti,volumeDown,da,,10,,
vil du venligst afspille P5,playNamed,da,,,,
lydniveau 50,setVolume,da,50,,,
play it again right now,resume,en,,,,
i want you to unmute,unmute,en,,,,
hurtigt stop afspilningen,stop,da,,,,
ville du ophæve grupperingen,leaveSpeaker,da,,,,
kan du venligst spille favorit 1,playFavoriteByNumber,da,,,1,
kunne du hæve lydstyrken,volumeUp,da,,,,
luk for musikken,mute,da,,,,
i'd like to hear klassisk,playNamed,en,,,,klassisk
fjern gruppe nu,leaveSpeaker,da,,,,
vær så venlig at stoppe musikken nu,stop,da,,,,
lav en pause hurtigt,pause,da,,,,
med det samme hæv lydstyrken med fem,volumeUp,da,,5,,
i need you to put the volume at eighty,setVolume,en,80,,,
all right then right now,confirm,en,,,,
just call mom,unknown,en,,,,
kindly put on Kendrick Lamar,playNamed,en,,,,Kendrick Lamar
can you put on Coldplay,playNamed,en,,,,Coldplay
venligst lavere med tyve,volumeDown,da,,20,,
kunne du tilslutte ovenpå,joinSpeaker,da,,,,
right away go ahead and stop,stop,en,,,,
stop it,stop,en,,,,
kan du spille videre,resume,da,,,,
hurtigt sæt på lydløs,mute,da,,,,
kunne du afspille favorit nummer 7,playFavoriteByNumber,da,,,7,
nu højere med ti,volumeUp,da,,10,,
could you play favorite 1,playFavoriteByNumber,en,,,1,
real quick lower the volume by 20,volumeDown,en,,20,,
kan du skrue op,volumeUp,da,,,,
pause afspilningen,pause,da,,,,
spil mit sædvanlige,playDefault,da,,,,
spil Adele for mig,playNamed,da,,,,Adele for mig
turn it down by five,volumeDown,en,,5,,
lige hæv lydstyrken med 15,volumeUp,da,,15,,
please resume the music,resume,en,,,,
that is right,confirm,en,,,,
quickly go alone,leaveSpeaker,en,,,,
kunne du tilslutte spisestuen,joinSpeaker,da,,,,
vil du afspille favorit nummer 7,playFavoriteByNumber,da,,,7,
real quick volume down 10,volumeDown,en,,10,,
ikke mere musik,stop,da,,,,
pause everything,pause,en,,,,
any breaking news now,unknown,en,,,,
play whatever was on right now,playDefault,en,,,,
i want you to leave the group,leaveSpeaker,en,,,,
i want sound back,unmute,en,,,,
nu kommer der sne i weekenden,unknown,da,,,,
right away sure,confirm,en,,,,
please change the volume to 85,setVolume,en,85,,,
could you turn the sound back on,unmute,en,,,,
right now i want it muted,mute,en,,,,
sæt højttaleren på lydløs,mute,da,,,,
right now make it quieter,volumeDown,en,,,,
quickly what day is it,unknown,en,,,,
quickly go solo,leaveSpeaker,en,,,,
må jeg bede dig om at sætte lydstyrken til femoghalvfjerds,setVolume,da,75,,,
hvilke favoritter har jeg med det samme,listFavorites,da,,,,
i confirm real quick,confirm,en,,,,
carry on,resume,en,,,,
silence it real quick,mute,en,,,,
nu hæv lydstyrken med femogtyve,volumeUp,da,,25,,
kunne du venligst sætte Volbeat på,playNamed,da,,,,
that's wrong,cancel,en,,,,
vær så venlig at afspille favorit nummer fire,playFavoriteByNumber,da,,,4,
i would like you to play number seven,playFavoriteByNumber,en,,,7,
quickly exactly,confirm,en,,,,
put on favorite 5,playFavoriteByNumber,en,,,5,
quickly softer,volumeDown,en,,,,
quickly okay yes,confirm,en,,,,
vær venlig at ophæve dæmpningen,unmute,da,,,,
unsync right away,leaveSpeaker,en,,,,
can you please change the volume to 50,setVolume,en,50,,,
jeg vil bede dig om at sætte The Daily på,playNamed,da,,,,
ville du venligst gøre det højere,volumeUp,da,,,,
just audio on,unmute,en,,,,
hvor er det nærmeste supermarked,unknown,da,,,,
jeg vil bede dig om at sætte på lydløs,mute,da,,,,
få musikken til at stoppe med det samme,stop,da,,,,
any sports updates right now,unknown,en,,,,
just i need you to continue,resume,en,,,,
can you join the hallway,joinSpeaker,en,,,,
audio on real quick,unmute,en,,,,
wait no,cancel,en,,,,
jeg vil gerne have at du liste mine favoritter,listFavorites,da,,,,
har du følelser nu,unknown,da,,,,
i'd like you to set volume to 45,setVolume,en,45,,,
jeg vil gerne have at du ophæve pausen,resume,da,,,,
find me a coffee shop right now,unknown,en,,,,
go ahead and play favorite six,playFavoriteByNumber,en,,,6,
kan du venligst spille favorit 7,playFavoriteByNumber,da,,,7,
now i need you to pause it,pause,en,,,,
bare hvor gammel er du,unknown,da,,,,
venligst hæv volumen,volumeUp,da,,,,
correct,confirm,en,,,,
i want you to stop,stop,en,,,,
kan du venligst frakoble,leaveSpeaker,da,,,,
separate the speaker right now,leaveSpeaker,en,,,,
spil skak,unknown,da,,,,
call mom,unknown,en,,,,
kunne du fjerne dæmpningen,unmute,da,,,,
tilknyt badeværelset,joinSpeaker,da,,,,
kan du indstille lydstyrken til 50,setVolume,da,50,,,
min favoritliste hurtigt,listFavorites,da,,,,
change volume to sixty,setVolume,en,60,,,
kindly change the volume to 55,setVolume,en,55,,,
i want you to carry on,resume,en,,,,
sæt musik på hurtigt,playDefault,da,,,,
can you please change the volume to 65,setVolume,en,65,,,
bare stop deling,leaveSpeaker,da,,,,
now unpause,resume,en,,,,
can you please play hip hop,playNamed,en,,,,hip hop
restore the sound now,unmute,en,,,,
vil du venligst slå lyden fra,mute,da,,,,
show me what's saved,listFavorites,en,,,,
volume level 0,setVolume,en,0,,,
lige ja lad os,confirm,da,,,,
real quick list my favourites,listFavorites,en,,,,
i need you to play BBC Radio 4,playNamed,en,,,,BBC Radio 4
wait a moment,pause,en,,,,
fortsæt hvor du slap hurtigt,resume,da,,,,
venligst højere,volumeUp,da,,,,
kan du venligst afspille jazz,playNamed,da,,,,
nu vis vej til lufthavnen,unknown,da,,,,
volume up ten,volumeUp,en,,10,,
go ahead and play hip hop,playNamed,en,,,,hip hop
could you please stop the music,stop,en,,,,
not anymore,cancel,en,,,,
could you please set volume to ten,setVolume,en,10,,,
could you please put on some music,playDefault,en,,,,
can you please keep playing,resume,en,,,,
i'd like you to carry on,resume,en,,,,
jeg vil gerne have at du spille favorit 7,playFavoriteByNumber,da,,,7,
go independent real quick,leaveSpeaker,en,,,,
audio back on,unmute,en,,,,
spil videre,resume,da,,,,
kan du pause musikken,pause,da,,,,
kør på,confirm,da,,,,
volume up,volumeUp,en,,,,
bare højere med 20,volumeUp,da,,20,,
ikke gør det der hurtigt,cancel,da,,,,
yep,confirm,en,,,,
kan du venligst sætte P4 på,playNamed,da,,,,
fine yes real quick,confirm,en,,,,
kunne du fortsætte,resume,da,,,,
which favourites do i have,listFavorites,en,,,,
vil du ophæve grupperingen,leaveSpeaker,da,,,,
i'd like you to continue real quick,resume,en,,,,
jeg vil gerne have at du slå lyden fra,mute,da,,,,
fortsæt afspilningen nu,resume,da,,,,
nu pause afspilningen,pause,da,,,,
lige hæv lydstyrken med 5,volumeUp,da,,5,,
kan du stoppe afspilningen,stop,da,,,,
who are you,unknown,en,,,,
ville du venligst holde pause,pause,da,,,,
real quick silence,mute,en,,,,
right now silence the speaker,mute,en,,,,
pause sangen hurtigt,pause,da,,,,
nu afbryd musikken,pause,da,,,,
ville du ændre lydstyrken til halvtreds,setVolume,da,50,,,
can you please change the volume to seventy-five,setVolume,en,75,,,
lige hold op med at spille,stop,da,,,,
yes thanks,confirm,en,,,,
pause hurtigt,pause,da,,,,
just stop the mute,unmute,en,,,,
can you kill the sound,mute,en,,,,
skru op med ti,volumeUp,da,,10,,
lige lyd på,unmute,da,,,,
unpause the music right now,resume,en,,,,
jeg vil høre Miles Davis,playNamed,da,,,,Miles Davis
right away turn it down by thirty,volumeDown,en,,30,,
nu stop,stop,da,,,,
ville du afspille favorit nummer 4,playFavoriteByNumber,da,,,4,
med det samme fjern gruppering,leaveSpeaker,da,,,,
real quick what's your name,unknown,en,,,,
quickly pump it up,volumeUp,en,,,,
lige afspil musik,playDefault,da,,,,
decrease volume by 25 right away,volumeDown,en,,25,,
could you kindly leave the group,leaveSpeaker,en,,,,
nu hvad er temperaturen hjemme,unknown,da,,,,
i want silence right away,mute,en,,,,
abort it now,cancel,en,,,,
i'd like you to change the volume to one hundred,setVolume,en,100,,,
jeg vil bede dig om at afspille favorit nummer 7,playFavoriteByNumber,da,,,7,
would you please pause it,pause,en,,,,
enough music right now,stop,en,,,,
abort it real quick,cancel,en,,,,
nu tilbage til musikken,resume,da,,,,
kunne du genoptage,resume,da,,,,
glem alt om det nu,cancel,da,,,,
kan du venligst afspille favorit nummer et,playFavoriteByNumber,da,,,1,
i'd like you to put on hip hop,playNamed,en,,,,hip hop
vær så venlig at afspille favorit nummer 2,playFavoriteByNumber,da,,,2,
now i would like you to stop,stop,en,,,,
venligst stop det,stop,da,,,,
real quick turn it down by twenty-five,volumeDown,en,,25,,
go ahead and play something,playDefault,en,,,,
i would like you to ungroup real quick,leaveSpeaker,en,,,,
i would like you to play number 1,playFavoriteByNumber,en,,,1,
right now leave the others,leaveSpeaker,en,,,,
volume level 20,setVolume,en,20,,,
kan du holde pause,pause,da,,,,
i'd like you to make it louder,volumeUp,en,,,,
ville du tilslutte kontoret,joinSpeaker,da,,,,
split this speaker off,leaveSpeaker,en,,,,
right away i'd like you to play music,playDefault,en,,,,
hurtigt stop pausen,resume,da,,,,
go on playing,resume,en,,,,
right now turn it up by fifteen,volumeUp,en,,15,,
i want sound back right now,unmute,en,,,,
hold the song real quick,pause,en,,,,
rigtigt med det samme,confirm,da,,,,
could you kindly group with the upstairs speaker,joinSpeaker,en,,,,
kunne du venligst sætte Mew på,playNamed,da,,,,
i'd like you to play music,playDefault,en,,,,
real quick i want you to silence it,mute,en,,,,
vær venlig at fortsætte musikken,resume,da,,,,
vil du venligst sætte lydstyrken til fyrre,setVolume,da,40,,,
show my favourites,listFavorites,en,,,,
helt enig,confirm,da,,,,
could you please turn the sound back on,unmute,en,,,,
quickly go ahead and unmute,unmute,en,,,,
set the volume to 55,setVolume,en,55,,,
i need you to disconnect,leaveSpeaker,en,,,,
quickly go for it,confirm,en,,,,
exactly right now,confirm,en,,,,
start MØ,playNamed,da,,,,MØ
just i need you to unpause,resume,en,,,,
kan du ændre lydstyrken til 15,setVolume,da,15,,,
could you kindly bring back the sound,unmute,en,,,,
quickly exactly right,confirm,en,,,,
i would like you to group with the dining room,joinSpeaker,en,,,,
link with the upstairs speaker,joinSpeaker,en,,,,
annuller venligst,cancel,da,,,,
må jeg bede dig om at sænke lydstyrken,volumeDown,da,,,,
kan du starte musikken,playDefault,da,,,,
lige vær så venlig at hæve lydstyrken,volumeUp,da,,,,
fortsæt med musikken nu,playDefault,da,,,,
kindly change the volume to 40,setVolume,en,40,,,
quickly trivia question,unknown,en,,,,
sæt lydstyrken til 5,setVolume,da,5,,,
queue up music,playDefault,en,,,,
affirmative real quick,confirm,en,,,,
ville du spille classical,playNamed,da,,,,
jeg vil bede dig om at spille videre,resume,da,,,,
real quick go ahead and kill the music,stop,en,,,,
could you please change the volume to thirty,setVolume,en,30,,,
definitely yes,confirm,en,,,,
indstil volumen til 55,setVolume,da,55,,,
hvordan klarede fck sig,unknown,da,,,,
unmute the music,unmute,en,,,,
just i need you to silence it,mute,en,,,,
now louder by five,volumeUp,en,,5,,
nu adskil denne højttaler,leaveSpeaker,da,,,,
just raise the volume by 20,volumeUp,en,,20,,
real quick schedule a meeting for tomorrow,unknown,en,,,,
restore the volume,unmute,en,,,,
right away ungroup the speakers,leaveSpeaker,en,,,,
vær så venlig at forbinde med terrassen,joinSpeaker,da,,,,
right now volume down five,volumeDown,en,,5,,
put on favorite three,playFavoriteByNumber,en,,,3,
skru ned 5,volumeDown,da,,5,,
med det samme del fra gruppen,leaveSpeaker,da,,,,
just stop playing,stop,en,,,,
hæv lydstyrken med femogtyve,volumeUp,da,,25,,
lige vær så venlig at afslutte musikken,stop,da,,,,
just sounds great,confirm,en,,,,
bare spil mine sange,playDefault,da,,,,
now louder by thirty,volumeUp,en,,30,,
vær så venlig at tænde for lyden,unmute,da,,,,
now silence the audio,mute,en,,,,
quickly okay sure,confirm,en,,,,
separate from group right now,leaveSpeaker,en,,,,
quickly actually never mind,cancel,en,,,,
hurtigt indstil termostaten til toogtyve grader,unknown,da,,,,
vis hele listen med det samme,listFavorites,da,,,,
right now split off,leaveSpeaker,en,,,,
vær venlig at frakoble,leaveSpeaker,da,,,,
vil du spille P5,playNamed,da,,,,
turn it down by fifteen now,volumeDown,en,,15,,
klart det,confirm,da,,,,
mute that,mute,en,,,,
hurtigt er du en robot,unknown,da,,,,
med det samme jow,confirm,da,,,,
quickly turn it up by 25,volumeUp,en,,25,,
kindly put the volume at 35,setVolume,en,35,,,
can you please change the volume to 60,setVolume,en,60,,,
real quick good,confirm,en,,,,
vil du sætte på lydløs,mute,da,,,,
kunne du pause afspilningen,pause,da,,,,
i would like you to group with the office,joinSpeaker,en,,,,
spil min favorit fire,playFavoriteByNumber,da,,,4,
bare hold op med musikken,stop,da,,,,
hvad er gemt som favoritter,listFavorites,da,,,,
vil du sænke lydstyrken,volumeDown,da,,,,
ville du sætte Kendrick Lamar på,playNamed,da,,,,
play whatever you want right away,playDefault,en,,,,
kindly play afslapningsmusik,playNamed,en,,,,afslapningsmusik
where's the nearest grocery real quick,unknown,en,,,,
kunne du venligst ændre lydstyrken til 70,setVolume,da,70,,,
can you please stop playing,stop,en,,,,
lydstyrke til halvtreds,setVolume,da,50,,,
louder by 5,volumeUp,en,,5,,
hvordan siger man tak på spansk nu,unknown,da,,,,
just all right,confirm,en,,,,
hurtigt selvfølgelig,confirm,da,,,,
go ahead and unpause right away,resume,en,,,,
genoptag nummeret hurtigt,resume,da,,,,
adskil fra gruppen med det samme,leaveSpeaker,da,,,,
cease the music,stop,en,,,,
i'd like you to set volume to five,setVolume,en,5,,,
when is sunset,unknown,en,,,,
just go ahead and keep playing,resume,en,,,,
how far is copenhagen right away,unknown,en,,,,
would you play favorite eight,playFavoriteByNumber,en,,,8,
how far is copenhagen,unknown,en,,,,
cancel it right away,cancel,en,,,,
lower now,volumeDown,en,,,,
stille,mute,da,,,,
hurtigt det er forkert,cancel,da,,,,
could you kindly put on P3,playNamed,en,,,,P3
end silent mode,unmute,en,,,,
keep going,resume,en,,,,
give me the sound back,unmute,en,,,,
just go ahead and turn it up,volumeUp,en,,,,
i need you to play something,playDefault,en,,,,
can you separate this speaker,leaveSpeaker,en,,,,
now put on music,playDefault,en,,,,
real quick go independent,leaveSpeaker,en,,,,
hvordan bager jeg en kage nu,unknown,da,,,,
kunne du venligst forbinde med stuen,joinSpeaker,da,,,,
quickly start music,playDefault,en,,,,
would you mind to stop the music,stop,en,,,,
please unpause,resume,en,,,,
would you please carry on,resume,en,,,,
now how old are you,unknown,en,,,,
start favorite seven,playFavoriteByNumber,en,,,7,
skip it real quick,cancel,en,,,,
tilslut spisestuen,joinSpeaker,da,,,,
bare lyd igen,unmute,da,,,,
tænd lyden,unmute,da,,,,
bare lyd tilbage,unmute,da,,,,
tell me my favorites,listFavorites,en,,,,
audio off now,mute,en,,,,
real quick drop the sound,mute,en,,,,
unsync real quick,leaveSpeaker,en,,,,
quickly louder by 5,volumeUp,en,,5,,
confirmed now,confirm,en,,,,
would you mind to mute the speaker,mute,en,,,,
hurtigt i orden,confirm,da,,,,
i need you to ungroup right away,leaveSpeaker,en,,,,
hvilke stationer har jeg med det samme,listFavorites,da,,,,
hurtigt tilbage til at have lyd,unmute,da,,,,
må jeg bede dig om at indstille lydstyrken til fyrre,setVolume,da,40,,,
quickly raise the volume by 10,volumeUp,en,,10,,
would you bring back the sound,unmute,en,,,,
bare tak,unknown,da,,,,
cease playback right away,stop,en,,,,
nu vær så venlig at pause afspilningen,pause,da,,,,
jeg vil bede dig om at vise mine favoritter,listFavorites,da,,,,
få mig til at grine,unknown,da,,,,
stop the audio real quick,stop,en,,,,
med det samme afsynkroniser højttaleren,leaveSpeaker,da,,,,
jeg vil gerne have at du forbinde med kontoret,joinSpeaker,da,,,,
pause nummeret med det samme,pause,da,,,,
go ahead and restore the sound right now,unmute,en,,,,
i would like you to play Radio 24syv,playNamed,en,,,,Radio 24syv
i would like you to silence it,mute,en,,,,
hurtigt kør bare på,confirm,da,,,,
right now break the music,pause,en,,,,
split fra gruppen,leaveSpeaker,da,,,,
spil,playDefault,da,,,,
right now play what i was listening to,playDefault,en,,,,
jeg vil bede dig om at afspille favorit nummer 8,playFavoriteByNumber,da,,,8,
fire up The Voice,playNamed,en,,,,Voice
go ahead and kill the sound real quick,mute,en,,,,
ville du venligst indstille lydstyrken til 10,setVolume,da,10,,,
end silent mode real quick,unmute,en,,,,
vær så venlig at adskille højttaleren,leaveSpeaker,da,,,,
vær så venlig at indstille lydstyrken til 55,setVolume,da,55,,,
please proceed,confirm,en,,,,
play a game right now,unknown,en,,,,
forbind til haven,joinSpeaker,da,,,,
kan du venligst spille P1,playNamed,da,,,,
now yes,confirm,en,,,,
put the volume at ten,setVolume,en,10,,,
right now freeze the music,pause,en,,,,
vil du afslutte musikken,stop,da,,,,
connect to the office,joinSpeaker,en,,,,
i'd like you to play something right away,playDefault,en,,,,
go ahead and play music,playDefault,en,,,,
kan du indstille lydstyrken til 20,setVolume,da,20,,,
real quick turn the sound back on,unmute,en,,,,
med det samme klart,confirm,da,,,,
bare adskil denne højttaler,leaveSpeaker,da,,,,
could you kindly end the music,stop,en,,,,
med det samme højere med 30,volumeUp,da,,30,,
forget it real quick,cancel,en,,,,
can you please hold the music,pause,en,,,,
nu skru ned 5,volumeDown,da,,5,,
can you please play workout mix,playNamed,en,,,,workout mix
spil min favorit fem,playFavoriteByNumber,da,,,5,
would you please play Radio 24syv,playNamed,en,,,,Radio 24syv
kunne du skrue ned for lyden,volumeDown,da,,,,
agreed real quick,confirm,en,,,,
vil du forbinde med stuen,joinSpeaker,da,,,,
jeg vil bede dig om at ændre lydstyrken til 10,setVolume,da,10,,,
spil bare her nu,leaveSpeaker,da,,,,
please change the volume to fifty,setVolume,en,50,,,
med det samme forlad de andre,leaveSpeaker,da,,,,
højere med 25,volumeUp,da,,25,,
hurtigt sæt det på pause,pause,da,,,,
quickly that's not right,cancel,en,,,,
now leave the others,leaveSpeaker,en,,,,
ungroup the speakers right away,leaveSpeaker,en,,,,
hurtigt godnat,unknown,da,,,,
stop afspilningen med det samme,stop,da,,,,
jeg vil bede dig om at sænke lydstyrken,volumeDown,da,,,,
jeg vil gerne have at du afspille Pink Floyd,playNamed,da,,,,
what's a good recipe for pasta real quick,unknown,en,,,,
ophæv grupperingen nu,leaveSpeaker,da,,,,
go ahead and put on pop,playNamed,en,,,,pop
not anymore right now,cancel,en,,,,
could you join the upstairs speaker,joinSpeaker,en,,,,
right now keep the music going,resume,en,,,,
please group with the bathroom,joinSpeaker,en,,,,
please play favorite ten,playFavoriteByNumber,en,,,10,
turn it up by fifteen,volumeUp,en,,15,,
kindly pause it,pause,en,,,,
could you set volume to 75,setVolume,en,75,,,
kunne du venligst indstille lydstyrken til tyve,setVolume,da,20,,,
afspil klassisk musik,playNamed,da,,,,klassisk musik
jeg vil bede dig om at forbinde med badeværelset,joinSpeaker,da,,,,
hæv lydstyrken med femogtyve nu,volumeUp,da,,25,,
could you please join the basement,joinSpeaker,en,,,,
kunne du venligst slå lyden fra,mute,da,,,,
hurtigt skru op med 10,volumeUp,da,,10,,
venligst hjælp mig med min lektie,unknown,da,,,,
fortsæt hvor du slap,resume,da,,,,
sounds great real quick,confirm,en,,,,
hurtigt tænd lyden igen,unmute,da,,,,
hvilken dag er det nu,unknown,da,,,,
hurtigt afspil musik,playDefault,da,,,,
hvad betyder bonjour nu,unknown,da,,,,
lydstyrke nul,setVolume,da,0,,,
spil nummer 6,playFavoriteByNumber,da,,,6,
bare skru op 30,volumeUp,da,,30,,
vil du slukke for musikken,stop,da,,,,
pause sangen,pause,da,,,,
go ahead and put the volume at 100,setVolume,en,100,,,
ville du sætte på lydløs,mute,da,,,,
could you please put the volume at 80,setVolume,en,80,,,
kindly play something,playDefault,en,,,,
right away no sound,mute,en,,,,
would you please tell me my favorites,listFavorites,en,,,,
would you please change the volume to 70,setVolume,en,70,,,
nah,cancel,en,,,,
can you please group with the bedroom,joinSpeaker,en,,,,
i want you to change the volume to 15,setVolume,en,15,,,
kindly mute,mute,en,,,,
quickly quieter by 10,volumeDown,en,,10,,
kunne du sætte Miles Davis på,playNamed,da,,,,
can you please turn it up,volumeUp,en,,,,
list mine favoritter,listFavorites,da,,,,
roll a dice,unknown,en,,,,
would you mind to increase the volume,volumeUp,en,,,,
play my music,playDefault,en,,,,
jeg vil bede dig om at gøre det højere,volumeUp,da,,,,
ungroup right now,leaveSpeaker,en,,,,
kan du pause,pause,da,,,,
restore the volume right away,unmute,en,,,,
what are my favorites,listFavorites,en,,,,
bare adskil,leaveSpeaker,da,,,,
i'd like you to silence it,mute,en,,,,
spil for dig selv nu,leaveSpeaker,da,,,,
put on favorite 7,playFavoriteByNumber,en,,,7,
nu ja,confirm,da,,,,
can you please set volume to twenty,setVolume,en,20,,,
quickly raise it,volumeUp,en,,,,
would you play favorite 4,playFavoriteByNumber,en,,,4,
right now go on playing,resume,en,,,,
fortsæt med musikken,resume,da,,,,
please restore the sound,unmute,en,,,,
bare helt enig,confirm,da,,,,
would you please join the office,joinSpeaker,en,,,,
vær venlig at afspille study music,playNamed,da,,,,
lige hvad er mine favoritter,listFavorites,da,,,,
group with the dining room,joinSpeaker,en,,,,
i'd like you to join the dining room,joinSpeaker,en,,,,
tag højttaleren ud af gruppen hurtigt,leaveSpeaker,da,,,,
put on anything,playDefault,en,,,,
could you kindly stop the music,stop,en,,,,
just pause,pause,en,,,,
jeg har skiftet mening,cancel,da,,,,
just skip the action,cancel,en,,,,
let's hear the P8 Jazz,playNamed,en,,,,P8 Jazz
lige vær så venlig at ophæve pausen,resume,da,,,,
let's hear This American Life,playNamed,en,,,,This American Life
lige vis favoritter,listFavorites,da,,,,
pause den,pause,da,,,,
real quick read my favorites,listFavorites,en,,,,
i would like you to mute the speaker,mute,en,,,,
lower it right away,volumeDown,en,,,,
nu hvilken dag er det,unknown,da,,,,
ok tak hurtigt,confirm,da,,,,
nu stands afspilningen,stop,da,,,,
can you play favorite ten,playFavoriteByNumber,en,,,10,
bare det er ikke rigtigt,cancel,da,,,,
bare jeg vil have stilhed,mute,da,,,,
hurtigt stop med det samme,stop,da,,,,
spil musik,playDefault,da,,,,
would you carry on,resume,en,,,,
vær så venlig at sænke lydstyrken,volumeDown,da,,,,
lige præcis,confirm,da,,,,
okay tak,confirm,da,,,,
please play number three,playFavoriteByNumber,en,,,3,
indstil lydstyrken til 20,setVolume,da,20,,,
i'd like you to silence it right away,mute,en,,,,
could you please bring back the sound,unmute,en,,,,
ville du holde op,stop,da,,,,
jeg vil gerne have at du afspille favorit nummer 4,playFavoriteByNumber,da,,,4,
quickly shut off the music,stop,en,,,,
just unmute it,unmute,en,,,,
skru ned med 25,volumeDown,da,,25,,
jeg vil bede dig om at afspille Radio 24syv,playNamed,da,,,,
afsynkroniser hurtigt,leaveSpeaker,da,,,,
kunne du venligst ændre lydstyrken til tyve,setVolume,da,20,,,
med det samme fortæl en vittighed,unknown,da,,,,
unmute everything right away,unmute,en,,,,
fjern gruppe,leaveSpeaker,da,,,,
jeg vil bede dig om at indstille lydstyrken til 100,setVolume,da,100,,,
hold playback right now,pause,en,,,,
kill the sound real quick,stop,en,,,,
fortsæt afspilningen,resume,da,,,,
i want you to play number 2,playFavoriteByNumber,en,,,2,
nu pause sangen,pause,da,,,,
skru ned med 20,volumeDown,da,,20,,
now list favourites,listFavorites,en,,,,
kan du venligst vise mine favoritter,listFavorites,da,,,,
split højttaleren med det samme,leaveSpeaker,da,,,,
kunne du ophæve dæmpningen,unmute,da,,,,
ville du venligst ophæve dæmpningen,unmute,da,,,,
spil P4 for mig,playNamed,da,,,,P4 for mig
that's enough now,stop,en,,,,
start favorit to,playFavoriteByNumber,da,,,2,
tag en pause,pause,da,,,,
tilbage til normal lyd,unmute,da,,,,
go solo right now,leaveSpeaker,en,,,,
right now never mind that,cancel,en,,,,
can you please play klassisk,playNamed,en,,,,klassisk
stop synkronisering hurtigt,leaveSpeaker,da,,,,
i want volume 1,setVolume,en,1,,,
nu stop den handling,cancel,da,,,,
med det samme lavere med 30,volumeDown,da,,30,,
right now cancel the action,cancel,en,,,,
ville du venligst hæve lydstyrken,volumeUp,da,,,,
cease playback,stop,en,,,,
lige sænk lydstyrken med 30,volumeDown,da,,30,,
start afspilningen,playDefault,da,,,,
lavere med 15,volumeDown,da,,15,,
real quick bring back the sound,unmute,en,,,,
volume down 25 real quick,volumeDown,en,,25,,
hvad kan du,unknown,da,,,,
lige hæv lydstyrken med 30,volumeUp,da,,30,,
det er rigtigt nu,confirm,da,,,,
fortsæt med musikken hurtigt,resume,da,,,,
ville du venligst tilslutte køkkenet,joinSpeaker,da,,,,
jeg vil gerne have at du spille Volbeat,playNamed,da,,,,
right away play whatever you want,playDefault,en,,,,
sæt den på pause,pause,da,,,,
vil du afspille favorit nummer ni,playFavoriteByNumber,da,,,9,
forlad de andre,leaveSpeaker,da,,,,
venligst hvad er hovedstaden i frankrig,unknown,da,,,,
exactly,confirm,en,,,,
bare vent her,pause,da,,,,
increase volume by 25 right away,volumeUp,en,,25,,
vil du indstille lydstyrken til tredive,setVolume,da,30,,,
real quick louder by five,volumeUp,en,,5,,
turn it down by thirty,volumeDown,en,,30,,
of course yes,confirm,en,,,,
vil du spille favorit fire,playFavoriteByNumber,da,,,4,
can you please put the volume at sixty,setVolume,en,60,,,
udregn drikkepengene,unknown,da,,,,
right away go ahead and turn it up,volumeUp,en,,,,
vær så venlig at pause musikken nu,pause,da,,,,
go ahead and change the volume to 50,setVolume,en,50,,,
vil du venligst sætte lydstyrken til 75,setVolume,da,75,,,
do it real quick,confirm,en,,,,
ville du ophæve pausen,resume,da,,,,
group with the kitchen,joinSpeaker,en,,,,
jeg vil gerne have at du sætte lydstyrken til hundrede,setVolume,da,100,,,
stop al musik,stop,da,,,,
real quick give me some music,playDefault,en,,,,
sæt lidt musik på nu,playDefault,da,,,,
i would like you to join the patio,joinSpeaker,en,,,,
play more,resume,en,,,,
quickly put on anything,playDefault,en,,,,
sluk afspilningen nu,stop,da,,,,
could you please put the volume at zero,setVolume,en,0,,,
venligst faktisk nej,cancel,da,,,,
med det samme sæt højttaleren på lydløs,mute,da,,,,
vær venlig at forbinde med kælderen,joinSpeaker,da,,,,
now quieter by 25,volumeDown,en,,25,,
real quick go ahead and carry on,resume,en,,,,
nah right away,cancel,en,,,,
real quick turn it up by ten,volumeUp,en,,10,,
hurtigt jeps,confirm,da,,,,
play preset six,playFavoriteByNumber,en,,,6,
bare genoptag,resume,da,,,,
would you please put the volume at 55,setVolume,en,55,,,
i want you to play favorite 3,playFavoriteByNumber,en,,,3,
højere med 20,volumeUp,da,,20,,
would you put on Miles Davis,playNamed,en,,,,Miles Davis
incorrect,cancel,en,,,,
vil du venligst forlade gruppen,leaveSpeaker,da,,,,
i want you to play Kim Larsen,playNamed,en,,,,Kim Larsen
vil du venligst spille P8 Jazz,playNamed,da,,,,
level 90,setVolume,en,90,,,
show me the favorites,listFavorites,en,,,,
hurtigt bekræftet,confirm,da,,,,
ville du venligst afspille BBC Radio 1,playNamed,da,,,,
må jeg bede dig om at forbinde med soveværelset,joinSpeaker,da,,,,
now carry on playing,resume,en,,,,
kan du venligst holde op,stop,da,,,,
spil samtidig med kælderen,joinSpeaker,da,,,,
right now how far is copenhagen,unknown,en,,,,
right now flip a coin,unknown,en,,,,
real quick i'd like you to continue,resume,en,,,,
kan du venligst gruppere med terrassen,joinSpeaker,da,,,,
lige skru op med 20,volumeUp,da,,20,,
real quick when is sunset,unknown,en,,,,
could you kindly play favorite two,playFavoriteByNumber,en,,,2,
can you please pause,pause,en,,,,
lige hvilken dag er det,unknown,da,,,,
ville du venligst sætte lydstyrken til 60,setVolume,da,60,,,
kunne du spille favorit syv,playFavoriteByNumber,da,,,7,
volume up twenty real quick,volumeUp,en,,20,,
vær så venlig at hæve lydstyrken med det samme,volumeUp,da,,,,
venligst spil igen,resume,da,,,,
go ahead and put on P1,playNamed,en,,,,P1
what should i do today,unknown,en,,,,
skru ned med femogtyve hurtigt,volumeDown,da,,25,,
vil du venligst slukke for musikken,stop,da,,,,
lower the volume by 5 now,volumeDown,en,,5,,
more music real quick,resume,en,,,,
i would like you to read out my favorites,listFavorites,en,,,,
now i want you to unmute,unmute,en,,,,
må jeg bede dig om at vise mine favoritter,listFavorites,da,,,,
could you play number six,playFavoriteByNumber,en,,,6,
now read out my favorites,listFavorites,en,,,,
now i'd like you to mute,mute,en,,,,
hæv lydstyrken med 30 hurtigt,volumeUp,da,,30,,
let's hear the workout mix,playNamed,en,,,,workout mix
i want you to end the music,stop,en,,,,
ville du afslutte musikken,stop,da,,,,
med det samme jeg bekræfter,confirm,da,,,,
quickly let's go,confirm,en,,,,
silent please,mute,en,,,,
venligst træk tilbage,cancel,da,,,,
lift mute real quick,unmute,en,,,,
now mute,mute,en,,,,
spil min favorit syv,playFavoriteByNumber,da,,,7,
indstil volumen til 85,setVolume,da,85,,,
venligst smid noget musik på,playDefault,da,,,,
vær så venlig at afspille favorit nummer 8,playFavoriteByNumber,da,,,8,
would you mind to group with the garden,joinSpeaker,en,,,,
bare ikke mere musik,stop,da,,,,
a bit lower,volumeDown,en,,,,
vent her,pause,da,,,,
could you please hold the music,pause,en,,,,
i'd like you to play This American Life,playNamed,en,,,,This American Life
shut up,mute,en,,,,
hvad er vejret i dag med det samme,unknown,da,,,,
would you change the volume to 35,setVolume,en,35,,,
great,confirm,en,,,,
quickly what's on the favourites list,listFavorites,en,,,,
real quick fine,confirm,en,,,,
start musikken,playDefault,da,,,,
vil du venligst forbinde med badeværelset,joinSpeaker,da,,,,
goodbye right now,unknown,en,,,,
lige afslut lydløs,unmute,da,,,,
play my nine favorite,playFavoriteByNumber,en,,,9,
go ahead and keep playing now,resume,en,,,,
må jeg bede dig om at indstille lydstyrken til 55,setVolume,da,55,,,
kunne du venligst ophæve grupperingen,leaveSpeaker,da,,,,
can you freeze the music,pause,en,,,,
jeg vil bede dig om at ændre lydstyrken til 80,setVolume,da,80,,,
trivia question,unknown,en,,,,
vil du venligst tænde lyden igen,unmute,da,,,,
lavere med tredive,volumeDown,da,,30,,
flip a coin,unknown,en,,,,
i'd like you to put on rolig musik,playNamed,en,,,,rolig musik
lydstyrke til 30,setVolume,da,30,,,
just i need silence,mute,en,,,,
lige vær så venlig at spille musik,playDefault,da,,,,
can you join the dining room,joinSpeaker,en,,,,
vær venlig at sætte workout mix på,playNamed,da,,,,
frakobl fra gruppen nu,leaveSpeaker,da,,,,
resume the song,resume,en,,,,
glem det med det samme,cancel,da,,,,
med det samme læs hele listen op,listFavorites,da,,,,
could you please play something,playDefault,en,,,,
can you change the volume to eighty,setVolume,en,80,,,
real quick play what i was listening to,playDefault,en,,,,
kan du tænde for lyden,unmute,da,,,,
proceed,confirm,en,,,,
kunne du venligst spille Bob Dylan,playNamed,da,,,,
kan du venligst spille musik,playDefault,da,,,,
would you mind to mute,mute,en,,,,
quickly queue up music,playDefault,en,,,,
can you please put the volume at 35,setVolume,en,35,,,
add eggs to my shopping list,unknown,en,,,,
read the favorites right now,listFavorites,en,,,,
i need you to group with the hallway,joinSpeaker,en,,,,
må jeg bede dig om at forbinde med haven,joinSpeaker,da,,,,
vær venlig at sætte ambient music på,playNamed,da,,,,
would you mind to play P8 Jazz,playNamed,en,,,,P8 Jazz
back out of that now,cancel,en,,,,
would you please join the upstairs speaker,joinSpeaker,en,,,,
please start playing,playDefault,en,,,,
play some tunes,playDefault,en,,,,
merge with the patio,joinSpeaker,en,,,,
could you please group with the kitchen,joinSpeaker,en,,,,
right away let the music play,resume,en,,,,
now increase volume by 10,volumeUp,en,,10,,
go ahead and restore the sound now,unmute,en,,,,
må jeg bede dig om at sætte lydstyrken til 25,setVolume,da,25,,,
now do not do that,cancel,en,,,,
i want volume ninety,setVolume,en,90,,,
med det samme gør lyden højere,volumeUp,da,,,,
do it,confirm,en,,,,
could you stop playing,stop,en,,,,
resume,resume,en,,,,
sæt en alarm til klokken syv,unknown,da,,,,
spil det igen hurtigt,resume,da,,,,
can you please tell me my favorites,listFavorites,en,,,,
pause the music,pause,en,,,,
i want you to continue,resume,en,,,,
i would like you to play morning playlist,playNamed,en,,,,morning playlist
would you ungroup,leaveSpeaker,en,,,,
go ahead and change the volume to 25,setVolume,en,25,,,
i need silence right away,mute,en,,,,
lige list favoritterne,listFavorites,da,,,,
bare stop nummeret,stop,da,,,,
unpair,leaveSpeaker,en,,,,
right away alright,confirm,en,,,,
i want to hear Taylor Swift,playNamed,en,,,,Taylor Swift
i'd like you to play music right away,playDefault,en,,,,
kan du tilslutte soveværelset,joinSpeaker,da,,,,
go ahead and pause the music now,pause,en,,,,
sæt noget musik på hurtigt,playDefault,da,,,,
jeg vil have stilhed,mute,da,,,,
go silent right now,mute,en,,,,
turn the sound back on,unmute,en,,,,
nu naviger hjem,unknown,da,,,,
just stop that,stop,en,,,,
real quick end the song,stop,en,,,,
venligst spil noget musik,playDefault,da,,,,
quickly play alone,leaveSpeaker,en,,,,
quickly tell me my favourites,listFavorites,en,,,,
vær så venlig at liste mine favoritter,listFavorites,da,,,,
quickly play my music,playDefault,en,,,,
could you tell me my favorites,listFavorites,en,,,,
sing a song right away,unknown,en,,,,
go ahead and hold the music right away,pause,en,,,,
right away i need you to play something,playDefault,en,,,,
stop synkronisering,leaveSpeaker,da,,,,
med det samme ikke alligevel,cancel,da,,,,
kindly play number three,playFavoriteByNumber,en,,,3,
venligst gør lyden lavere,volumeDown,da,,,,
lige fjern lydløs,unmute,da,,,,
nu stop pausen,resume,da,,,,
i want you to put on Volbeat,playNamed,en,,,,Volbeat
right now play it again,resume,en,,,,
lad os gøre det,confirm,da,,,,
just raise the volume by 25,volumeUp,en,,25,,
vil du venligst indstille lydstyrken til 25,setVolume,da,25,,,
play favourite number 1,playFavoriteByNumber,en,,,1,
glem det nu,cancel,da,,,,
lige hvilke presets har jeg,listFavorites,da,,,,
venligst tænd lyden,unmute,da,,,,
vær venlig at skrue ned for lyden,volumeDown,da,,,,
could you resume,resume,en,,,,
real quick nope,cancel,en,,,,
exit silent mode,unmute,en,,,,
nevermind right now,cancel,en,,,,
right away yes let's,confirm,en,,,,
mere volumen hurtigt,volumeUp,da,,,,
could you kindly put on Adele,playNamed,en,,,,Adele
ville du venligst fortsætte,resume,da,,,,
afbryd kort nu,pause,da,,,,
now separate,leaveSpeaker,en,,,,
kunne du sænke lydstyrken,volumeDown,da,,,,
play number 1,playFavoriteByNumber,en,,,1,
favourite eight,playFavoriteByNumber,en,,,8,
quickly remove from group,leaveSpeaker,en,,,,
vil du venligst gruppere med køkkenet,joinSpeaker,da,,,,
med det samme list favoritter,listFavorites,da,,,,
i would like you to kill the music,stop,en,,,,
resume playing right now,resume,en,,,,
vær tavs hurtigt,mute,da,,,,
hurtigt annuller det,cancel,da,,,,
vil du ændre lydstyrken til 0,setVolume,da,0,,,
vær så venlig at slå lyden fra,mute,da,,,,
can you start playing,playDefault,en,,,,
vær stille hurtigt,mute,da,,,,
hurtigt vær stille,mute,da,,,,
sluk musikken hurtigt,stop,da,,,,
back out,cancel,en,,,,
i need you to kill the music,stop,en,,,,
nu normal lyd igen,unmute,da,,,,
vær så venlig at ændre lydstyrken til halvfjerds,setVolume,da,70,,,
would you please play favorite 7,playFavoriteByNumber,en,,,7,
hvad skal jeg lave i dag nu,unknown,da,,,,
now turn it down by fifteen,volumeDown,en,,15,,
join the garden,joinSpeaker,en,,,,
perfect now,confirm,en,,,,
kindly mute the speaker,mute,en,,,,
go ahead and change the volume to five,setVolume,en,5,,,
spil nummer ni,playFavoriteByNumber,da,,,9,
can you please pause the music,pause,en,,,,
hæv lydstyrken med tyve hurtigt,volumeUp,da,,20,,
can you play The Beatles,playNamed,en,,,,Beatles
yes,confirm,en,,,,
ville du spille videre,resume,da,,,,
join the basement,joinSpeaker,en,,,,
må jeg bede dig om at pause musikken,pause,da,,,,
join with the garden,joinSpeaker,en,,,,
i'd like you to ungroup,leaveSpeaker,en,,,,
right away yep,confirm,en,,,,
kunne du afspille favorit nummer 1,playFavoriteByNumber,da,,,1,
put the volume at 40,setVolume,en,40,,,
jeps hurtigt,confirm,da,,,,
må jeg bede dig om at sætte lydstyrken til femogtyve,setVolume,da,25,,,
remove from group,leaveSpeaker,en,,,,
wrong right now,cancel,en,,,,
join the group with the patio,joinSpeaker,en,,,,
hvad er temperaturen udenfor,unknown,da,,,,
kan du spille afslapningsmusik,playNamed,da,,,,
hold op nu,stop,da,,,,
tænd lyset,unknown,da,,,,
fortæl mig mine favoritter med det samme,listFavorites,da,,,,
hurtigt luk lyden,mute,da,,,,
quickly cancel the action,cancel,en,,,,
i want you to join the upstairs speaker,joinSpeaker,en,,,,
please play favorite 10,playFavoriteByNumber,en,,,10,
må jeg bede dig om at sætte på lydløs,mute,da,,,,
i need you to put the volume at 80,setVolume,en,80,,,
kunne du spille videre,resume,da,,,,
just let's hear some music,playDefault,en,,,,
kan du venligst spille ambient music,playNamed,da,,,,
kør noget musik nu,playDefault,da,,,,
naw,cancel,en,,,,
connect with the kitchen,joinSpeaker,en,,,,
jeg vil bede dig om at tilslutte kælderen,joinSpeaker,da,,,,
could you play number nine,playFavoriteByNumber,en,,,9,
i would like you to put on The Voice,playNamed,en,,,,Voice
ville du venligst liste mine favoritter,listFavorites,da,,,,
right now i'd like you to stop playing,stop,en,,,,
list mine presets,listFavorites,da,,,,
tell me a fun fact right now,unknown,en,,,,
vær så venlig at starte musikken nu,playDefault,da,,,,
quieter,volumeDown,en,,,,
i'd like you to resume real quick,resume,en,,,,
hurtigt unmute,unmute,da,,,,
could you kindly group with the bedroom,joinSpeaker,en,,,,
favorites list,listFavorites,en,,,,
ok sure,confirm,en,,,,
lige stop synkronisering,leaveSpeaker,da,,,,
kindly play number 5,playFavoriteByNumber,en,,,5,
the favorites list real quick,listFavorites,en,,,,
i want you to make it quieter,volumeDown,en,,,,
vær så venlig at ophæve grupperingen,leaveSpeaker,da,,,,
kindly play BBC Radio 1,playNamed,en,,,,BBC Radio 1
kan du venligst gruppere med kontoret,joinSpeaker,da,,,,
med det samme nej,cancel,da,,,,
hurtigt regner det i morgen,unknown,da,,,,
hurtigt afslut musikken,stop,da,,,,
bare jeg har skiftet mening,cancel,da,,,,
turn the audio back on right now,unmute,en,,,,
naturligvis nu,confirm,da,,,,
sluk for det,stop,da,,,,
kindly kill the sound,mute,en,,,,
vær så venlig at mute hurtigt,mute,da,,,,
i want you to stop real quick,stop,en,,,,
could you kindly play number ten,playFavoriteByNumber,en,,,10,
hurtigt find en kaffebar,unknown,da,,,,
would you tell me my favorites,listFavorites,en,,,,
great right now,confirm,en,,,,
kobl sammen med kælderen,joinSpeaker,da,,,,
favourites list,listFavorites,en,,,,
unpause right away,resume,en,,,,
afbryd,cancel,da,,,,
kunne du gruppere med spisestuen,joinSpeaker,da,,,,
i want you to put on This American Life,playNamed,en,,,,This American Life
vil du venligst fjerne dæmpningen,unmute,da,,,,
just turn up the volume,volumeUp,en,,,,
i'd like you to set volume to 95,setVolume,en,95,,,
turn it down by ten real quick,volumeDown,en,,10,,
right away split off,leaveSpeaker,en,,,,
stop midlertidigt med det samme,pause,da,,,,
right away good,confirm,en,,,,
quickly show favourites,listFavorites,en,,,,
med det samme vær så venlig at hæve lydstyrken,volumeUp,da,,,,
right away what time is it,unknown,en,,,,
stands sangen nu,stop,da,,,,
lavere med ti,volumeDown,da,,10,,
can you please play electronic,playNamed,en,,,,electronic
læs listen op nu,listFavorites,da,,,,
please change the volume to 20,setVolume,en,20,,,
jeg vil gerne have at du sætte hip hop på,playNamed,da,,,,
right now play by yourself,leaveSpeaker,en,,,,
med det samme tilbage til afspilningen,resume,da,,,,
lige pause det,pause,da,,,,
go ahead and keep playing,resume,en,,,,
hvordan klarede fck sig nu,unknown,da,,,,
med det samme tilføj æg til min indkøbsliste,unknown,da,,,,
lige vær så venlig at afspille musik,playDefault,da,,,,
nu ok tak,confirm,da,,,,
jeg bekræfter med det samme,confirm,da,,,,
sync to the patio,joinSpeaker,en,,,,
vis mig hvad der er gemt,listFavorites,da,,,,
jow med det samme,confirm,da,,,,
bare skru ned 25,volumeDown,da,,25,,
giv mig en gåde,unknown,da,,,,
ville du spille favorit 10,playFavoriteByNumber,da,,,10,
could you play favorite nine,playFavoriteByNumber,en,,,9,
could you please join the garden,joinSpeaker,en,,,,
right away don't do that,cancel,en,,,,
go ahead and carry on,resume,en,,,,
i'd like you to mute,mute,en,,,,
could you put on Miles Davis,playNamed,en,,,,Miles Davis
kunne du forbinde med haven,joinSpeaker,da,,,,
a bit louder right now,volumeUp,en,,,,
start The Voice,playNamed,en,,,,Voice
lige skru op 25,volumeUp,da,,25,,
right now abort the action,cancel,en,,,,
nu mindre lydstyrke,volumeDown,da,,,,
play with the hallway,joinSpeaker,en,,,,
just bring sound back,unmute,en,,,,
skru op 5,volumeUp,da,,5,,
kindly resume,resume,en,,,,
volume up 10,volumeUp,en,,10,,
enig,confirm,da,,,,
med det samme lavere,volumeDown,da,,,,
vent et øjeblik med det samme,pause,da,,,,
med det samme vær så venlig at afspille musik,playDefault,da,,,,
just i want it back on,resume,en,,,,
real quick let's do it,confirm,en,,,,
jeg vil bede dig om at tilslutte soveværelset,joinSpeaker,da,,,,
vil du fortælle mig mine favoritter,listFavorites,da,,,,
i'd like you to pause it real quick,pause,en,,,,
right away unmute,unmute,en,,,,
quickly i'd like you to unmute,unmute,en,,,,
show my presets,listFavorites,en,,,,
hurtigt nævn mine favoritter,listFavorites,da,,,,
kindly pause the music,pause,en,,,,
preset 4,playFavoriteByNumber,en,,,4,
i'd like you to mute the speaker,mute,en,,,,
can you please play favorite 8,playFavoriteByNumber,en,,,8,
freeze the music right now,pause,en,,,,
venligst stands musikken,stop,da,,,,
shut it off,stop,en,,,,
real quick back out of that,cancel,en,,,,
crank it up,volumeUp,en,,,,
sure,confirm,en,,,,
now thank you,unknown,en,,,,
bare luk lyden,mute,da,,,,
nu spil mere,resume,da,,,,
turn it down by 5,volumeDown,en,,5,,
unmute the music now,unmute,en,,,,
kan du sætte The Beatles på,playNamed,da,,,,
join with the bedroom,joinSpeaker,en,,,,
lige nix,cancel,da,,,,
could you put on morning playlist,playNamed,en,,,,morning playlist
kindly end the music,stop,en,,,,
could you kindly resume,resume,en,,,,
jeg vil gerne have at du spille fest playlisten,playNamed,da,,,,
ville du venligst genoptage,resume,da,,,,
stop grouping,leaveSpeaker,en,,,,
ikke mere afspilning,stop,da,,,,
sound back on,unmute,en,,,,
i'd like you to put the volume at five,setVolume,en,5,,,
just make me a sandwich,unknown,en,,,,
quieter by twenty-five right now,volumeDown,en,,25,,
real quick turn it up by 15,volumeUp,en,,15,,
vil du venligst ændre lydstyrken til 10,setVolume,da,10,,,
would you play favorite three,playFavoriteByNumber,en,,,3,
join with the basement,joinSpeaker,en,,,,
hurtigt ikke gør det der,cancel,da,,,,
could you please put on Mads og Monopolet,playNamed,en,,,,Mads og Monopolet
end the song right now,stop,en,,,,
i'd like you to start playing,playDefault,en,,,,
real quick continue the music,resume,en,,,,
åbn garageporten nu,unknown,da,,,,
let's hear P7,playNamed,en,,,,P7
hurtigt vis mig hvad der er gemt,listFavorites,da,,,,
vær så venlig at afspille musik med det samme,playDefault,da,,,,
could you please mute the speaker,mute,en,,,,
nu tænd for musikken,unmute,da,,,,
can you please put on klassisk musik,playNamed,en,,,,klassisk musik
jeg vil bede dig om at forlade gruppen,leaveSpeaker,da,,,,
hvordan var din dag,unknown,da,,,,
ville du venligst afspille Nova FM,playNamed,da,,,,
can you please join the upstairs speaker,joinSpeaker,en,,,,
would you please put on The Voice,playNamed,en,,,,Voice
kindly change the volume to 80,setVolume,en,80,,,
vær venlig at forbinde med kontoret,joinSpeaker,da,,,,
play something,playDefault,en,,,,
vær venlig at dæmpe lyden,mute,da,,,,
would you pause,pause,en,,,,
real quick disconnect from everyone,leaveSpeaker,en,,,,
could you please play number 4,playFavoriteByNumber,en,,,4,
bare hele favoritlisten,listFavorites,da,,,,
could you kindly change the volume to 75,setVolume,en,75,,,
vil du gruppere med haven,joinSpeaker,da,,,,
could you please play favorite nine,playFavoriteByNumber,en,,,9,
cancel now,cancel,en,,,,
separate the speaker right away,leaveSpeaker,en,,,,
værsgod nu,confirm,da,,,,
send en besked til peter nu,unknown,da,,,,
could you put on morgenmusik,playNamed,en,,,,morgenmusik
continue playing real quick,resume,en,,,,
skift lydstyrken til 1,setVolume,da,1,,,
can you please list my favorites,listFavorites,en,,,,
i would like you to put on a song,playDefault,en,,,,
skru op 10,volumeUp,da,,10,,
nu vær så venlig at stoppe musikken,stop,da,,,,
lav en sandwich til mig hurtigt,unknown,da,,,,
that's right,confirm,en,,,,
med det samme sænk lydstyrken med tredive,volumeDown,da,,30,,
please put the volume at 100,setVolume,en,100,,,
forget that right now,cancel,en,,,,
kill the sound right away,mute,en,,,,
please group with the living room,joinSpeaker,en,,,,
mere lyd med det samme,volumeUp,da,,,,
bare sluk lyden,mute,da,,,,
må jeg bede dig om at afspille jazz,playNamed,da,,,,
lydstyrken på 75,setVolume,da,75,,,
nu fint ja,confirm,da,,,,
i need you to group with the living room,joinSpeaker,en,,,,
now audio back on,unmute,en,,,,
sæt noget musik på,playDefault,da,,,,
just turn it up by twenty-five,volumeUp,en,,25,,
sænk lydstyrken med fem hurtigt,volumeDown,da,,5,,
right now play,playDefault,en,,,,
ville du venligst skrue op for lyden,volumeUp,da,,,,
sæt en alarm til klokken syv med det samme,unknown,da,,,,
vil du venligst mute,mute,da,,,,
quickly i want it to stop,stop,en,,,,
right now start playing,playDefault,en,,,,
lower the volume by 20,volumeDown,en,,20,,
nah now,cancel,en,,,,
find a restaurant nearby now,unknown,en,,,,
skift lydstyrken til 50,setVolume,da,50,,,
venligst skru op,volumeUp,da,,,,
sluk for al lyd,mute,da,,,,
could you put on Coldplay,playNamed,en,,,,Coldplay
hvad er mine favoritter hurtigt,listFavorites,da,,,,
set volume to 99,setVolume,en,99,,,
now start playing,playDefault,en,,,,
favourite five,playFavoriteByNumber,en,,,5,
just turn the volume down,volumeDown,en,,,,
bring back the sound right now,unmute,en,,,,
i want you to change the volume to ten,setVolume,en,10,,,
could you kindly play favorite 4,playFavoriteByNumber,en,,,4,
add me to the bathroom,joinSpeaker,en,,,,
skru op med 10,volumeUp,da,,10,,
could you kindly play favorite three,playFavoriteByNumber,en,,,3,
join the kitchen,joinSpeaker,en,,,,
kindly unmute,unmute,en,,,,
could you freeze the music,pause,en,,,,
bare stop den handling,cancel,da,,,,
vær venlig at spille favorit 5,playFavoriteByNumber,da,,,5,
nu hvor langt er der til københavn,unknown,da,,,,
would you mind to change the volume to 45,setVolume,en,45,,,
quickly a bit louder,volumeUp,en,,,,
højere med 10 hurtigt,volumeUp,da,,10,,
venligst forkert,cancel,da,,,,
lavere med femten,volumeDown,da,,15,,
take a break right now,pause,en,,,,
what can you do,unknown,en,,,,
jeg vil bede dig om at spille favorit syv,playFavoriteByNumber,da,,,7,
ville du skrue ned,volumeDown,da,,,,
afbryd musikken,pause,da,,,,
tag højttaleren ud af gruppen,leaveSpeaker,da,,,,
kunne du gruppere med ovenpå,joinSpeaker,da,,,,
now okay,confirm,en,,,,
just pause this,pause,en,,,,
nu ok,confirm,da,,,,
slå lyden fra,mute,da,,,,
right away stop grouping,leaveSpeaker,en,,,,
could you join the living room,joinSpeaker,en,,,,
lige list mine stationer,listFavorites,da,,,,
skru ned med tyve,volumeDown,da,,20,,
ville du sætte Mads og Monopolet på,playNamed,da,,,,
med det samme stop afspilningen,stop,da,,,,
can you please put on afslapningsmusik,playNamed,en,,,,afslapningsmusik
jeg vil gerne have at du afspille Radio 100,playNamed,da,,,,
afkobl,leaveSpeaker,da,,,,
quieter by 15 right away,volumeDown,en,,15,,
forbind til kælderen,joinSpeaker,da,,,,
vær så venlig at forbinde med soveværelset,joinSpeaker,da,,,,
right now go ahead and hold the music,pause,en,,,,
skift mening,cancel,da,,,,
synkroniser med ovenpå,joinSpeaker,da,,,,
lydløs med det samme,mute,da,,,,
quickly louder by twenty-five,volumeUp,en,,25,,
i need you to put on some music,playDefault,en,,,,
i need you to put the volume at twenty-five,setVolume,en,25,,,
list my presets,listFavorites,en,,,,
i'd like you to play number three,playFavoriteByNumber,en,,,3,
now kill the audio,mute,en,,,,
fortsæt nu,resume,da,,,,
spil nummer 10,playFavoriteByNumber,da,,,10,
real quick i want sound,unmute,en,,,,
quickly no thank you,cancel,en,,,,
would you mind to group with the hallway,joinSpeaker,en,,,,
just louder by thirty,volumeUp,en,,30,,
increase volume by 30 real quick,volumeUp,en,,30,,
spil nummer otte,playFavoriteByNumber,da,,,8,
right now go ahead and play something,playDefault,en,,,,
lyd til,unmute,da,,,,
lige forlad højttalerne,leaveSpeaker,da,,,,
vil du venligst pause musikken,pause,da,,,,
louder right away,volumeUp,en,,,,
play with the dining room,joinSpeaker,en,,,,
kan du sætte på pause,pause,da,,,,
venligst skru ned med tyve,volumeDown,da,,20,,
could you kindly play number 5,playFavoriteByNumber,en,,,5,
fortæl mig hvad der er på listen,listFavorites,da,,,,
er du en robot hurtigt,unknown,da,,,,
would you mind to leave the group,leaveSpeaker,en,,,,
start favorite six,playFavoriteByNumber,en,,,6,
go ahead and stop,stop,en,,,,
venligst skru lidt ned,volumeDown,da,,,,
lydstyrken på 30,setVolume,da,30,,,
vær så venlig at fjerne lydløs hurtigt,unmute,da,,,,
stop right there,stop,en,,,,
could you please put on Genstart,playNamed,en,,,,Genstart
can you please put the volume at 80,setVolume,en,80,,,
hvad skal jeg lave i dag med det samme,unknown,da,,,,
sænk lydstyrken med 20 med det samme,volumeDown,da,,20,,
go ahead and change the volume to eighty,setVolume,en,80,,,
forbind til stuen,joinSpeaker,da,,,,
right now unmute it,unmute,en,,,,
kunne du indstille lydstyrken til fyrre,setVolume,da,40,,,
kunne du stoppe,stop,da,,,,
would you please play number six,playFavoriteByNumber,en,,,6,
real quick make me a sandwich,unknown,en,,,,
real quick i'd like you to stop,stop,en,,,,
spil igen nu,resume,da,,,,
spil favorit to,playFavoriteByNumber,da,,,2,
bare lad os tage en pause,pause,da,,,,
sæt en timer til ti minutter nu,unknown,da,,,,
i would like you to freeze the music,pause,en,,,,
hurtigt frakobl,leaveSpeaker,da,,,,
please pause,pause,en,,,,
sænk lydstyrken med tyve nu,volumeDown,da,,20,,
would you mind to play number 5,playFavoriteByNumber,en,,,5,
mind mig om at købe mælk hurtigt,unknown,da,,,,
giv mig noget musik med det samme,playDefault,da,,,,
please put on Genstart,playNamed,en,,,,Genstart
i want to hear the Jazz FM,playNamed,en,,,,Jazz FM
audio back on right away,unmute,en,,,,
venligst stop al musik,stop,da,,,,
kunne du venligst afspille favorit nummer 4,playFavoriteByNumber,da,,,4,
could you please put the volume at 99,setVolume,en,99,,,
nu fjern mig fra gruppen,leaveSpeaker,da,,,,
jeg vil bede dig om at afspille favorit nummer 4,playFavoriteByNumber,da,,,4,
would you mind to set volume to eighty,setVolume,en,80,,,
jeg vil gerne have at du pause,pause,da,,,,
what's saved as a favorite real quick,listFavorites,en,,,,
sæt favorit 2 på,playFavoriteByNumber,da,,,2,
fjern al lyd,mute,da,,,,
right now no don't,cancel,en,,,,
shut it down right away,stop,en,,,,
vil du skrue ned,volumeDown,da,,,,
fint nok med det samme,confirm,da,,,,
i want you to ungroup,leaveSpeaker,en,,,,
må jeg bede dig om at spille favorit ni,playFavoriteByNumber,da,,,9,
med det samme godmorgen,unknown,da,,,,
forbind til soveværelset,joinSpeaker,da,,,,
please resume,resume,en,,,,
kan du afslutte musikken,stop,da,,,,
could you disconnect,leaveSpeaker,en,,,,
stop the audio,stop,en,,,,
please pause it,pause,en,,,,
bare hvornår er det solnedgang,unknown,da,,,,
sæt Pink Floyd,playNamed,da,,,,Pink Floyd
nu stop gruppering,leaveSpeaker,da,,,,
indstil termostaten til toogtyve grader hurtigt,unknown,da,,,,
sluk lydløs,unmute,da,,,,
right away silent mode,mute,en,,,,
just tell me what's in favorites,listFavorites,en,,,,
kan du skrue ned,volumeDown,da,,,,
just louder by ten,volumeUp,en,,10,,
start the study music,playNamed,en,,,,study music
hele favoritlisten,listFavorites,da,,,,
bare stands afspilningen,stop,da,,,,
højere med 10,volumeUp,da,,10,,
tilbage til afspilningen,resume,da,,,,
jeg vil bede dig om at forbinde med stuen,joinSpeaker,da,,,,
quickly volume down 20,volumeDown,en,,20,,
right away increase volume,volumeUp,en,,,,
kan du venligst indstille lydstyrken til hundrede,setVolume,da,100,,,
sænk lydstyrken,volumeDown,da,,,,
would you please make it quieter,volumeDown,en,,,,
unmute hurtigt,unmute,da,,,,
kindly lower the volume,volumeDown,en,,,,
real quick audio on,unmute,en,,,,
what should i eat for dinner right away,unknown,en,,,,
ophæv mute,unmute,da,,,,
vær så venlig at skrue ned for lyden,volumeDown,da,,,,
hurtigt hold pause,pause,da,,,,
just separate from group,leaveSpeaker,en,,,,
go ahead and increase the volume,volumeUp,en,,,,
hvad har jeg på listen,listFavorites,da,,,,
gå solo,leaveSpeaker,da,,,,
favorite 3,playFavoriteByNumber,en,,,3,
please carry on,resume,en,,,,
would you please put the volume at 10,setVolume,en,10,,,
just turn it up by 20,volumeUp,en,,20,,
ville du venligst ophæve pausen,resume,da,,,,
correct real quick,confirm,en,,,,
i would like you to play number 9,playFavoriteByNumber,en,,,9,
right now wrong,cancel,en,,,,
sover du hurtigt,unknown,da,,,,
right away unmute everything,unmute,en,,,,
quickly a bit quieter,volumeDown,en,,,,
hurtigt vær så venlig at genoptage,resume,da,,,,
stop nu,stop,da,,,,
stop al lyd,stop,da,,,,
kan du ændre lydstyrken til 85,setVolume,da,85,,,
niveau 15,setVolume,da,15,,,
real quick show me the favorites,listFavorites,en,,,,
vil du venligst tilslutte spisestuen,joinSpeaker,da,,,,
play my favorite ten,playFavoriteByNumber,en,,,10,
skift til lydstyrke firs,setVolume,da,80,,,
just what's on the favourites list,listFavorites,en,,,,
would you keep playing,resume,en,,,,
i need you to change the volume to 95,setVolume,en,95,,,
turn it off,stop,en,,,,
now naw,cancel,en,,,,
right away cease playback,stop,en,,,,
softer,volumeDown,en,,,,
lower it,volumeDown,en,,,,
ville du venligst tilslutte ovenpå,joinSpeaker,da,,,,
could you kindly group with the garden,joinSpeaker,en,,,,
kunne du spille favorit 2,playFavoriteByNumber,da,,,2,
venligst lad os spille et spil,unknown,da,,,,
could you play morgenmusik,playNamed,en,,,,morgenmusik
jeg vil gerne have at du hæve lydstyrken,volumeUp,da,,,,
please increase the volume,volumeUp,en,,,,
real quick bump the volume,volumeUp,en,,,,
right now turn the audio back on,unmute,en,,,,
vær så venlig at afspille Lukas Graham,playNamed,da,,,,
give me some music real quick,playDefault,en,,,,
må jeg bede dig om at indstille lydstyrken til 1,setVolume,da,1,,,
nu glem alt om det,cancel,da,,,,
just crank it up,volumeUp,en,,,,
right now nevermind,cancel,en,,,,
kan du venligst skrue op for lyden,volumeUp,da,,,,
bare netop,confirm,da,,,,
right away audio back on,unmute,en,,,,
right away i want to pause,pause,en,,,,
actually no,cancel,en,,,,
kunne du pause,pause,da,,,,
right away go ahead and silence it,mute,en,,,,
i want you to silence it real quick,mute,en,,,,
i'd like you to play number 10,playFavoriteByNumber,en,,,10,
right now resume playback,resume,en,,,,
i need you to play favorite nine,playFavoriteByNumber,en,,,9,
vær venlig at fjerne lydløs,unmute,da,,,,
would you kill the sound,mute,en,,,,
just what's on my favorites list,listFavorites,en,,,,
start playback real quick,playDefault,en,,,,
pick a random number now,unknown,en,,,,
ville du venligst tænde for lyden,unmute,da,,,,
would you turn it up,volumeUp,en,,,,
go ahead and hold the music right now,pause,en,,,,
connect to the garden,joinSpeaker,en,,,,
hurtigt sluk afspilningen,stop,da,,,,
ja tak nu,confirm,da,,,,
kunne du pause musikken,pause,da,,,,
turn off the music,stop,en,,,,
i want you to resume,resume,en,,,,
jeg vil gerne have at du mute,mute,da,,,,
lige spil det jeg hørte sidst,playDefault,da,,,,
now make it louder,volumeUp,en,,,,
quickly volume up twenty-five,volumeUp,en,,25,,
let's hear Nova FM,playNamed,en,,,,Nova FM
real quick i want you to resume,resume,en,,,,
bare sæt musikken på pause,pause,da,,,,
skift lydstyrken til 20,setVolume,da,20,,,
right away never mind that,cancel,en,,,,
right now keep playing,resume,en,,,,
ville du venligst afspille P8 Jazz,playNamed,da,,,,
hæv lydstyrken med 20 med det samme,volumeUp,da,,20,,
real quick increase volume by 10,volumeUp,en,,10,,
hurtigt hvilke favoritter er gemt,listFavorites,da,,,,
venligst kommer der sne i weekenden,unknown,da,,,,
right now give me the sound back,unmute,en,,,,
now raise the volume by 15,volumeUp,en,,15,,
jeg vil bede dig om at spille favorit ni,playFavoriteByNumber,da,,,9,
vis listen nu,listFavorites,da,,,,
jeg vil have stilhed med det samme,mute,da,,,,
negativ nu,cancel,da,,,,
bare nix,cancel,da,,,,
adskil denne højttaler nu,leaveSpeaker,da,,,,
vil du venligst sætte pop på,playNamed,da,,,,
mindre lyd med det samme,volumeDown,da,,,,
med det samme sænk lydstyrken med femogtyve,volumeDown,da,,25,,
real quick cancel that,cancel,en,,,,
yeah now,confirm,en,,,,
no thank you now,cancel,en,,,,
ville du sætte Taylor Swift på,playNamed,da,,,,
raise the volume by 25 right away,volumeUp,en,,25,,
right now that is right,confirm,en,,,,
would you mind to put the volume at fifty,setVolume,en,50,,,
vær så venlig at gruppere med køkkenet,joinSpeaker,da,,,,
venligst lidt musik tak,playDefault,da,,,,
venligst hvordan er vejret,unknown,da,,,,
hvilke favoritter er der med det samme,listFavorites,da,,,,
vær venlig at tilslutte soveværelset,joinSpeaker,da,,,,
mute,mute,both,,,,
i would like you to start playing,playDefault,en,,,,
what day is it,unknown,en,,,,
just play some music,playDefault,en,,,,
what stations do i have,listFavorites,en,,,,
could you please freeze the music,pause,en,,,,
spil videre nu,resume,da,,,,
klart det nu,confirm,da,,,,
kunne du venligst holde pause,pause,da,,,,
bare lavere med 15,volumeDown,da,,15,,
tilbage til normal lyd hurtigt,unmute,da,,,,
list mine favoritter med det samme,listFavorites,da,,,,
jeg vil gerne have at du vise mine favoritter,listFavorites,da,,,,
i want you to resume the music,resume,en,,,,
right away continue,resume,en,,,,
quickly pause playback,pause,en,,,,
sluk for lydløs,unmute,da,,,,
now unmute the music,unmute,en,,,,
hæv lydstyrken med 15 hurtigt,volumeUp,da,,15,,
would you please set volume to twenty,setVolume,en,20,,,
jeg vil gerne have at du læse mine favoritter op,listFavorites,da,,,,
med det samme pause musikken,pause,da,,,,
i need you to unmute real quick,unmute,en,,,,
could you kindly make it louder,volumeUp,en,,,,
tænd for musikken,unmute,da,,,,
no more music right away,stop,en,,,,
put on music now,playDefault,en,,,,
can you tell me my favorites,listFavorites,en,,,,
ville du fjerne lydløs,unmute,da,,,,
right now a bit louder,volumeUp,en,,,,
med det samme træk tilbage,cancel,da,,,,
jeg vil gerne have at du tilslutte kontoret,joinSpeaker,da,,,,
now pause it,pause,en,,,,
vær venlig at tilslutte badeværelset,joinSpeaker,da,,,,
go ahead and put on a song,playDefault,en,,,,
i want volume zero,setVolume,en,0,,,
kunne du venligst tilslutte haven,joinSpeaker,da,,,,
kunne du venligst sætte Radio 100 på,playNamed,da,,,,
bare læs mine favoritter op,listFavorites,da,,,,
right now say something funny,unknown,en,,,,
afspil noget med det samme,playDefault,da,,,,
nu hvad står der i min kalender,unknown,da,,,,
spil samtidig med køkkenet,joinSpeaker,da,,,,
venligst tænd for højttaleren,unmute,da,,,,
can you play number seven,playFavoriteByNumber,en,,,7,
bare ja,confirm,da,,,,
i would like you to mute,mute,en,,,,
ville du venligst indstille lydstyrken til 20,setVolume,da,20,,,
kan du spille Pink Floyd,playNamed,da,,,,
hvad er hovedstaden i frankrig,unknown,da,,,,
vær så venlig at pause med det samme,pause,da,,,,
more volume,volumeUp,en,,,,
please play number two,playFavoriteByNumber,en,,,2,
go ahead and pause the music,pause,en,,,,
kunne du slukke for musikken,stop,da,,,,
now of course,confirm,en,,,,
just quieter by 30,volumeDown,en,,30,,
ville du sætte Coldplay på,playNamed,da,,,,
good,confirm,en,,,,
what favorites do i have,listFavorites,en,,,,
let's not,cancel,en,,,,
go ahead and increase the volume right now,volumeUp,en,,,,
right away i would like you to unpause,resume,en,,,,
hæv lydstyrken med 15,volumeUp,da,,15,,
hurtigt lav en pause,pause,da,,,,
ville du venligst ændre lydstyrken til 95,setVolume,da,95,,,
go ahead and resume now,resume,en,,,,
can you play favorite 2,playFavoriteByNumber,en,,,2,
wrong,cancel,en,,,,
med det samme stop midlertidigt,pause,da,,,,
læs mine favoritter op hurtigt,listFavorites,da,,,,
bare start noget,playDefault,da,,,,
lige skru op med 5,volumeUp,da,,5,,
jeg vil gerne høre musik,playDefault,da,,,,
would you please put the volume at twenty-five,setVolume,en,25,,,
now which favourites do i have,listFavorites,en,,,,
spil min favorit 9,playFavoriteByNumber,da,,,9,
jeg vil bede dig om at gruppere med haven,joinSpeaker,da,,,,
i want to listen to music,playDefault,en,,,,
med det samme sæt det på pause,pause,da,,,,
now go ahead and restore the sound,unmute,en,,,,
would you set volume to 15,setVolume,en,15,,,
please put on a song,playDefault,en,,,,
med det samme mindre lydstyrke,volumeDown,da,,,,
yes please do,confirm,en,,,,
i want you to show me my favorites,listFavorites,en,,,,
make me laugh right away,unknown,en,,,,
right away sure why not,confirm,en,,,,
forbind til ovenpå,joinSpeaker,da,,,,
ville du venligst skrue op,volumeUp,da,,,,
lidt musik tak,playDefault,da,,,,
ville du venligst sætte på pause,pause,da,,,,
ok,confirm,both,,,,
right now tell me a fun fact,unknown,en,,,,
now turn it down by five,volumeDown,en,,5,,
lige lad os gøre det,confirm,da,,,,
hurtigt ophæv pause,resume,da,,,,
kunne du afspille jazz,playNamed,da,,,,
put on some music,playDefault,en,,,,
make it so right away,confirm,en,,,,
vær venlig at afspille musik,playDefault,da,,,,
nu skru op 10,volumeUp,da,,10,,
go ahead and kill the music,stop,en,,,,
nope real quick,cancel,en,,,,
sænk lydstyrken med fem,volumeDown,da,,5,,
could you join the dining room,joinSpeaker,en,,,,
jeg vil bede dig om at sætte på pause,pause,da,,,,
i want to pause right now,pause,en,,,,
sænk lydstyrken med 30 nu,volumeDown,da,,30,,
nu skru op med 25,volumeUp,da,,25,,
go ahead and play Miles Davis,playNamed,en,,,,Miles Davis
be quiet right away,mute,en,,,,
explain quantum physics right now,unknown,en,,,,
real quick that's not right,cancel,en,,,,
louder by 5 real quick,volumeUp,en,,5,,
vil du venligst forbinde med soveværelset,joinSpeaker,da,,,,
kan du venligst spille videre,resume,da,,,,
vil du spille favorit et,playFavoriteByNumber,da,,,1,
vil du afspille favorit nummer syv,playFavoriteByNumber,da,,,7,
sænk lydstyrken med 5,volumeDown,da,,5,,
kan du venligst afspille The Beatles,playNamed,da,,,,
værsgo med det samme,confirm,da,,,,
tilslut kontoret,joinSpeaker,da,,,,
resume the track,resume,en,,,,
nu oversæt hej til fransk,unknown,da,,,,
would you mind to stop playing,stop,en,,,,
må jeg bede dig om at spille favorit 2,playFavoriteByNumber,da,,,2,
just lift the mute,unmute,en,,,,
throw on some tunes,playDefault,en,,,,
real quick i want you to start playing,playDefault,en,,,,
ville du forlade gruppen,leaveSpeaker,da,,,,
jeg vil gerne have at du skrue ned,volumeDown,da,,,,
would you mind to put on some music,playDefault,en,,,,
i need you to mute the speaker,mute,en,,,,
resume playback,resume,en,,,,
back out of that real quick,cancel,en,,,,
ville du pause,pause,da,,,,
ja lad os nu,confirm,da,,,,
kindly kill the music,stop,en,,,,
i want sound real quick,unmute,en,,,,
would you play number six,playFavoriteByNumber,en,,,6,
hold the song,pause,en,,,,
jeg vil bede dig om at stoppe afspilningen,stop,da,,,,
play Coldplay,playNamed,en,,,,Coldplay
i'd like you to keep playing real quick,resume,en,,,,
lydstyrken på femoghalvfjerds,setVolume,da,75,,,
ikke mere afspilning hurtigt,stop,da,,,,
sænk lydstyrken med femogtyve med det samme,volumeDown,da,,25,,
venligst skru op 15,volumeUp,da,,15,,
just sound on,unmute,en,,,,
venligst glem alt om det,cancel,da,,,,
stop den,stop,da,,,,
venligst sæt den på pause,pause,da,,,,
just i'd like you to play music,playDefault,en,,,,
kan du venligst stoppe afspilningen,stop,da,,,,
i want volume 90,setVolume,en,90,,,
cancel that,cancel,en,,,,
volume up twenty,volumeUp,en,,20,,
just abort that,cancel,en,,,,
would you mind to stop,stop,en,,,,
real quick hold on,pause,en,,,,
med det samme vent et øjeblik,pause,da,,,,
annuller det,cancel,da,,,,
nope right now,cancel,en,,,,
venligst giv mig lyden tilbage,unmute,da,,,,
would you set volume to 0,setVolume,en,0,,,
can you pause the music,pause,en,,,,
quickly go ahead and resume the music,resume,en,,,,
play music now,playDefault,en,,,,
would you unpause,resume,en,,,,
can you play number 8,playFavoriteByNumber,en,,,8,
med det samme start musikken,playDefault,da,,,,
hurtigt fjern dæmpningen,unmute,da,,,,
quickly keep the music going,resume,en,,,,
vær så venlig at ophæve grupperingen hurtigt,leaveSpeaker,da,,,,
vær så venlig at forbinde med køkkenet,joinSpeaker,da,,,,
resume right away,resume,en,,,,
må jeg bede dig om at spille noget,playDefault,da,,,,
back to playing,resume,en,,,,
join the dining room,joinSpeaker,en,,,,
venligst i orden,confirm,da,,,,
quickly go ahead and stop playing,stop,en,,,,
could you play number 4,playFavoriteByNumber,en,,,4,
just great,confirm,en,,,,
bare fjern pause,resume,da,,,,
afspil favorit to,playFavoriteByNumber,da,,,2,
right away nah,cancel,en,,,,
venligst skru op med 30,volumeUp,da,,30,,
cut the audio,mute,en,,,,
split off,leaveSpeaker,en,,,,
volume to 55,setVolume,en,55,,,
connect to the patio,joinSpeaker,en,,,,
carry on playing now,resume,en,,,,
what's on the favorites list,listFavorites,en,,,,
giv mig lyden tilbage med det samme,unmute,da,,,,
please play favorite 3,playFavoriteByNumber,en,,,3,
ville du spille favorit fire,playFavoriteByNumber,da,,,4,
volume up thirty right now,volumeUp,en,,30,,
right away stop the song,stop,en,,,,
just start playing again,resume,en,,,,
can you please group with the kitchen,joinSpeaker,en,,,,
vær så venlig at holde pause med det samme,pause,da,,,,
i want you to pause the music,pause,en,,,,
vil du venligst ændre lydstyrken til halvtreds,setVolume,da,50,,,
put the volume at 15,setVolume,en,15,,,
bare jeg vil pause,pause,da,,,,
træk tilbage med det samme,cancel,da,,,,
no,cancel,en,,,,
indeed,confirm,en,,,,
now quieter by twenty,volumeDown,en,,20,,
quickly i confirm,confirm,en,,,,
skru op 20 hurtigt,volumeUp,da,,20,,
jeg vil bede dig om at forbinde med soveværelset,joinSpeaker,da,,,,
skru op 30,volumeUp,da,,30,,
i want you to group with the garden,joinSpeaker,en,,,,
lyd til med det samme,unmute,da,,,,
real quick shut up,mute,en,,,,
right now lower the volume by 20,volumeDown,en,,20,,
afbryd fra gruppen,leaveSpeaker,da,,,,
nu stop det der,cancel,da,,,,
quickly i want you to play music,playDefault,en,,,,
connect with the dining room,joinSpeaker,en,,,,
vær så venlig at starte musikken,playDefault,da,,,,
vil du venligst hæve lydstyrken,volumeUp,da,,,,
spil igen,resume,da,,,,
jeg vil bede dig om at afspille musik,playDefault,da,,,,
kan du pause afspilningen,pause,da,,,,
vær så venlig at fortsætte musikken,resume,da,,,,
med det samme frakobl denne højttaler,leaveSpeaker,da,,,,
jeg vil gerne have at du spille favorit ti,playFavoriteByNumber,da,,,10,
i need you to put the volume at seventy,setVolume,en,70,,,
turn it up by 20,volumeUp,en,,20,,
not this time now,cancel,en,,,,
list favorites right now,listFavorites,en,,,,
kan du afspille ambient music,playNamed,da,,,,
skru op med tyve hurtigt,volumeUp,da,,20,,
find a restaurant nearby real quick,unknown,en,,,,
would you please end the music,stop,en,,,,
would you mind to resume,resume,en,,,,
merge with the kitchen,joinSpeaker,en,,,,
vær venlig at afspille favorit nummer tre,playFavoriteByNumber,da,,,3,
lige mindre volumen,volumeDown,da,,,,
a bit quieter now,volumeDown,en,,,,
lad os tage en pause,pause,da,,,,
what's on my favorites list,listFavorites,en,,,,
bare fjern dæmpningen,unmute,da,,,,
of course,confirm,en,,,,
med det samme tænd lyden,unmute,da,,,,
kunne du spille The Daily,playNamed,da,,,,
kindly play number eight,playFavoriteByNumber,en,,,8,
planlæg et møde i morgen hurtigt,unknown,da,,,,
vær så venlig at tænde lyden igen,unmute,da,,,,
kunne du gruppere med kontoret,joinSpeaker,da,,,,
group with the bathroom,joinSpeaker,en,,,,
would you please play number three,playFavoriteByNumber,en,,,3,
leave the others right now,leaveSpeaker,en,,,,
i would like you to play number 8,playFavoriteByNumber,en,,,8,
would you please lower the volume,volumeDown,en,,,,
med det samme fortsæt musikken,resume,da,,,,
nu lyder godt,confirm,da,,,,
can you mute,mute,en,,,,
afbryd kort,pause,da,,,,
pick a random number,unknown,en,,,,
just play the usual,playDefault,en,,,,
right away turn on the lights,unknown,en,,,,
just cancel it,cancel,en,,,,
play anything right now,playDefault,en,,,,
lige mere lydstyrke,volumeUp,da,,,,
halt it now,pause,en,,,,
bare fjern lyden,mute,da,,,,
hurtigt skru op med ti,volumeUp,da,,10,,
ville du venligst afspille study music,playNamed,da,,,,
quickly show me a map of paris,unknown,en,,,,
stop med det samme hurtigt,stop,da,,,,
kunne du venligst spille favorit fem,playFavoriteByNumber,da,,,5,
nu adskil,leaveSpeaker,da,,,,
slå på lydløs nu,mute,da,,,,
change volume to 50,setVolume,en,50,,,
name my favorites,listFavorites,en,,,,
ville du sætte P8 Jazz på,playNamed,da,,,,
sluk afspilningen hurtigt,stop,da,,,,
vil du ophæve pausen,resume,da,,,,
real quick who are you,unknown,en,,,,
could you kindly unpause,resume,en,,,,
lige sluk lydløs,unmute,da,,,,
ungroup this speaker,leaveSpeaker,en,,,,
ville du venligst sætte lydstyrken til 75,setVolume,da,75,,,
could you please play number four,playFavoriteByNumber,en,,,4,
quickly pick it back up,resume,en,,,,
bare nok musik,stop,da,,,,
skru ned 15,volumeDown,da,,15,,
jeg vil bede dig om at fortsætte musikken,resume,da,,,,
put on the Radio 24syv,playNamed,en,,,,Radio 24syv
kobl sammen med terrassen,joinSpeaker,da,,,,
turn off the music now,stop,en,,,,
hvad er nyhederne,unknown,da,,,,
bekræftet,confirm,da,,,,
skru op for musikken,volumeUp,da,,,,
list favorites now,listFavorites,en,,,,
kindly continue,resume,en,,,,
play together with the garden,joinSpeaker,en,,,,
venligst jeg vil have lyden tilbage,unmute,da,,,,
real quick turn up the volume,volumeUp,en,,,,
bare tænd for lyden,unmute,da,,,,
kunne du venligst mute,mute,da,,,,
i would like you to put on rolig musik,playNamed,en,,,,rolig musik
separate,leaveSpeaker,en,,,,
i would like you to put the volume at seventy,setVolume,en,70,,,
venligst lavere,volumeDown,da,,,,
i need you to make it louder,volumeUp,en,,,,
hurtigt gør det lidt lavere,volumeDown,da,,,,
which favorites are saved,listFavorites,en,,,,
nu ja gør det,confirm,da,,,,
could you mute,mute,en,,,,
would you please freeze the music,pause,en,,,,
could you make it louder,volumeUp,en,,,,
hurtigt hvor er mine nøgler,unknown,da,,,,
now no thank you,cancel,en,,,,
just let it play,resume,en,,,,
that's enough,stop,en,,,,
can you play Pop FM,playNamed,en,,,,Pop FM
hurtigt luk for musikken,mute,da,,,,
fjern dæmpning hurtigt,unmute,da,,,,
jeg vil gerne have at du adskille højttaleren,leaveSpeaker,da,,,,
right away volume up 30,volumeUp,en,,30,,
right now play my usual,playDefault,en,,,,
i would like you to change the volume to forty,setVolume,en,40,,,
kunne du spille The Beatles,playNamed,da,,,,
disconnect from the others now,leaveSpeaker,en,,,,
now restore the audio,unmute,en,,,,
could you restore the sound,unmute,en,,,,
right away i need you to resume,resume,en,,,,
ville du sætte lydstyrken til 15,setVolume,da,15,,,
sæt højttaleren på lydløs nu,mute,da,,,,
vær så venlig at forbinde med spisestuen,joinSpeaker,da,,,,
lige tavs,mute,da,,,,
play favorite nine,playFavoriteByNumber,en,,,9,
could you please play This American Life,playNamed,en,,,,This American Life
fortsæt sangen,resume,da,,,,
real quick cease the music,stop,en,,,,
annuller det hurtigt,cancel,da,,,,
shut it down right now,stop,en,,,,
nu spil noget musik,playDefault,da,,,,
kunne du ændre lydstyrken til 10,setVolume,da,10,,,
lige absolut,confirm,da,,,,
volume down twenty now,volumeDown,en,,20,,
right now volume up 25,volumeUp,en,,25,,
could you kindly play number seven,playFavoriteByNumber,en,,,7,
nu vær så venlig at skrue ned,volumeDown,da,,,,
vil du venligst forbinde med spisestuen,joinSpeaker,da,,,,
can you play favorite six,playFavoriteByNumber,en,,,6,
merge with the upstairs speaker,joinSpeaker,en,,,,
i'd like you to join the office,joinSpeaker,en,,,,
kunne du stoppe afspilningen,stop,da,,,,
kindly increase the volume,volumeUp,en,,,,
now a bit lower,volumeDown,en,,,,
vil du venligst afspille study music,playNamed,da,,,,
read the favorites right away,listFavorites,en,,,,
i'd like you to join the patio,joinSpeaker,en,,,,
quickly play whatever was on,playDefault,en,,,,
real quick put on music,playDefault,en,,,,
continue the music real quick,resume,en,,,,
med det samme split højttaleren,leaveSpeaker,da,,,,
med det samme perfekt,confirm,da,,,,
vær så venlig at skrue ned,volumeDown,da,,,,
exactly right,confirm,en,,,,
kan du venligst sætte lydstyrken til 30,setVolume,da,30,,,
less volume real quick,volumeDown,en,,,,
tilbage til musikken nu,resume,da,,,,
could you please change the volume to 35,setVolume,en,35,,,
vær venlig at spille pop,playNamed,da,,,,
split fra gruppen nu,leaveSpeaker,da,,,,
fjern lyden med det samme,mute,da,,,,
venligst min favoritliste,listFavorites,da,,,,
turn off the audio real quick,stop,en,,,,
i need a pause,pause,en,,,,
quickly show my favourites,listFavorites,en,,,,
bare godt,confirm,da,,,,
med det samme skru lidt ned,volumeDown,da,,,,
lock the door real quick,unknown,en,,,,
i'd like you to pause right now,pause,en,,,,
favorit syv,playFavoriteByNumber,da,,,7,
ville du gøre det højere,volumeUp,da,,,,
just split this speaker off,leaveSpeaker,en,,,,
real quick turn it up by 30,volumeUp,en,,30,,
preset 8,playFavoriteByNumber,en,,,8,
right away play music,playDefault,en,,,,
real quick i want you to unpause,resume,en,,,,
real quick wait a second,pause,en,,,,
audio off,mute,en,,,,
lavere med fem,volumeDown,da,,5,,
kan du gruppere med spisestuen,joinSpeaker,da,,,,
real quick get back to it,resume,en,,,,
put the volume at sixty,setVolume,en,60,,,
frakobl gruppen,leaveSpeaker,da,,,,
convert ten dollars to euros right away,unknown,en,,,,
would you please set volume to 65,setVolume,en,65,,,
adskil højttaleren,leaveSpeaker,da,,,,
yeah sure real quick,confirm,en,,,,
i would like you to group with the living room,joinSpeaker,en,,,,
kan du venligst ophæve pausen,resume,da,,,,
vil du spille jazz,playNamed,da,,,,
vil du sætte lydstyrken til fyrre,setVolume,da,40,,,
go ahead and group with the hallway,joinSpeaker,en,,,,
could you please put the volume at 65,setVolume,en,65,,,
med det samme fint,confirm,da,,,,
vær venlig at indstille lydstyrken til tres,setVolume,da,60,,,
right now i need you to disconnect,leaveSpeaker,en,,,,
ya real quick,confirm,en,,,,
vil du venligst spille musik,playDefault,da,,,,
freeze it real quick,pause,en,,,,
turn it down by fifteen real quick,volumeDown,en,,15,,
would you leave the group,leaveSpeaker,en,,,,
vil du ændre lydstyrken til halvfems,setVolume,da,90,,,
now roll a dice,unknown,en,,,,
må jeg bede dig om at afspille favorit nummer syv,playFavoriteByNumber,da,,,7,
kan du venligst afspille favorit nummer 5,playFavoriteByNumber,da,,,5,
kunne du venligst sætte The Voice på,playNamed,da,,,,
turn the music off,stop,en,,,,
quickly will it snow this weekend,unknown,en,,,,
right now what stations are saved,listFavorites,en,,,,
quickly call mom,unknown,en,,,,
volume level 70,setVolume,en,70,,,
tilknyt kontoret,joinSpeaker,da,,,,
absolutely yes,confirm,en,,,,
say something funny,unknown,en,,,,
vil du venligst fortælle mig mine favoritter,listFavorites,da,,,,
tell me what's in favorites,listFavorites,en,,,,
give me the sound back right now,unmute,en,,,,
nu forlad de andre,leaveSpeaker,da,,,,
lige stands sangen,stop,da,,,,
nu højere med 15,volumeUp,da,,15,,
would you please kill the sound,mute,en,,,,
would you please silence it,mute,en,,,,
play favorite three,playFavoriteByNumber,en,,,3,
raise the volume by 5,volumeUp,en,,5,,
kindly put on a song,playDefault,en,,,,
kunne du venligst vise mine favoritter,listFavorites,da,,,,
skru op med femten,volumeUp,da,,15,,
nu kast en terning,unknown,da,,,,
i want you to unmute real quick,unmute,en,,,,
normal lyd igen,unmute,da,,,,
lydstyrke 40,setVolume,da,40,,,
ville du venligst tilslutte stuen,joinSpeaker,da,,,,
turn it down by 5 right away,volumeDown,en,,5,,
real quick halt playback,pause,en,,,,
kindly stop the music,stop,en,,,,
play some music,playDefault,en,,,,
kan du sætte BBC Radio 1 på,playNamed,da,,,,
quickly never mind,cancel,en,,,,
what's the capital of france real quick,unknown,en,,,,
now no that's wrong,cancel,en,,,,
kunne du venligst spille noget,playDefault,da,,,,
nu mere lyd,volumeUp,da,,,,
lavere med 30 med det samme,volumeDown,da,,30,,
can you please put on a song,playDefault,en,,,,
vær tavs nu,mute,da,,,,
real quick mute everything,mute,en,,,,
med det samme afslut sangen,stop,da,,,,
kast plat eller krone,unknown,da,,,,
right now take a break,pause,en,,,,
vær venlig at spille favorit fire,playFavoriteByNumber,da,,,4,
ville du indstille lydstyrken til 75,setVolume,da,75,,,
vil du venligst starte musikken,playDefault,da,,,,
jeg vil bede dig om at forbinde med kælderen,joinSpeaker,da,,,,
right away i want silence,mute,en,,,,
venligst list mine presets,listFavorites,da,,,,
quickly i want you to stop,stop,en,,,,
would you please play favorite three,playFavoriteByNumber,en,,,3,
right now what's my home temperature,unknown,en,,,,
right away volume down twenty-five,volumeDown,en,,25,,
kunne du venligst tænde for lyden,unmute,da,,,,
go ahead and continue,resume,en,,,,
jeg vil bede dig om at stoppe musikken,stop,da,,,,
gå alene,leaveSpeaker,da,,,,
more volume right now,volumeUp,en,,,,
ok tak,confirm,da,,,,
vent et sekund nu,pause,da,,,,
hurtigt ophæv mute,unmute,da,,,,
afspil favorit nummer et,playFavoriteByNumber,da,,,1,
would you mind to set volume to thirty,setVolume,en,30,,,
bare fjern fra gruppen,leaveSpeaker,da,,,,
jeg vil bede dig om at adskille højttaleren,leaveSpeaker,da,,,,
real quick i confirm,confirm,en,,,,
skru ned med 15 nu,volumeDown,da,,15,,
ikke alligevel med det samme,cancel,da,,,,
i need you to resume now,resume,en,,,,
right now i want sound back,unmute,en,,,,
nu lavere med 10,volumeDown,da,,10,,
lad os gøre det hurtigt,confirm,da,,,,
tell me a joke now,unknown,en,,,,
vil du venligst spille Lukas Graham,playNamed,da,,,,
forlad højttalerne,leaveSpeaker,da,,,,
vælg et tilfældigt tal nu,unknown,da,,,,
kunne du venligst afspille hip hop,playNamed,da,,,,
perfect,confirm,en,,,,
turn the audio back on,unmute,en,,,,
jeg vil gerne have at du afspille favorit nummer 10,playFavoriteByNumber,da,,,10,
venligst højere med tredive,volumeUp,da,,30,,
just turn it down by twenty,volumeDown,en,,20,,
bare ja sikkert,confirm,da,,,,
i want silence,stop,en,,,,
lad musikken køre videre,resume,da,,,,
preset ten,playFavoriteByNumber,en,,,10,
flip a coin right now,unknown,en,,,,
jeg vil bede dig om at indstille lydstyrken til 75,setVolume,da,75,,,
right now help me with my homework,unknown,en,,,,
would you mind to unpause,resume,en,,,,
real quick forget it,cancel,en,,,,
louder by 10 right away,volumeUp,en,,10,,
what's two plus two,unknown,en,,,,
hvilke favoritter er gemt hurtigt,listFavorites,da,,,,
right now turn off the speaker,stop,en,,,,
stop gruppering nu,leaveSpeaker,da,,,,
now continue,resume,en,,,,
play favourite four,playFavoriteByNumber,en,,,4,
lige højere med femogtyve,volumeUp,da,,25,,
ville du venligst fortsætte musikken,resume,da,,,,
just quieter by 10,volumeDown,en,,10,,
kunne du ændre lydstyrken til fyrre,setVolume,da,40,,,
få mig til at grine med det samme,unknown,da,,,,
go ahead and unpause,resume,en,,,,
favorit nummer otte,playFavoriteByNumber,da,,,8,
play preset 2,playFavoriteByNumber,en,,,2,
quickly restore audio,unmute,en,,,,
sluk afspilningen,stop,da,,,,
real quick fine yes,confirm,en,,,,
just lower the volume,volumeDown,en,,,,
play whatever you want,playDefault,en,,,,
play music,playDefault,en,,,,
please read out my favorites,listFavorites,en,,,,
kindly play rock,playNamed,en,,,,rock
i would like you to change the volume to 65,setVolume,en,65,,,
would you mind to resume the music,resume,en,,,,
lige vær så venlig at sænke lydstyrken,volumeDown,da,,,,
can you please play number seven,playFavoriteByNumber,en,,,7,
kunne du venligst slukke for musikken,stop,da,,,,
hurtigt vær så venlig at pause afspilningen,pause,da,,,,
can you put on Daft Punk,playNamed,en,,,,Daft Punk
jeg vil gerne have at du spille videre,resume,da,,,,
genoptag nummeret,resume,da,,,,
nu hvordan er vejret,unknown,da,,,,
restore the audio right away,unmute,en,,,,
vil du venligst ophæve grupperingen,leaveSpeaker,da,,,,
stop lydløs nu,unmute,da,,,,
that's correct right now,confirm,en,,,,
kunne du tilslutte kontoret,joinSpeaker,da,,,,
med det samme jeg vil have musikken tilbage,resume,da,,,,
just begin the music,playDefault,en,,,,
kan du afspille NPR,playNamed,da,,,,
just volume down 15,volumeDown,en,,15,,
fine by me,confirm,en,,,,
kunne du venligst spille videre,resume,da,,,,
vær så venlig at frakoble med det samme,leaveSpeaker,da,,,,
drop the sound real quick,mute,en,,,,
genoptag nummeret med det samme,resume,da,,,,
kan du indstille lydstyrken til 65,setVolume,da,65,,,
kan du sætte klassisk musik på,playNamed,da,,,,
kunne du afspille favorit nummer 5,playFavoriteByNumber,da,,,5,
right away unpause it,resume,en,,,,
med det samme stop musikken,stop,da,,,,
kan du venligst forbinde med spisestuen,joinSpeaker,da,,,,
real quick forget about it,cancel,en,,,,
kunne du afspille P4,playNamed,da,,,,
what are my favourites real quick,listFavorites,en,,,,
a bit louder,volumeUp,en,,,,
start musikken med det samme,playDefault,da,,,,
i want to hear the Miles Davis,playNamed,en,,,,Miles Davis
hurtigt nej tak,cancel,da,,,,
venligst tag tråden op igen,resume,da,,,,
could you kindly play favorite 2,playFavoriteByNumber,en,,,2,
nej tak hurtigt,cancel,da,,,,
ophæv gruppen,leaveSpeaker,da,,,,
real quick play again,resume,en,,,,
bare lavere med tredive,volumeDown,da,,30,,
favourite six,playFavoriteByNumber,en,,,6,
vil du sætte lydstyrken til hundrede,setVolume,da,100,,,
kan du venligst ændre lydstyrken til 55,setVolume,da,55,,,
can you turn it down,volumeDown,en,,,,
vil du forbinde med kælderen,joinSpeaker,da,,,,
med det samme skru op med tredive,volumeUp,da,,30,,
now do that,confirm,en,,,,
restore audio right now,unmute,en,,,,
nu sænk lydstyrken med tyve,volumeDown,da,,20,,
bump the volume,volumeUp,en,,,,
put on favorite 8,playFavoriteByNumber,en,,,8,
faktisk nej,cancel,da,,,,
unmute the speaker,unmute,en,,,,
could you bring back the sound,unmute,en,,,,
kunne du venligst spille favorit 5,playFavoriteByNumber,da,,,5,
ville du sænke lydstyrken,volumeDown,da,,,,
lige hvad har jeg gemt,listFavorites,da,,,,
jeg vil bede dig om at spille favorit 3,playFavoriteByNumber,da,,,3,
bare send en sms til min kone,unknown,da,,,,
hæv lydstyrken med fem nu,volumeUp,da,,5,,
how did the lakers do right now,unknown,en,,,,
ville du gruppere med soveværelset,joinSpeaker,da,,,,
fortsæt med musikken med det samme,playDefault,da,,,,
lige nej det er forkert,cancel,da,,,,
real quick disconnect,leaveSpeaker,en,,,,
just no more playing,stop,en,,,,
real quick go ahead and pause it,pause,en,,,,
i want you to play something real quick,playDefault,en,,,,
spil This American Life for mig,playNamed,da,,,,This American Life for mig
now i need you to stop,stop,en,,,,
lige luk for musikken,mute,da,,,,
nu ja tak,confirm,da,,,,
ville du indstille lydstyrken til nul,setVolume,da,0,,,
i'd like you to set volume to 5,setVolume,en,5,,,
kunne du spille favorit 9,playFavoriteByNumber,da,,,9,
please turn it up,volumeUp,en,,,,
right away i'd like you to carry on,resume,en,,,,
turn on the lights now,unknown,en,,,,
turn down the volume right away,volumeDown,en,,,,
vær venlig at fjerne dæmpningen,unmute,da,,,,
would you please change the volume to ninety,setVolume,en,90,,,
må jeg bede dig om at afspille klassisk musik,playNamed,da,,,,
right now i want silence,stop,en,,,,
nu hvad betyder bonjour,unknown,da,,,,
just roll a dice,unknown,en,,,,
højere med femten,volumeUp,da,,15,,
now start the music,playDefault,en,,,,
disconnect from the speakers,leaveSpeaker,en,,,,
continue playing,resume,en,,,,
just turn it up by fifteen,volumeUp,en,,15,,
continue right away,resume,en,,,,
yes please,confirm,en,,,,
lige vent et øjeblik,pause,da,,,,
vær så venlig at spille classical,playNamed,da,,,,
med det samme genoptag,resume,da,,,,
hold pause nu,pause,da,,,,
i need you to pause it right now,pause,en,,,,
bare hvad står der i min kalender,unknown,da,,,,
bestil pizza,unknown,da,,,,
kan du afspille Kim Larsen,playNamed,da,,,,
play my usual right now,playDefault,en,,,,
hurtigt hvordan siger man tak på spansk,unknown,da,,,,
læs favoritterne op,listFavorites,da,,,,
i would like you to pause real quick,pause,en,,,,
pause,pause,both,,,,
vil du ændre lydstyrken til 70,setVolume,da,70,,,
could you kindly separate this speaker,leaveSpeaker,en,,,,
right now i would like you to ungroup,leaveSpeaker,en,,,,
begin the music,playDefault,en,,,,
could you kindly freeze the music,pause,en,,,,
separate this speaker real quick,leaveSpeaker,en,,,,
give me a riddle,unknown,en,,,,
play with the bathroom,joinSpeaker,en,,,,
lige tak,unknown,da,,,,
hvor er mine nøgler hurtigt,unknown,da,,,,
right now go ahead and restore the sound,unmute,en,,,,
ikke alligevel nu,cancel,da,,,,
could you please tell me my favorites,listFavorites,en,,,,
right now i would like you to mute,mute,en,,,,
kunne du sætte lydstyrken til tredive,setVolume,da,30,,,
ville du afspille Miles Davis,playNamed,da,,,,
spil kun her,leaveSpeaker,da,,,,
kunne du venligst gøre det højere,volumeUp,da,,,,
could you join the basement,joinSpeaker,en,,,,
må jeg bede dig om at tænde for lyden,unmute,da,,,,
lige skru op for det,volumeUp,da,,,,
sounds great,confirm,en,,,,
jeg vil gerne have at du indstille lydstyrken til fem,setVolume,da,5,,,
would you resume the music,resume,en,,,,
i would like you to group with the bedroom,joinSpeaker,en,,,,
kan du venligst hæve lydstyrken,volumeUp,da,,,,
quickly raise the volume by 30,volumeUp,en,,30,,
now go ahead and make it louder,volumeUp,en,,,,
nu lås døren,unknown,da,,,,
kan du venligst afspille favorit nummer 7,playFavoriteByNumber,da,,,7,
right now list favorites,listFavorites,en,,,,
would you mind to pause it,pause,en,,,,
afslut musikken med det samme,stop,da,,,,
kan du spille study music,playNamed,da,,,,
i would like you to set volume to 15,setVolume,en,15,,,
vær så venlig at fjerne lydløs,unmute,da,,,,
bare lidt højere,volumeUp,da,,,,
i want you to play jazz,playNamed,en,,,,jazz
del fra gruppen,leaveSpeaker,da,,,,
jeg vil bede dig om at spille favorit 1,playFavoriteByNumber,da,,,1,
play my 1 favorite,playFavoriteByNumber,en,,,1,
spil noget nu,playDefault,da,,,,
not now,cancel,en,,,,
gør det med det samme,confirm,da,,,,
oversæt dette til tysk nu,unknown,da,,,,
play right away,playDefault,en,,,,
yes now,confirm,en,,,,
sover du,unknown,da,,,,
go independent right away,leaveSpeaker,en,,,,
skru lidt ned med det samme,volumeDown,da,,,,
lige enig,confirm,da,,,,
how did the lakers do,unknown,en,,,,
hurtigt jow,confirm,da,,,,
now increase the volume,volumeUp,en,,,,
give me sound back,unmute,en,,,,
lige midlertidig stop,pause,da,,,,
quickly volume down 30,volumeDown,en,,30,,
kindly play The Beatles,playNamed,en,,,,Beatles
jeg vil bede dig om at afspille favorit nummer 6,playFavoriteByNumber,da,,,6,
i need you to carry on,resume,en,,,,
can you play something,playDefault,en,,,,
real quick do not do that,cancel,en,,,,
that is correct,confirm,en,,,,
turn the volume down,volumeDown,en,,,,
hold the music right now,pause,en,,,,
right away proceed,confirm,en,,,,
now lower the volume by 5,volumeDown,en,,5,,
restore the sound,unmute,en,,,,
tilbage til afspilningen med det samme,resume,da,,,,
would you please show me my favorites,listFavorites,en,,,,
hvordan staves nødvendig med det samme,unknown,da,,,,
vær venlig at slukke for musikken,stop,da,,,,
quickly drop the audio,mute,en,,,,
jeg vil have lydstyrke femoghalvfjerds,setVolume,da,75,,,
go ahead and list my favorites,listFavorites,en,,,,
right away what's on the favorites list,listFavorites,en,,,,
afbryd musikken nu,pause,da,,,,
sluk med det samme,stop,da,,,,
right away go ahead and disconnect,leaveSpeaker,en,,,,
could you list my favorites,listFavorites,en,,,,
fjern dæmpningen,unmute,da,,,,
nu frakobl fra gruppen,leaveSpeaker,da,,,,
what time is it right away,unknown,en,,,,
gør det lidt højere,volumeUp,da,,,,
venligst afslut sangen,stop,da,,,,
who made you right now,unknown,en,,,,
godt,confirm,da,,,,
spil favorit nummer 9,playFavoriteByNumber,da,,,9,
quickly go ahead and separate this speaker,leaveSpeaker,en,,,,
now i need you to mute,mute,en,,,,
could you please pause it,pause,en,,,,
må jeg bede dig om at tænde lyden igen,unmute,da,,,,
det er forkert,cancel,da,,,,
just i want you to play something,playDefault,en,,,,
bare fortryd det,cancel,da,,,,
hurtigt skru ned 10,volumeDown,da,,10,,
real quick turn it down by ten,volumeDown,en,,10,,
real quick go quiet,mute,en,,,,
calculate the tip right now,unknown,en,,,,
real quick confirmed,confirm,en,,,,
ville du sætte Adele på,playNamed,da,,,,
hurtigt lyder godt,confirm,da,,,,
can you put the volume at 30,setVolume,en,30,,,
start Radio 24syv,playNamed,da,,,,Radio 24syv
stop afspilningen,stop,da,,,,
hurtigt hæv lydstyrken med 30,volumeUp,da,,30,,
vil du venligst spille favorit 6,playFavoriteByNumber,da,,,6,
lige lyd tilbage,unmute,da,,,,
real quick leave the speakers,leaveSpeaker,en,,,,
real quick what presets do i have,listFavorites,en,,,,
i want you to pause right away,pause,en,,,,
vil du mute,mute,da,,,,
join kælderen,joinSpeaker,da,,,,
right now stop it,stop,en,,,,
vær så venlig at slukke for lyden,mute,da,,,,
yes thanks now,confirm,en,,,,
jeg vil bede dig om at sætte lydstyrken til tredive,setVolume,da,30,,,
luk for lyden,mute,da,,,,
i need you to read out my favorites,listFavorites,en,,,,
leave group,leaveSpeaker,en,,,,
næ nu,cancel,da,,,,
put on some tunes right away,playDefault,en,,,,
bare vis mig mine favoritter,listFavorites,da,,,,
okay right away,confirm,en,,,,
real quick go ahead and ungroup,leaveSpeaker,en,,,,
go ahead and unpause now,resume,en,,,,
stop right there right now,cancel,en,,,,
indstil lydstyrken til 60,setVolume,da,60,,,
skift lydstyrken til halvfjerds,setVolume,da,70,,,
lige lås døren,unknown,da,,,,
stop the track right away,stop,en,,,,
sænk lydstyrken med femogtyve,volumeDown,da,,25,,
nu kør bare på,confirm,da,,,,
skru ned med 15 med det samme,volumeDown,da,,15,,
kan du venligst tilslutte spisestuen,joinSpeaker,da,,,,
kunne du venligst ændre lydstyrken til halvtreds,setVolume,da,50,,,
alright then,confirm,en,,,,
kunne du fortsætte musikken,resume,da,,,,
i would like you to play number 10,playFavoriteByNumber,en,,,10,
right now exit mute,unmute,en,,,,
volume up 30 right away,volumeUp,en,,30,,
turn off the audio right now,stop,en,,,,
freeze playback right now,pause,en,,,,
bring back the sound,unmute,en,,,,
go ahead and put on This American Life,playNamed,en,,,,This American Life
må jeg bede dig om at afspille study music,playNamed,da,,,,
vil du afspille favorit nummer 6,playFavoriteByNumber,da,,,6,
resume the song right away,resume,en,,,,
vær så venlig at afspille musik,playDefault,da,,,,
right away will it snow this weekend,unknown,en,,,,
lige fortæl mig favoritlisten,listFavorites,da,,,,
i orden,confirm,da,,,,
venligst afslut lydløs,unmute,da,,,,
right away no more playing,stop,en,,,,
nu lyder rigtigt,confirm,da,,,,
i'd like you to make it quieter,volumeDown,en,,,,
halt it,pause,en,,,,
i want to hear the Radio 24syv,playNamed,en,,,,Radio 24syv
turn it up by 25 right now,volumeUp,en,,25,,
kunne du venligst ændre lydstyrken til 40,setVolume,da,40,,,
kunne du sætte på pause,pause,da,,,,
link to the garden,joinSpeaker,en,,,,
vær så venlig at fjerne dæmpningen hurtigt,unmute,da,,,,
hurtigt vent nej,cancel,da,,,,
